trial,wf_score,donchian_lookback,volume_lookback,volume_mult,atr_stop_mult,atr_tp_mult,min_holding_bars,max_holding_bars,trend_sma_period,volatility_min,volatility_max,use_trend_filter,allow_long,allow_short,wf_rank,validation_total_trades,validation_win_rate,validation_profit_factor,validation_sharpe_ratio,validation_sortino_ratio,validation_calmar_ratio,validation_total_return_pct,validation_max_drawdown_pct,validation_max_drawdown_r,validation_avg_drawdown_r,validation_expectancy,validation_expectancy_r,validation_avg_win,validation_avg_loss,validation_avg_win_r,validation_avg_loss_r,validation_avg_r_multiple,validation_payoff_ratio,validation_trades_per_day,validation_avg_holding_bars,validation_max_consecutive_losses,validation_exposure_pct,validation_total_fees,validation_total_slippage
189,-999966,20,30,0.5458215397398221,1.2439937429441041,9.463202549274856,2,24,50,0.002,0.2,False,True,True,1,21,0.3333333333333333,1.4365500560048754,2.2379973227396506,8.808716980026327,1.0930790326492505,6.15076103823664,3.9403990000000095,4.0,2.1779761991136954,292.8933827731736,0.3066795763439095,2891.4622708573943,-1006.3910612689366,2.861252876776479,-0.9706070738723752,0.3066795763439095,2.8731001120097512,0.04061895551257253,11,4,0.45366795366795365,834.9686526205887,1694.490429719275
143,-999987,55,20,0.8805605011819255,0.8599158539420985,4.943367463075836,5,72,200,0.0005,0.2,True,True,False,2,10,0.2,1.09769901172051,0.5028652221083612,39389241842088.51,0.18834580533918868,0.7927407546967589,2.970099999999998,3.0,1.875,79.2740754696739,0.10278447212993651,4453.426537571114,-1014.2640400556861,4.5139223606496826,-1.0,0.10278447212993651,4.39079604688204,0.019342359767891684,14,3,0.27606177606177607,599.5424026338053,1201.8797482338812
121,-999989,8,150,1.5229624051106883,1.1849744093304975,11.494693750148699,4,24,100,0.001,0.2,True,True,True,3,13,0.23076923076923078,1.5243174141325226,1.9238625780631984,0.0,0.6485213249620294,5.413940835860457,5.851985059899984,6.0,2.7125462160904057,416.45698737387977,0.44458644719292467,5246.544728278783,-1032.5693348975913,5.259874604502674,-1.0,0.44458644719292467,5.081058047108408,0.025145067698259187,8,6,0.22393822393822393,542.6707283357412,1121.2285419124964
260,-999990,10,200,1.077781560324686,1.3993862240324215,12.073736630144841,3,36,300,0.0005,0.2,True,False,True,4,1,0.0,0.0,-3.4202718002551915,0.0,-0.7075210175509938,-1.0,1.0,0.9999999999999999,0.9999999999999999,-1000.0,-0.9999999999999999,0.0,-1000.0,0.0,-0.9999999999999999,-0.9999999999999999,0.0,0.0019342359767891683,3,1,0.005791505791505791,29.30915151026679,60.55604417829682
153,-999991,10,20,1.269567929669693,1.0035773259189271,9.268890418775726,6,72,300,0.003,0.2,True,True,False,5,9,0.4444444444444444,4.178670481220449,4.681712229261965,393731163034129.44,2.890732796317462,16.496500121049813,3.9403989999999935,4.0,2.2,1832.9444578944222,1.768675375496876,5421.562136319129,-1037.9496848453432,5.229519594867972,-1.0,1.768675375496876,5.223338101525561,0.017408123791102514,27,4,0.4806949806949807,449.3113200594699,932.5857765900282
165,-999991,55,100,0.9247965820218877,2.807673720883498,2.088902563507074,4,48,200,0.002,0.2,False,True,False,6,10,0.8,3.140280482657128,5.605849746579353,1.7673658950550006,2.4810062054019357,3.5297997859474273,1.0000000000000049,1.0,0.7905897674984135,352.9799785947432,0.3491669051772316,647.377847513279,-824.6114970794002,0.6339238460845558,-0.7898608584520652,0.3491669051772316,0.7850701206642821,0.019342359767891684,7,1,0.15057915057915058,211.88313342808587,431.26632449189646
312,-999992,10,75,1.5899937557303232,2.161892858571274,7.899550258726275,6,72,600,0.001,0.2,True,True,True,7,8,0.375,2.010242650138783,2.8612668487948194,6.493368457876831,1.7622076843285912,4.9996730495198864,1.9900000000000102,2.0,1.3475976232903748,624.9591311899852,0.6322672674725318,3316.218468079127,-989.7964709434998,3.265375418744043,-0.9475976232903747,0.6322672674725318,3.350404416897972,0.015473887814313346,15,2,0.24517374517374518,214.02051956233024,438.49103500123647
407,-999992,120,10,0.6666697875836898,0.6145945705650404,3.4952837942304513,5,24,100,0.001,0.2,True,True,False,8,10,0.3,1.693567788962152,2.3694204075577163,187383616844290.38,1.1980965309114047,5.073877494971893,2.9701000000000035,3.0,1.7142857142857142,507.38774949718993,0.5227406993850596,4129.832068990591,-1045.0883874285535,4.0758023312835325,-1.0,0.5227406993850596,3.9516581742450216,0.019342359767891684,7,3,0.1525096525096525,772.8457391661622,1557.414541351702
94,-999995,8,14,0.6607613463993726,2.210093937324729,9.92421844377514,1,36,100,0.001,0.12,True,True,False,9,7,0.42857142857142855,1.966149620454463,2.3647820127585737,0.0,0.964529330402059,4.078960547063689,2.9701000000000044,3.0,1.975437027942624,582.7086495805273,0.596585872252987,2766.944360607274,-1055.4681336895328,2.725367035256969,-1.0,0.596585872252987,2.6215328272726177,0.013539651837524178,13,3,0.1776061776061776,192.72791755981586,394.0178748742362
146,-999995,10,100,0.8739042390434477,2.255774318986193,3.7771006227707167,3,48,400,0.0005,0.12,False,True,False,10,8,0.5,1.102516281623941,0.4961571673069136,0.0,0.14749344648949894,0.4157102064218198,1.9900000000000024,2.0,1.3758856894231848,51.96377580272787,0.05827909905086902,1117.6938525203827,-1013.766300914927,1.116558198101738,-1.0,0.05827909905086902,1.102516281623941,0.015473887814313346,11,2,0.1833976833976834,212.01312265078263,425.2859039966456
305,-999995,40,20,0.8705136615389527,1.1393770310013718,9.696377294129796,1,48,200,0.0005,0.12,False,True,False,11,6,0.5,4.597408669128228,3.8261124614327313,265883515802451.0,7.958756222589746,11.448822083414678,1.0000000000000058,1.0000000000000002,0.9455508648159032,1908.1370139024464,1.8884301359909141,4877.113754065324,-1060.8397262604317,4.776860271981828,-1.0,1.8884301359909141,4.597408669128227,0.01160541586073501,11,1,0.13513513513513514,307.24219986531386,638.0461047387383
594,-999995,40,20,2.410615100351733,2.304234369235557,1.6030191603670043,1,36,100,0.0,0.2,False,True,True,12,4,0.75,1.7072008573044801,1.7435139628500145,0.0,0.5019465972004675,0.71122989205872,0.9999999999999938,1.0,0.7103162814384404,177.80747301467775,0.17966267263437394,572.309016560121,-1005.6971576216519,0.5728835635124986,-1.0,0.17966267263437394,0.5690669524348267,0.007736943907156673,4,1,0.032818532818532815,92.92074794472477,189.0137593290542
170,-999996,10,10,1.1249569811965505,1.273225487106918,1.6944174461556647,6,24,100,0.0005,0.12,True,True,False,13,12,0.4166666666666667,0.7097893989042038,-1.9745618139951944,-71737670987662.36,-0.3620464674529014,-2.040227987280581,3.9932274511587242,4.045449992944997,2.1227967204714897,-170.0189989400494,-0.16677107340849742,997.9871109128844,-1004.3090774064309,0.9997494238196062,-1.0,-0.16677107340849742,0.9937051584658853,0.02321083172147002,7,4,0.18146718146718147,534.1627371915075,1065.311580868158
238,-999996,30,200,1.9048448996837015,1.755020783699727,2.9013779594446953,4,48,50,0.0005,0.2,True,False,True,14,3,0.0,0.0,-5.935598800254443,0.0,-0.7095993032071732,-2.9701000000000057,2.9701000000000057,3.0,2.0,-990.0333333333334,-1.0,0.0,-990.0333333333334,0.0,-1.0,-1.0,0.0,0.005802707930367505,5,3,0.03088803088803089,75.47592660640164,156.73014978389568
326,-999996,10,50,1.0011704197485054,2.9134290909081044,7.393132697624713,1,36,600,0.001,0.12,True,True,True,15,7,0.5714285714285714,2.297686833258126,3.154462984256674,0.0,2.812510163362909,4.0041538040195155,1.0000000000000056,1.0,0.9761333290357272,572.021972002789,0.5742741442509364,1772.4406301358465,-1028.5362388412877,1.7549797524391386,-1.0,0.5742741442509364,1.7232651249435946,0.013539651837524178,16,1,0.22586872586872586,152.392124998175,313.1152204989802
102,-999997,10,150,1.8582961061093675,1.925638066208816,3.0820083795845026,5,24,400,0.001,0.2,True,True,False,16,6,0.6666666666666666,2.749462571498915,3.879956118896008,67361573606272.24,2.4801682978914164,3.528601618110712,1.0,1.0,1.0,588.1002696851156,0.5859234197939855,1386.391203330165,-1008.4815976049827,1.378885129690978,-1.0,0.5859234197939855,1.3747312857494576,0.01160541586073501,8,1,0.09652509652509653,179.57785578902124,366.5883695972144
112,-999997,30,100,0.7045546887803357,1.6714591511164145,5.184600993037409,6,36,100,0.003,0.12,True,True,False,17,6,0.5,1.7858847523896693,2.030044636894765,0.0,1.6867407308424658,2.395867423411124,1.0000000000000044,1.0,0.9606672323406887,399.3112372351914,0.40861854778394363,1814.8306042781967,-1016.2081298078139,1.8172370955678874,-1.0,0.40861854778394363,1.7858847523896695,0.01160541586073501,14,1,0.16216216216216217,211.62344778684715,428.47402117565326
177,-999997,16,200,2.281708052140739,2.5120443537156105,1.9261781847771844,6,24,100,0.001,0.2,True,True,False,18,4,1.0,inf,6.818447073504028,0.0,0.0,2.495544076005972,0.0,0.0,0.0,623.8860190014956,0.6181544073726614,623.8860190014956,0.0,0.6181544073726614,0.0,0.6181544073726614,0.0,0.007736943907156673,10,0,0.08108108108108109,80.53350186834672,166.23012812326576
241,-999997,10,150,2.934660570088235,2.488899317127744,7.183613209216764,6,24,200,0.0,0.2,False,False,True,19,1,0.0,0.0,-3.4202718002551915,0.0,-0.7075210175509938,-1.0,1.0,1.0,1.0,-1000.0000000000001,-1.0,0.0,-1000.0000000000001,0.0,-1.0,-1.0,0.0,0.0019342359767891683,17,1,0.032818532818532815,13.056661679868322,28.083374596522354
244,-999997,30,50,0.5943392626057414,1.1713182488855354,2.7722893840369522,1,72,150,0.001,0.12,True,True,False,20,8,0.5,1.8135033102908276,2.7495425458316074,0.0,2.348839103163577,3.340857448672701,1.000000000000006,1.0000000000000002,1.0,417.60718108409014,0.4216958139705024,1861.9027008666312,-1026.688338698451,1.843391627941005,-1.0,0.4216958139705024,1.8135033102908276,0.015473887814313346,6,1,0.10038610038610038,391.1149883471777,789.7120083061757
499,-999997,30,10,1.1822318133344119,3.051373801865885,6.497786264559364,6,24,100,0.003,0.12,True,True,False,21,5,0.6,1.6571571471340385,1.6933255491223924,26015127263049.445,0.9372035493464548,1.3291604538598767,1.0,1.0,0.9695094095514044,265.8320907719743,0.27154126335770407,1117.2506481936632,-1011.2957453605588,1.1192354389295067,-1.0,0.27154126335770407,1.1047714314226924,0.009671179883945842,18,1,0.17374517374517376,101.60860520634346,206.08529594823784
6,-999998,24,30,2.9611419028064176,1.6045786776249154,11.430723845261772,6,24,200,0.0005,0.2,False,True,True,22,4,0.25,1.3951561064079359,0.9515712491578167,0.0,0.42182537182137175,1.1902591244997458,1.9900000000000002,2.0000000000000004,1.3333333333333337,297.56478112493664,0.32192708755232824,4202.382954040148,-1004.0412765134673,4.287708350209313,-1.0000000000000002,0.32192708755232824,4.185468319223808,0.007736943907156673,15,2,0.11583011583011583,114.67419754551382,243.67941039474186
52,-999998,40,30,2.3329159284018837,2.533781221455986,2.5932342808887023,3,24,600,0.0,0.12,False,True,True,23,2,0.5,0.8768178040901272,-0.29244064121548313,0.0,-0.08704146072310293,-0.12318219590987428,1.0,1.0,0.5571627252070066,-61.5910979549364,-0.05716272520700655,876.8178040901271,-999.9999999999999,0.8856745495859869,-1.0,-0.05716272520700655,0.8768178040901272,0.0038684719535783366,10,1,0.03861003861003861,41.11566871368997,82.39547179755073
99,-999998,8,20,1.1406751422978607,3.3651366826356655,2.552651291808837,3,72,50,0.0005,0.05,True,True,True,24,0,0.0,0.0,0.0,0.0,0.0,0.0,0.0,0.0,0.0,0.0,0.0,0.0,0.0,0.0,0.0,0.0,0.0,0.0,0,0,0.0,0.0,0.0
142,-999998,8,5,2.154227057131717,2.605236812333883,3.814601261586345,4,48,200,0.001,0.2,True,True,True,25,4,0.75,3.9055236296892923,4.043813316055752,0.0,2.0705266914956306,2.9433214080461623,1.0000000000000013,1.0000000000000002,1.0000000000000002,735.8303520115408,0.7328521749321977,1318.7767821990274,-1013.0089385509189,1.3104695665762636,-1.0000000000000002,0.7328521749321977,1.301841209896431,0.007736943907156673,14,1,0.11003861003861004,75.50690053046462,161.06558080243536
215,-999998,80,20,1.7054380454401386,1.0322438834536856,3.9259284897635083,6,48,600,0.0005,0.2,True,False,True,26,0,0.0,0.0,0.0,0.0,0.0,0.0,0.0,0.0,0.0,0.0,0.0,0.0,0.0,0.0,0.0,0.0,0.0,0.0,0,0,0.0,0.0,0.0
242,-999998,12,150,1.6354457806391909,2.313970107920598,3.9563728193106606,2,24,200,0.0005,0.2,True,True,False,27,8,0.5,1.4582279121813182,1.7979414016009918,1.721377654029118,0.6067661663963947,1.713405641062287,1.9899999999999938,2.0,1.0337563692953662,214.17570513278594,0.21928104173653207,1363.1513185175065,-934.7999082519347,1.3619141828074222,-0.9233520993343579,0.21928104173653207,1.4582279121813182,0.015473887814313346,9,2,0.14285714285714285,202.26475207280393,408.37014109401144
294,-999998,40,20,2.966110890364409,3.491161572689114,11.922278789581846,1,36,300,0.0,0.2,False,True,True,28,2,1.0,inf,4.073643138213185,0.0,0.0,2.992464258478212,0.0,0.0,0.0,1496.2321292391066,1.48969694420457,1496.2321292391066,0.0,1.48969694420457,0.0,1.48969694420457,0.0,0.0038684719535783366,35,0,0.13513513513513514,32.647069325803145,69.09725304539857
351,-999998,8,20,1.118423894321867,1.779178659010511,10.359131595174253,3,72,400,0.002,0.12,True,True,False,29,7,0.42857142857142855,2.5051003123963804,2.9091756468734675,0.0,2.221643611958373,6.314874391967096,1.9900000000000015,2.0,1.370208221959501,902.1249131381588,0.9139603859616866,3503.5081896243623,-1048.9125442264938,3.4659075672439354,-1.0,0.9139603859616866,3.3401337498618404,0.013539651837524178,14,2,0.19305019305019305,233.29309493962668,479.710636365558
373,-999998,55,30,2.2315152218519407,1.5310337274729693,11.68438055694719,2,48,50,0.001,0.2,True,True,False,30,2,0.5,6.702709023899723,2.882998660390407,0.0,3.995932411492409,5.702709023899718,1.0,0.9999999999999999,0.9999999999999999,2851.354511949861,2.885206577727132,6702.709023899722,-999.9999999999999,6.770413155454264,-0.9999999999999999,2.885206577727132,6.702709023899723,0.0038684719535783366,22,1,0.08494208494208494,68.93903403200187,149.44504855229198
405,-999998,12,200,1.6278227525009072,2.3198803059404005,12.776199518646067,3,36,150,0.002,0.12,True,True,False,31,3,0.3333333333333333,2.3990463452530233,1.9559178611464245,0.0,2.006924117989674,2.8525358849484035,1.0000000000000047,1.0000000000000002,1.0,950.8452949828007,0.980286326207667,4891.450388836771,-1019.457251944184,4.940858978623001,-1.0,0.980286326207667,4.798092690506047,0.005802707930367505,10,1,0.059845559845559844,84.59329235133048,175.07329186713702
539,-999998,16,14,2.501701839933164,1.8194451626590604,11.894254165465314,1,72,400,0.0005,0.2,True,True,True,32,2,0.5,5.8353204034001545,2.7990954084934243,0.0,3.392306045113669,4.835320403400154,1.0,0.9999999999999999,0.9999999999999999,2417.660201700077,2.447131516868764,5835.320403400154,-999.9999999999999,5.894263033737528,-0.9999999999999999,2.447131516868764,5.8353204034001545,0.0038684719535783366,50,1,0.19498069498069498,58.982964962822756,127.77462497434573
548,-999998,30,50,2.8430987550542235,1.4301230913731073,2.903978708075822,5,36,300,0.003,0.2,False,True,True,33,4,0.25,0.5583477201623871,-1.8132081149711121,0.0,-0.31262246455762394,-1.3117514363457012,2.9701000000000057,3.0,1.8227222836325954,-327.93785908642354,-0.32272228363259525,1658.3485636543057,-990.0333333333333,1.709110865469619,-1.0,-0.32272228363259525,1.6750431604871612,0.007736943907156673,5,3,0.04247104247104247,125.60679772496295,256.5058346136085
584,-999998,160,100,2.507407466425318,2.814589834377884,7.7607880897014745,1,72,400,0.001,0.2,False,True,True,34,2,0.5,2.518244828967121,1.9304673690115954,0.0,1.0702346828298737,1.5182448289671155,1.0,0.9999999999999999,0.9999999999999999,759.1224144835605,0.7718408227106672,2518.244828967121,-1000.0,2.5436816454213345,-0.9999999999999999,0.7718408227106672,2.518244828967121,0.0038684719535783366,38,1,0.14671814671814673,39.36651939314929,81.85481934768933
16,-999999,12,20,2.266584227819828,0.5654864055749355,3.6184734941138053,5,48,400,0.0,0.08,False,True,False,35,0,0.0,0.0,0.0,0.0,0.0,0.0,0.0,0.0,0.0,0.0,0.0,0.0,0.0,0.0,0.0,0.0,0.0,0.0,0,0,0.0,0.0,0.0
34,-999999,55,75,1.1670227760977792,2.8679738446368983,2.115998300500155,5,36,50,0.002,0.08,True,True,True,36,0,0.0,0.0,0.0,0.0,0.0,0.0,0.0,0.0,0.0,0.0,0.0,0.0,0.0,0.0,0.0,0.0,0.0,0.0,0,0,0.0,0.0,0.0
44,-999999,8,50,2.0831630924027635,2.6828113662999264,6.157803061430818,3,36,150,0.002,0.08,False,True,True,37,0,0.0,0.0,0.0,0.0,0.0,0.0,0.0,0.0,0.0,0.0,0.0,0.0,0.0,0.0,0.0,0.0,0.0,0.0,0,0,0.0,0.0,0.0
81,-999999,24,50,1.0026297401910924,1.306764621047439,9.64309668693912,6,24,100,0.003,0.08,True,True,False,38,0,0.0,0.0,0.0,0.0,0.0,0.0,0.0,0.0,0.0,0.0,0.0,0.0,0.0,0.0,0.0,0.0,0.0,0.0,0,0,0.0,0.0,0.0
83,-999999,10,10,2.231374382824808,1.5759258063471822,11.767822174183806,6,36,200,0.0,0.12,False,True,False,39,0,0.0,0.0,0.0,0.0,0.0,0.0,0.0,0.0,0.0,0.0,0.0,0.0,0.0,0.0,0.0,0.0,0.0,0.0,0,0,0.0,0.0,0.0
125,-999999,24,30,1.5380450459852721,2.778637435675575,7.150309318883018,3,48,150,0.001,0.08,True,True,False,40,0,0.0,0.0,0.0,0.0,0.0,0.0,0.0,0.0,0.0,0.0,0.0,0.0,0.0,0.0,0.0,0.0,0.0,0.0,0,0,0.0,0.0,0.0
169,-999999,12,50,1.7445302261847073,3.1070705190812835,11.402775970552682,1,24,100,0.003,0.08,True,True,False,41,0,0.0,0.0,0.0,0.0,0.0,0.0,0.0,0.0,0.0,0.0,0.0,0.0,0.0,0.0,0.0,0.0,0.0,0.0,0,0,0.0,0.0,0.0
186,-999999,20,5,1.3633579481266709,2.1687978628269593,7.456595515137497,1,24,300,0.001,0.05,False,True,True,42,0,0.0,0.0,0.0,0.0,0.0,0.0,0.0,0.0,0.0,0.0,0.0,0.0,0.0,0.0,0.0,0.0,0.0,0.0,0,0,0.0,0.0,0.0
198,-999999,10,75,1.4951550862548526,3.4304850282174453,3.4435692720464957,6,24,300,0.002,0.12,True,True,False,43,5,0.6,1.7929079677988347,2.143160489045419,0.4876861523817467,0.8323157662680991,1.1801507256689656,1.0,1.0,0.5326413187387088,236.03014513379526,0.2382517286456613,889.5112359337946,-744.1914910662038,0.8905421751088182,-0.740183941049074,0.2382517286456613,1.1952719785325565,0.009671179883945842,12,1,0.11969111969111969,93.06526857438185,188.68281673249038
214,-999999,120,5,1.4356942660541774,1.291269902991639,8.583322530413705,3,24,300,0.001,0.12,True,True,False,44,5,0.2,1.3549498551794896,0.9276360674344032,0.0,0.3459000788922106,1.457290321670691,2.970099999999998,3.0,1.75,291.45806433413827,0.3238208915047839,5562.91341294868,-1026.4057728194973,5.619104457523919,-1.0,0.3238208915047839,5.4197994207179585,0.009671179883945842,5,3,0.055984555984555984,218.84734429456708,441.05543269345895
219,-999999,10,14,3.1893613887004277,1.7153709382298619,9.963716432782377,2,36,600,0.003,0.12,False,True,True,45,1,0.0,0.0,-3.4202718002551915,0.0,-0.7075210175509938,-1.0,1.0,0.9999999999999999,0.9999999999999999,-1000.0,-0.9999999999999999,0.0,-1000.0,0.0,-0.9999999999999999,-0.9999999999999999,0.0,0.0019342359767891683,4,1,0.007722007722007722,32.429287236857654,66.79011277684252
243,-999999,160,5,1.7519389921167514,1.1972792799305219,9.409048730320636,6,72,600,0.0,0.2,False,True,False,46,4,0.5,6.608730649115053,4.0680477197517035,0.0,8.012354728298416,11.527149787131348,1.0000000000000062,1.0,1.0,2881.7874467828387,2.836590684774176,6791.182609845484,-1027.6077162798067,6.673181369548352,-1.0,2.836590684774176,6.608730649115053,0.007736943907156673,14,1,0.11003861003861004,191.98040383149936,407.4475743559782
285,-999999,160,100,2.8115619218481505,2.911657717620867,9.556177347823699,5,72,600,0.003,0.2,False,True,True,47,2,0.5,9.512918556625932,3.0445959676863854,0.0,5.990496703058819,2.7172931471572666,0.31919642236472284,0.31919642236472345,0.31919642236472345,1358.6465735786314,1.3635082749913026,3036.489569521986,-319.19642236472345,3.0462129723473286,-0.31919642236472345,1.3635082749913026,9.512918556625932,0.0038684719535783366,49,1,0.19111969111969113,38.25474073230707,82.03192755965466
287,-999999,120,75,0.8749518702803597,1.4658390008724962,6.345827037863037,4,36,200,0.002,0.12,False,True,False,48,5,0.2,0.8911625645129471,-0.2931353605250287,-9661953345982.217,-0.10485237833190862,-0.4405228658940759,2.9701000000000097,3.0,1.75,-88.10457317881367,-0.07131154040376833,3607.0078750013467,-1011.8826852238537,3.6434422979811583,-1.0,-0.07131154040376833,3.5646502580517883,0.009671179883945842,8,3,0.07722007722007722,196.3857777005781,392.2838738119058
325,-999999,20,5,1.3796913246859204,3.2251698988204165,4.730587739470785,3,36,300,0.003,0.12,True,True,False,49,6,0.6666666666666666,1.9992363134068414,2.599277152094703,0.0,1.4286135226413643,2.028142541936817,1.0,1.0,0.9710364221158333,338.0237569894677,0.34063728615523203,1014.4587832233902,-1014.846295478377,1.010955929232848,-1.0,0.34063728615523203,0.9996181567034207,0.01160541586073501,16,1,0.18532818532818532,116.88655412261343,238.07269884452487
333,-999999,20,14,1.7296129287428472,0.7370283938619498,4.861615845368913,1,24,100,0.0005,0.08,False,True,False,50,0,0.0,0.0,0.0,0.0,0.0,0.0,0.0,0.0,0.0,0.0,0.0,0.0,0.0,0.0,0.0,0.0,0.0,0.0,0,0,0.0,0.0,0.0
342,-999999,20,150,0.8208962208637717,3.072798855293807,3.381946311348859,3,36,50,0.001,0.05,False,True,False,51,0,0.0,0.0,0.0,0.0,0.0,0.0,0.0,0.0,0.0,0.0,0.0,0.0,0.0,0.0,0.0,0.0,0.0,0.0,0,0,0.0,0.0,0.0
378,-999999,16,50,2.2132341716993267,1.2017045916234714,2.1986050103725856,2,24,100,0.0005,0.08,True,True,True,52,0,0.0,0.0,0.0,0.0,0.0,0.0,0.0,0.0,0.0,0.0,0.0,0.0,0.0,0.0,0.0,0.0,0.0,0.0,0,0,0.0,0.0,0.0
411,-999999,55,10,2.0164975709170414,1.7783857079060215,7.048544248170191,5,48,200,0.001,0.2,True,True,False,53,2,1.0,inf,3.6512424904280967,0.0,0.0,3.7869698692300884,0.0,0.0,0.0,1893.4849346150502,1.8891211158518444,1893.4849346150502,0.0,1.8891211158518444,0.0,1.8891211158518444,0.0,0.0038684719535783366,30,0,0.11583011583011583,60.58373475046405,128.87848243723502
449,-999999,12,100,1.0729682671340985,1.2132104140525097,13.179299661599844,2,72,400,0.003,0.05,False,True,False,54,0,0.0,0.0,0.0,0.0,0.0,0.0,0.0,0.0,0.0,0.0,0.0,0.0,0.0,0.0,0.0,0.0,0.0,0.0,0,0,0.0,0.0,0.0
497,-999999,160,5,1.7905222092774793,0.9156614130671119,9.571139895687738,2,24,100,0.003,0.12,False,True,True,55,3,0.3333333333333333,4.008763470074914,2.56810352687985,0.0,4.367365168072923,6.237485339177292,1.0,1.0000000000000002,1.0,2079.1617797257654,2.1315122059576566,8310.591251694239,-1036.552956258471,8.39453661787297,-1.0,2.1315122059576566,8.017526940149828,0.005802707930367505,6,1,0.03474903474903475,187.20109636968726,387.27881347146314
500,-999999,40,150,0.6604866545045465,3.359363828282216,8.529755308657808,3,36,600,0.003,0.08,False,True,False,56,0,0.0,0.0,0.0,0.0,0.0,0.0,0.0,0.0,0.0,0.0,0.0,0.0,0.0,0.0,0.0,0.0,0.0,0.0,0,0,0.0,0.0,0.0
535,-999999,16,200,1.9967658502210053,3.411160346408096,8.678280328408572,5,48,100,0.0005,0.12,True,True,True,57,3,0.6666666666666666,2.6170395433306823,2.2369029215635123,0.0,1.1661852099932932,1.65468873188016,1.000000000000004,1.0,0.8274059752022576,551.5629106267247,0.5578222764888504,1338.9857598394424,-1023.2827877987105,1.3367334147332757,-1.0,0.5578222764888504,1.3085197716653412,0.005802707930367505,24,1,0.14285714285714285,52.086926554098596,110.16197907141944
555,-999999,160,5,1.31654187478532,2.048039833344144,6.115765172376836,6,72,200,0.0005,0.12,True,True,True,58,5,0.2,0.6864292478918531,-1.2060009408992336,-1.5326376323561965,-0.30618231306098614,-1.1896850888255286,2.749876056668931,2.7753046185786507,1.6938261546446627,-237.93701776510784,-0.2289382098082599,2604.307433841978,-948.4981306668792,2.6306135695373514,-0.9438261546446628,-0.2289382098082599,2.7457169915674124,0.009671179883945842,7,3,0.07142857142857142,142.54035561806555,282.9833651242417
566,-999999,24,10,2.0047508443142577,1.1709251593651233,5.379436059585889,5,72,150,0.0,0.08,True,True,True,59,1,0.0,0.0,-3.420271800255192,0.0,-0.7075210175509938,-1.0,1.0,1.0,1.0,-1000.0,-1.0,0.0,-1000.0,0.0,-1.0,-1.0,0.0,0.0019342359767891683,5,1,0.009652509652509652,43.11686524276732,88.14402179859862
575,-999999,10,5,2.3264862086084395,3.036540795921173,6.997243107618539,2,48,300,0.0,0.2,True,True,False,60,1,1.0,inf,3.4202718002551924,0.0,0.0,2.129452929915133,0.0,0.0,0.0,2129.4529299151295,2.1294529299151295,2129.4529299151295,0.0,2.1294529299151295,0.0,2.1294529299151295,0.0,0.0019342359767891683,13,0,0.025096525096525095,17.666317541165643,39.63562059671561
583,-999999,20,30,1.7881317001260861,2.0880893662209337,2.7818542571015072,5,72,100,0.003,0.08,True,True,False,61,,,,,,,,,,,,,,,,,,,,,,,,
595,-999999,30,5,0.5427394631291808,0.5365836078889794,8.559601652937292,3,72,150,0.001,0.08,False,False,True,62,,,,,,,,,,,,,,,,,,,,,,,,
0,-1000000,20,50,1.5,1.5,3.0,2,48,200,0.002,0.05,True,True,True,63,,,,,,,,,,,,,,,,,,,,,,,,
1,-1000000,120,5,2.445466071537555,0.7305220088757531,12.638839111160474,3,36,150,0.0,0.08,True,True,True,64,,,,,,,,,,,,,,,,,,,,,,,,
2,-1000000,55,5,0.8740362285448071,0.7709605351191988,13.384405578817496,5,240,600,0.0,0.04,True,True,False,65,,,,,,,,,,,,,,,,,,,,,,,,
3,-1000000,16,5,1.966099252641756,3.093686659734317,1.603755039484489,2,168,200,0.0005,0.05,False,True,False,66,,,,,,,,,,,,,,,,,,,,,,,,
4,-1000000,30,150,3.0121366918211616,1.9442950276883013,7.75804060647792,6,96,300,0.002,0.12,False,True,True,67,,,,,,,,,,,,,,,,,,,,,,,,
5,-1000000,12,14,1.3061763544519667,3.40569491736904,5.83865972932366,3,168,200,0.0005,0.03,True,True,False,68,,,,,,,,,,,,,,,,,,,,,,,,
7,-1000000,16,10,2.0566608128604904,0.9723213767514359,12.48625096508041,3,240,50,0.002,0.12,False,False,True,69,,,,,,,,,,,,,,,,,,,,,,,,
8,-1000000,80,20,0.8914403072766172,0.8518476165856813,6.320444522408349,6,24,50,0.002,0.03,False,True,True,70,,,,,,,,,,,,,,,,,,,,,,,,
9,-1000000,20,14,2.587543709433482,0.6944176394825465,10.773656784197067,1,24,150,0.001,0.12,False,True,False,71,,,,,,,,,,,,,,,,,,,,,,,,
10,-1000000,24,150,0.9737954950142078,2.2539722042850987,9.238372471191093,3,168,400,0.0,0.08,False,True,True,72,,,,,,,,,,,,,,,,,,,,,,,,
11,-1000000,12,50,2.012470314901341,1.4393962090719543,13.312662667784211,4,168,100,0.003,0.05,True,True,True,73,,,,,,,,,,,,,,,,,,,,,,,,
12,-1000000,8,14,0.7769300396134824,3.3148324982269624,12.627535266822166,1,36,100,0.003,0.03,True,True,False,74,,,,,,,,,,,,,,,,,,,,,,,,
13,-1000000,40,100,1.489844008735987,2.7586625792099815,7.26436825466842,2,120,200,0.0005,0.05,True,True,True,75,,,,,,,,,,,,,,,,,,,,,,,,
14,-1000000,80,200,0.9848443561409393,2.101298634550715,9.800701757915617,3,360,100,0.001,0.08,True,False,True,76,,,,,,,,,,,,,,,,,,,,,,,,
15,-1000000,40,50,1.8503681777964198,1.563700031193829,4.769917665482265,2,24,600,0.0,0.08,True,True,False,77,,,,,,,,,,,,,,,,,,,,,,,,
17,-1000000,10,100,1.5456699398652143,2.4815206096833418,3.4109058905289675,3,360,400,0.003,0.12,True,True,True,78,,,,,,,,,,,,,,,,,,,,,,,,
18,-1000000,24,200,2.9011730656919177,0.9924867702126964,3.455170892102305,2,120,200,0.003,0.05,False,True,True,79,,,,,,,,,,,,,,,,,,,,,,,,
19,-1000000,80,14,2.132171847509592,3.4459216514016067,6.970200104001319,6,240,600,0.001,0.12,True,True,True,80,,,,,,,,,,,,,,,,,,,,,,,,
20,-1000000,120,10,0.9390173566687605,3.3355366759002187,10.929606899810302,4,24,150,0.002,0.03,True,False,True,81,,,,,,,,,,,,,,,,,,,,,,,,
21,-1000000,10,150,2.818512768100841,2.114766919614325,6.938529725713886,3,24,200,0.0,0.05,True,True,True,82,,,,,,,,,,,,,,,,,,,,,,,,
22,-1000000,120,14,0.8741404946015865,2.5799091424793845,4.942559899034264,1,72,400,0.0005,0.08,False,True,False,83,,,,,,,,,,,,,,,,,,,,,,,,
23,-1000000,8,10,1.8376708199858824,1.0409292306335547,12.22734182301127,2,120,50,0.001,0.12,True,True,False,84,,,,,,,,,,,,,,,,,,,,,,,,
24,-1000000,12,5,2.7263351086226972,2.4246625694726602,10.495679879524964,4,36,150,0.002,0.12,True,True,True,85,,,,,,,,,,,,,,,,,,,,,,,,
25,-1000000,12,5,2.3560969419480378,2.478769747404791,7.291862230366342,5,24,300,0.002,0.03,False,True,False,86,,,,,,,,,,,,,,,,,,,,,,,,
26,-1000000,80,30,2.9029551256305672,0.5465953403339755,8.364411676349645,6,36,150,0.0,0.05,True,True,False,87,,,,,,,,,,,,,,,,,,,,,,,,
27,-1000000,55,200,0.6730121960783676,3.23669969016966,5.35279994880767,3,120,100,0.0005,0.03,False,True,False,88,,,,,,,,,,,,,,,,,,,,,,,,
28,-1000000,80,20,0.9027211768803715,0.600517320087676,6.463982738831582,2,120,600,0.003,0.04,False,False,True,89,,,,,,,,,,,,,,,,,,,,,,,,
29,-1000000,12,14,2.8701034520367417,1.9553657612814588,5.101400500604808,4,24,150,0.003,0.05,True,True,False,90,,,,,,,,,,,,,,,,,,,,,,,,
30,-1000000,24,14,1.1117875357627027,1.2275853958136174,1.8043902648618924,4,72,400,0.003,0.08,True,True,False,91,,,,,,,,,,,,,,,,,,,,,,,,
31,-1000000,20,50,1.1374116914005423,1.0106066822107311,8.906703679229901,5,72,150,0.0,0.03,True,True,True,92,,,,,,,,,,,,,,,,,,,,,,,,
32,-1000000,10,5,1.6139113979986976,1.5131423130275388,3.6925476185975015,4,48,150,0.001,0.05,True,True,False,93,,,,,,,,,,,,,,,,,,,,,,,,
33,-1000000,120,30,2.32452036934063,1.3050759304752932,2.917973453985982,1,168,300,0.002,0.03,True,True,True,94,,,,,,,,,,,,,,,,,,,,,,,,
35,-1000000,16,20,0.9974251346782363,1.947038687637618,8.886483254695328,6,240,400,0.002,0.03,True,True,True,95,,,,,,,,,,,,,,,,,,,,,,,,
36,-1000000,80,150,2.3449883290116706,2.898737490477208,4.747628349610189,1,120,50,0.0,0.12,True,True,False,96,,,,,,,,,,,,,,,,,,,,,,,,
37,-1000000,20,5,1.1008291760904543,2.7712707138302495,9.153537373459454,1,240,300,0.0,0.04,True,False,True,97,,,,,,,,,,,,,,,,,,,,,,,,
38,-1000000,16,30,0.8542278960508639,0.6306934667588582,4.4332051376537684,2,120,600,0.001,0.04,True,True,False,98,,,,,,,,,,,,,,,,,,,,,,,,
39,-1000000,55,50,1.5625525464460925,2.5588477757083385,12.162737983597122,6,96,150,0.003,0.2,True,True,False,99,,,,,,,,,,,,,,,,,,,,,,,,
40,-1000000,40,50,0.9291509555451313,0.6842524236810619,13.27896736726113,1,120,300,0.001,0.12,True,True,False,100,,,,,,,,,,,,,,,,,,,,,,,,
41,-1000000,55,50,3.1598564895137002,0.9309737967382727,10.349851257202538,2,240,300,0.0,0.12,True,True,False,101,,,,,,,,,,,,,,,,,,,,,,,,
42,-1000000,12,20,1.9066627347137914,1.8207588800085759,5.275543695430848,2,96,300,0.003,0.05,True,False,True,102,,,,,,,,,,,,,,,,,,,,,,,,
43,-1000000,16,30,1.5936204686101973,0.6231852711744259,4.907077441191742,4,48,200,0.003,0.05,True,True,False,103,,,,,,,,,,,,,,,,,,,,,,,,
45,-1000000,12,150,2.7151464790086792,2.325011037173326,4.409687034138867,1,360,100,0.0005,0.05,True,True,True,104,,,,,,,,,,,,,,,,,,,,,,,,
46,-1000000,8,14,2.8615094565549692,0.9683959445801588,1.5083030421901413,1,96,200,0.002,0.05,True,True,False,105,,,,,,,,,,,,,,,,,,,,,,,,
47,-1000000,55,100,2.8408819056938523,1.5652771875361755,8.361436166374432,5,36,50,0.002,0.04,True,True,False,106,,,,,,,,,,,,,,,,,,,,,,,,
48,-1000000,16,10,1.487185768628802,0.9657889272678148,1.5705352090320313,1,120,50,0.0005,0.08,True,True,False,107,,,,,,,,,,,,,,,,,,,,,,,,
49,-1000000,55,10,2.320087752057345,3.476530102782351,11.663549636186218,5,360,600,0.003,0.08,True,True,True,108,,,,,,,,,,,,,,,,,,,,,,,,
50,-1000000,55,75,0.6019324364947435,2.9780860852304514,11.34959582238424,6,96,400,0.001,0.03,True,True,False,109,,,,,,,,,,,,,,,,,,,,,,,,
51,-1000000,16,30,1.9442130624984488,2.798664665170591,2.3478321040228596,1,360,300,0.0005,0.04,False,True,True,110,,,,,,,,,,,,,,,,,,,,,,,,
53,-1000000,160,14,0.5890503152646677,2.066070137296218,7.014756000775928,4,36,300,0.001,0.04,True,True,False,111,,,,,,,,,,,,,,,,,,,,,,,,
54,-1000000,30,75,1.8996985697177988,0.5271879112169291,9.548409781494879,1,360,50,0.0005,0.2,True,True,False,112,,,,,,,,,,,,,,,,,,,,,,,,
55,-1000000,16,20,2.812806362312837,3.2896043984988244,7.090809703122625,1,72,400,0.0005,0.12,True,False,True,113,,,,,,,,,,,,,,,,,,,,,,,,
56,-1000000,24,100,0.9046904331773571,3.079719984467324,7.045154876882369,4,240,400,0.0005,0.12,True,True,True,114,,,,,,,,,,,,,,,,,,,,,,,,
57,-1000000,16,200,2.009194951519513,2.0382920860312757,6.102387944961577,6,240,600,0.0005,0.08,True,True,True,115,,,,,,,,,,,,,,,,,,,,,,,,
58,-1000000,20,75,3.0758456591501973,2.147337168371084,4.665127272285459,5,240,300,0.003,0.12,False,True,False,116,,,,,,,,,,,,,,,,,,,,,,,,
59,-1000000,40,75,1.6201163416264253,1.36904116827324,7.323447404096623,1,168,300,0.003,0.03,True,True,False,117,,,,,,,,,,,,,,,,,,,,,,,,
60,-1000000,30,14,2.4158069321020488,1.5084480097717181,6.149002998165056,2,36,200,0.0,0.04,True,True,True,118,,,,,,,,,,,,,,,,,,,,,,,,
61,-1000000,20,10,2.1522881066535593,0.6148813884337039,6.2288617262504395,6,360,400,0.002,0.12,False,True,True,119,,,,,,,,,,,,,,,,,,,,,,,,
62,-1000000,55,20,1.323410148494228,2.4920767731663185,4.769634533254898,1,48,400,0.002,0.04,True,True,False,120,,,,,,,,,,,,,,,,,,,,,,,,
63,-1000000,55,200,3.1556776532667867,2.716769957497127,10.023083578005785,5,360,600,0.0,0.12,False,True,False,121,,,,,,,,,,,,,,,,,,,,,,,,
64,-1000000,10,5,1.1435336532297058,3.4036169791393305,13.765805711975002,1,72,300,0.0005,0.03,False,True,False,122,,,,,,,,,,,,,,,,,,,,,,,,
65,-1000000,10,20,3.1166419431338026,2.1089896269699135,10.378128340090637,6,120,600,0.001,0.05,True,True,False,123,,,,,,,,,,,,,,,,,,,,,,,,
66,-1000000,160,30,0.9958880221520071,1.262219301800215,13.13171274469121,4,48,600,0.003,0.03,True,True,False,124,,,,,,,,,,,,,,,,,,,,,,,,
67,-1000000,16,30,2.4579415558171482,1.4105639328474555,6.005623088034529,6,120,600,0.001,0.05,True,True,False,125,,,,,,,,,,,,,,,,,,,,,,,,
68,-1000000,16,200,1.3599181498791786,2.2552971688212535,11.62969495477045,4,120,400,0.003,0.12,True,True,False,126,,,,,,,,,,,,,,,,,,,,,,,,
69,-1000000,120,10,3.0711589915246673,2.3933230844877857,8.61854755969373,3,240,50,0.002,0.03,True,False,True,127,,,,,,,,,,,,,,,,,,,,,,,,
70,-1000000,30,10,2.076043729446346,2.7240557151102465,11.89240235327421,3,24,100,0.002,0.05,False,True,False,128,,,,,,,,,,,,,,,,,,,,,,,,
71,-1000000,30,20,0.967221837627793,2.9507297318215806,11.849261310644016,6,120,150,0.001,0.03,False,True,True,129,,,,,,,,,,,,,,,,,,,,,,,,
72,-1000000,55,30,1.6953535202297023,1.014558119412062,13.25610631978747,5,168,200,0.0005,0.08,True,True,False,130,,,,,,,,,,,,,,,,,,,,,,,,
73,-1000000,30,5,2.5360763459101974,2.0706487986968147,2.2396054402352386,6,36,200,0.001,0.04,True,True,False,131,,,,,,,,,,,,,,,,,,,,,,,,
74,-1000000,40,20,1.5768886549783978,0.8579917922198357,13.109137290235427,6,36,150,0.0005,0.03,True,True,False,132,,,,,,,,,,,,,,,,,,,,,,,,
75,-1000000,16,150,2.193081228258636,2.0486012331475227,6.951008962459765,2,24,200,0.0005,0.04,True,True,False,133,,,,,,,,,,,,,,,,,,,,,,,,
76,-1000000,20,30,2.5493143006880215,2.95585685252124,7.200877818261746,4,24,200,0.0,0.2,True,True,False,134,,,,,,,,,,,,,,,,,,,,,,,,
77,-1000000,30,50,2.048497474572753,3.3160499738464595,13.91940128907614,2,72,100,0.0005,0.04,True,True,True,135,,,,,,,,,,,,,,,,,,,,,,,,
78,-1000000,40,14,2.298231023552231,1.6362621091213732,10.653328636015683,1,96,400,0.002,0.04,True,False,True,136,,,,,,,,,,,,,,,,,,,,,,,,
79,-1000000,16,10,2.2080319956062984,0.8037530588840955,10.684581373486676,2,240,300,0.003,0.2,True,True,False,137,,,,,,,,,,,,,,,,,,,,,,,,
80,-1000000,80,14,2.274528189856178,2.765535366475821,6.9840786939288195,3,168,200,0.0,0.12,True,True,False,138,,,,,,,,,,,,,,,,,,,,,,,,
82,-1000000,20,75,2.3618852841775966,1.524554711704042,1.9502088262914719,1,48,150,0.003,0.03,True,True,False,139,,,,,,,,,,,,,,,,,,,,,,,,
84,-1000000,40,150,0.9417836288665985,2.6090795649889933,12.15502305241449,3,96,50,0.003,0.05,False,True,True,140,,,,,,,,,,,,,,,,,,,,,,,,
85,-1000000,80,75,1.10774199975431,1.281377049301823,2.2467838657047516,4,120,50,0.002,0.12,True,True,False,141,,,,,,,,,,,,,,,,,,,,,,,,
86,-1000000,80,30,0.5543523086353076,1.540485306157676,11.753328066972953,1,240,100,0.0005,0.04,True,True,False,142,,,,,,,,,,,,,,,,,,,,,,,,
87,-1000000,40,75,1.573861377223442,3.415419198745144,6.914585544977077,3,168,200,0.0005,0.03,True,True,False,143,,,,,,,,,,,,,,,,,,,,,,,,
88,-1000000,12,75,2.790044786519908,2.7413842775758273,6.500778814213092,4,360,200,0.0005,0.03,True,True,False,144,,,,,,,,,,,,,,,,,,,,,,,,
89,-1000000,24,150,3.0433154043900097,3.4284991834842624,5.063124041288956,1,96,150,0.0,0.05,True,True,False,145,,,,,,,,,,,,,,,,,,,,,,,,
90,-1000000,10,200,0.8904996206866695,2.199959681471573,11.493530887237995,5,240,100,0.003,0.08,True,True,False,146,,,,,,,,,,,,,,,,,,,,,,,,
91,-1000000,120,20,3.0865554199005136,2.46903623945074,13.999024752390152,1,240,400,0.001,0.08,True,False,True,147,,,,,,,,,,,,,,,,,,,,,,,,
92,-1000000,30,20,2.121487414233276,1.9170856330305563,11.530665429381456,1,168,100,0.003,0.03,True,True,False,148,,,,,,,,,,,,,,,,,,,,,,,,
93,-1000000,40,14,0.8480344500118641,1.6536998866607053,4.927455179512516,5,168,400,0.0,0.12,True,False,True,149,,,,,,,,,,,,,,,,,,,,,,,,
95,-1000000,120,150,1.8674684643046982,0.7527155257043107,6.946147087997931,4,168,50,0.003,0.03,False,True,True,150,,,,,,,,,,,,,,,,,,,,,,,,
96,-1000000,40,150,2.0291525770636825,0.5512813997213281,5.784442273512405,4,120,300,0.001,0.12,True,True,True,151,,,,,,,,,,,,,,,,,,,,,,,,
97,-1000000,16,100,0.7081533856528338,2.216789505813243,8.515790265758522,2,48,400,0.003,0.04,False,True,True,152,,,,,,,,,,,,,,,,,,,,,,,,
98,-1000000,12,20,1.0394426259314542,0.9078710311525302,1.531239167406695,4,240,100,0.0,0.08,True,True,True,153,,,,,,,,,,,,,,,,,,,,,,,,
100,-1000000,80,100,2.281925698005211,3.3786088339062337,1.7399169936687526,2,24,50,0.003,0.05,True,True,False,154,,,,,,,,,,,,,,,,,,,,,,,,
101,-1000000,24,30,2.3788558188981757,1.170982335080397,6.757554371693242,5,120,300,0.001,0.05,True,True,False,155,,,,,,,,,,,,,,,,,,,,,,,,
103,-1000000,120,75,2.329068169518343,2.9600856619899796,4.265627693804302,2,120,100,0.0005,0.04,True,True,False,156,,,,,,,,,,,,,,,,,,,,,,,,
104,-1000000,8,75,1.570267022208817,3.351319510012121,9.882462572458088,4,360,150,0.001,0.12,False,True,False,157,,,,,,,,,,,,,,,,,,,,,,,,
105,-1000000,20,14,0.5405272595944743,3.035712164226892,12.104997493785659,2,360,200,0.0,0.03,True,True,True,158,,,,,,,,,,,,,,,,,,,,,,,,
106,-1000000,120,10,2.0764355840212922,2.4705294716284674,12.795066229169342,6,48,400,0.003,0.12,True,True,True,159,,,,,,,,,,,,,,,,,,,,,,,,
107,-1000000,20,75,3.1746158343563384,0.9278967753712608,5.234831150922287,4,36,600,0.002,0.05,False,True,False,160,,,,,,,,,,,,,,,,,,,,,,,,
108,-1000000,10,100,2.8460313078351582,2.906190477618198,4.5899823781648195,6,48,100,0.001,0.03,True,True,True,161,,,,,,,,,,,,,,,,,,,,,,,,
109,-1000000,8,5,1.9572668696597089,0.8084812686568328,5.421431340246211,1,240,150,0.002,0.12,True,True,False,162,,,,,,,,,,,,,,,,,,,,,,,,
110,-1000000,55,200,2.267551430416967,2.6361296255119218,1.7528371086786108,5,24,50,0.0005,0.04,True,True,True,163,,,,,,,,,,,,,,,,,,,,,,,,
111,-1000000,16,200,1.4669563310403717,1.538000554610384,11.18716326189167,5,240,50,0.003,0.12,True,True,False,164,,,,,,,,,,,,,,,,,,,,,,,,
113,-1000000,20,20,2.4249524564406886,2.414324368829617,10.575125007661372,4,36,100,0.003,0.03,True,True,True,165,,,,,,,,,,,,,,,,,,,,,,,,
114,-1000000,10,30,1.610370425775779,1.1552599947670188,9.52889391694409,3,36,200,0.002,0.08,True,True,False,166,,,,,,,,,,,,,,,,,,,,,,,,
115,-1000000,55,150,0.9888457286884924,2.4639377818047,8.739060047107174,6,48,400,0.0005,0.04,True,True,False,167,,,,,,,,,,,,,,,,,,,,,,,,
116,-1000000,40,150,1.7001356710825846,1.3956518705677219,12.910718320071284,2,120,400,0.0,0.05,True,True,False,168,,,,,,,,,,,,,,,,,,,,,,,,
117,-1000000,80,14,1.2971985438938698,1.8941828183998624,2.0531728071573525,3,168,100,0.001,0.05,False,True,True,169,,,,,,,,,,,,,,,,,,,,,,,,
118,-1000000,160,30,2.1801255344428876,3.008142086012866,12.084836859563197,5,72,100,0.001,0.12,False,True,False,170,,,,,,,,,,,,,,,,,,,,,,,,
119,-1000000,30,30,3.1384332655793625,1.8537341677426462,9.883124274769624,4,48,400,0.0005,0.12,True,True,True,171,,,,,,,,,,,,,,,,,,,,,,,,
120,-1000000,160,75,0.5534857843089468,0.928031171477185,8.725304971852951,6,96,50,0.0005,0.2,True,True,False,172,,,,,,,,,,,,,,,,,,,,,,,,
122,-1000000,80,30,1.791042733213432,1.9879946891937759,12.205383664892071,1,24,150,0.003,0.04,True,False,True,173,,,,,,,,,,,,,,,,,,,,,,,,
123,-1000000,30,20,1.8126588555510055,1.9074881064703373,4.375796408070578,4,168,600,0.002,0.08,False,True,False,174,,,,,,,,,,,,,,,,,,,,,,,,
124,-1000000,8,200,0.6558195183972592,1.8563412933103236,6.64982352625805,5,168,100,0.002,0.08,True,True,True,175,,,,,,,,,,,,,,,,,,,,,,,,
126,-1000000,40,100,0.6695587622553526,2.643168572961522,8.969879468476659,1,360,400,0.0,0.08,True,True,False,176,,,,,,,,,,,,,,,,,,,,,,,,
127,-1000000,30,100,1.7495138900225977,2.3057629844428646,6.474731173426421,3,168,200,0.001,0.08,True,False,True,177,,,,,,,,,,,,,,,,,,,,,,,,
128,-1000000,55,50,1.908211385218701,2.751341960512387,9.632939926788426,1,360,200,0.001,0.08,False,True,False,178,,,,,,,,,,,,,,,,,,,,,,,,
129,-1000000,12,75,0.8483195344984304,0.8133787497259717,5.824773124567923,3,48,600,0.0,0.05,True,True,True,179,,,,,,,,,,,,,,,,,,,,,,,,
130,-1000000,40,14,3.077597474063334,1.9324861378656024,4.838109811692568,4,120,400,0.0005,0.2,True,False,True,180,,,,,,,,,,,,,,,,,,,,,,,,
131,-1000000,55,10,2.5829803284597097,3.0924187720400935,7.500704010902139,3,360,200,0.0005,0.03,False,True,False,181,,,,,,,,,,,,,,,,,,,,,,,,
132,-1000000,10,5,2.3857641443820565,1.171290532185086,4.927284329308958,3,120,300,0.0,0.2,True,True,True,182,,,,,,,,,,,,,,,,,,,,,,,,
133,-1000000,55,5,2.946594501885993,2.4365492500426327,6.101886077902588,5,120,100,0.003,0.2,True,True,False,183,,,,,,,,,,,,,,,,,,,,,,,,
134,-1000000,55,10,3.1475144003035824,2.2699312787270682,6.620296002810109,4,24,50,0.002,0.03,True,True,False,184,,,,,,,,,,,,,,,,,,,,,,,,
135,-1000000,10,14,0.9835614947741816,2.0628900392767155,11.24204474707008,3,24,200,0.002,0.05,True,True,True,185,,,,,,,,,,,,,,,,,,,,,,,,
136,-1000000,10,10,2.9195527956548766,2.2040414433729834,10.146066173700778,6,240,150,0.0,0.12,True,False,True,186,,,,,,,,,,,,,,,,,,,,,,,,
137,-1000000,30,5,1.2826641672485646,2.380301207562961,6.351519157367528,6,120,100,0.002,0.03,False,True,False,187,,,,,,,,,,,,,,,,,,,,,,,,
138,-1000000,30,5,2.8278395676546575,2.942807691446085,11.160378510657178,5,24,600,0.001,0.12,True,False,True,188,,,,,,,,,,,,,,,,,,,,,,,,
139,-1000000,24,14,2.249376550497271,0.8289871794262335,9.830686294265528,5,240,150,0.001,0.08,True,True,True,189,,,,,,,,,,,,,,,,,,,,,,,,
140,-1000000,10,20,0.8426030939288731,0.6506383829947247,9.29667148007321,5,96,400,0.002,0.03,False,True,True,190,,,,,,,,,,,,,,,,,,,,,,,,
141,-1000000,40,30,1.0999346921008455,3.2848456224072295,11.984756551950184,2,168,400,0.003,0.08,True,True,True,191,,,,,,,,,,,,,,,,,,,,,,,,
144,-1000000,20,30,1.8788743577086484,2.5656678986679555,4.37387136503168,2,24,400,0.0005,0.03,True,False,True,192,,,,,,,,,,,,,,,,,,,,,,,,
145,-1000000,16,50,2.2310951363645133,2.3999068676482502,4.616197170586071,1,360,150,0.002,0.04,False,True,True,193,,,,,,,,,,,,,,,,,,,,,,,,
147,-1000000,16,200,0.9445413002655288,3.1695848358928003,8.272419443074835,1,168,600,0.002,0.04,True,True,False,194,,,,,,,,,,,,,,,,,,,,,,,,
148,-1000000,12,20,1.624225991679468,2.723551999877282,6.12134046825328,3,72,600,0.003,0.03,False,True,False,195,,,,,,,,,,,,,,,,,,,,,,,,
149,-1000000,160,5,1.8651785127163665,2.335427829484714,2.554634680673236,2,120,600,0.0005,0.04,True,True,True,196,,,,,,,,,,,,,,,,,,,,,,,,
150,-1000000,30,5,0.9168650779887,3.033480224140282,9.90297171122025,4,168,150,0.003,0.2,False,True,False,197,,,,,,,,,,,,,,,,,,,,,,,,
151,-1000000,30,100,0.9937721620248864,0.52799686688649,2.659115414764732,6,168,600,0.003,0.08,True,True,False,198,,,,,,,,,,,,,,,,,,,,,,,,
152,-1000000,30,200,2.2842498801317106,1.95500668160936,6.497924593769996,5,48,400,0.0005,0.08,True,True,False,199,,,,,,,,,,,,,,,,,,,,,,,,
154,-1000000,12,10,1.5768995264395111,0.5590597268589611,4.933662268917158,5,96,150,0.003,0.03,True,True,False,200,,,,,,,,,,,,,,,,,,,,,,,,
155,-1000000,10,100,2.9525705788451932,1.0051430021412282,9.76426432895941,3,360,150,0.0005,0.2,True,True,False,201,,,,,,,,,,,,,,,,,,,,,,,,
156,-1000000,8,100,3.0588375547491657,0.8339615548271946,6.107197797378462,4,72,150,0.0005,0.05,False,False,True,202,,,,,,,,,,,,,,,,,,,,,,,,
157,-1000000,40,5,0.9924705611915159,2.2578277357173215,5.221629366353428,3,120,300,0.0005,0.05,True,False,True,203,,,,,,,,,,,,,,,,,,,,,,,,
158,-1000000,24,100,2.7161385095525836,1.7601995742363652,8.035187120003467,4,240,300,0.003,0.12,False,True,True,204,,,,,,,,,,,,,,,,,,,,,,,,
159,-1000000,16,100,2.110501277543367,3.3287468134437486,2.75034796830293,2,36,300,0.002,0.04,True,True,False,205,,,,,,,,,,,,,,,,,,,,,,,,
160,-1000000,20,50,2.26327973242842,0.9825301782640808,2.6517230224658617,4,120,100,0.0005,0.2,True,True,False,206,,,,,,,,,,,,,,,,,,,,,,,,
161,-1000000,55,50,2.7418322887064606,2.458709093304293,13.433647356358547,1,24,200,0.002,0.05,True,True,False,207,,,,,,,,,,,,,,,,,,,,,,,,
162,-1000000,24,200,2.501210023952261,2.6695818129121873,8.649156535753708,5,96,50,0.003,0.08,True,True,True,208,,,,,,,,,,,,,,,,,,,,,,,,
163,-1000000,120,150,2.781422000364451,1.285121103855863,7.285177393069965,5,120,300,0.001,0.04,True,False,True,209,,,,,,,,,,,,,,,,,,,,,,,,
164,-1000000,10,20,1.9206778104989948,2.9986064075390755,13.026932484339945,4,240,50,0.002,0.12,True,True,False,210,,,,,,,,,,,,,,,,,,,,,,,,
166,-1000000,8,20,2.9990267587149604,1.3123627896958063,4.865649425480304,4,72,50,0.0005,0.08,True,True,True,211,,,,,,,,,,,,,,,,,,,,,,,,
167,-1000000,55,10,2.8683398345458957,0.5241539144375138,5.951763742727148,5,168,200,0.001,0.05,True,True,False,212,,,,,,,,,,,,,,,,,,,,,,,,
168,-1000000,10,10,1.8584778403536308,1.631839376060105,4.3529368416573035,2,72,400,0.0,0.03,True,True,True,213,,,,,,,,,,,,,,,,,,,,,,,,
171,-1000000,160,150,2.4367524775367277,3.004205358772166,2.9127192858762654,1,36,50,0.002,0.12,True,True,False,214,,,,,,,,,,,,,,,,,,,,,,,,
172,-1000000,10,14,1.3513431320453233,3.013727036243352,1.652883950433487,4,168,200,0.0,0.2,False,True,True,215,,,,,,,,,,,,,,,,,,,,,,,,
173,-1000000,55,5,2.7427851156695486,2.0816844931995373,1.8298572560447757,2,120,200,0.001,0.2,True,True,True,216,,,,,,,,,,,,,,,,,,,,,,,,
174,-1000000,55,150,2.9100659561488054,1.6956209915207388,5.0475085263647985,2,168,300,0.003,0.05,True,True,True,217,,,,,,,,,,,,,,,,,,,,,,,,
175,-1000000,80,50,2.3767539501988235,2.8566060417783397,11.4661400870682,3,96,50,0.001,0.08,False,True,False,218,,,,,,,,,,,,,,,,,,,,,,,,
176,-1000000,160,50,1.5031955366303464,1.2327793395964013,9.334037669574522,6,168,50,0.0,0.08,True,True,False,219,,,,,,,,,,,,,,,,,,,,,,,,
178,-1000000,20,100,1.2604218953477524,1.2091361617955099,10.513749325649655,2,360,150,0.002,0.04,True,True,False,220,,,,,,,,,,,,,,,,,,,,,,,,
179,-1000000,120,100,0.8847111793513811,0.7796924876140835,1.8086435118733368,3,120,300,0.001,0.03,True,True,False,221,,,,,,,,,,,,,,,,,,,,,,,,
180,-1000000,80,20,2.219353574986305,1.9955790358387637,7.672409056356427,1,24,600,0.001,0.12,False,True,False,222,,,,,,,,,,,,,,,,,,,,,,,,
181,-1000000,30,200,2.686179841419094,1.6889260323067266,2.1285322328725336,5,120,400,0.0005,0.03,True,True,True,223,,,,,,,,,,,,,,,,,,,,,,,,
182,-1000000,16,14,2.7889864289628368,3.3165731673173076,6.230336741079875,4,36,300,0.001,0.08,True,True,False,224,,,,,,,,,,,,,,,,,,,,,,,,
183,-1000000,10,50,0.684001492538046,1.1862681126839234,1.590175900042995,3,36,150,0.003,0.05,True,False,True,225,,,,,,,,,,,,,,,,,,,,,,,,
184,-1000000,80,14,2.420269841122838,3.448293898080373,8.898424984232111,5,360,50,0.002,0.05,True,True,False,226,,,,,,,,,,,,,,,,,,,,,,,,
185,-1000000,20,10,0.5027041396477421,2.834802767149244,10.340571859855842,5,36,100,0.0,0.05,True,True,False,227,,,,,,,,,,,,,,,,,,,,,,,,
187,-1000000,55,100,0.547688558365278,1.4409551167942718,5.192910996330532,6,48,100,0.002,0.03,True,False,True,228,,,,,,,,,,,,,,,,,,,,,,,,
188,-1000000,30,75,1.2634494311223532,2.4501637620021195,4.882833356120471,6,72,400,0.003,0.04,True,True,True,229,,,,,,,,,,,,,,,,,,,,,,,,
190,-1000000,30,150,1.4202632849853565,2.48244570495761,9.481916849397706,5,96,300,0.001,0.03,False,True,True,230,,,,,,,,,,,,,,,,,,,,,,,,
191,-1000000,8,14,1.9203258975597362,1.075576471097857,9.577568241574093,2,48,200,0.001,0.03,True,True,False,231,,,,,,,,,,,,,,,,,,,,,,,,
192,-1000000,8,10,2.6618949980358733,2.41851001135627,5.5283096099666365,5,36,600,0.002,0.12,False,True,False,232,,,,,,,,,,,,,,,,,,,,,,,,
193,-1000000,10,75,2.2384668930872516,1.89679270991495,8.734513677807623,6,72,300,0.0,0.04,True,True,True,233,,,,,,,,,,,,,,,,,,,,,,,,
194,-1000000,20,5,0.5212653197803702,1.7228132424498916,11.827276498237623,2,360,150,0.002,0.05,False,True,False,234,,,,,,,,,,,,,,,,,,,,,,,,
195,-1000000,160,150,2.345729038765412,2.9624662526105117,10.091287972712378,2,72,600,0.0,0.05,True,True,False,235,,,,,,,,,,,,,,,,,,,,,,,,
196,-1000000,8,100,2.863427872736896,2.8436744473413245,7.526779550894526,4,96,600,0.002,0.2,True,True,False,236,,,,,,,,,,,,,,,,,,,,,,,,
197,-1000000,8,20,1.8893490791651544,0.7009035811539146,7.235008291962794,3,36,100,0.001,0.04,True,True,True,237,,,,,,,,,,,,,,,,,,,,,,,,
199,-1000000,10,14,1.7873054809622653,0.729686497569451,7.013673142019088,2,168,400,0.0005,0.04,True,True,False,238,,,,,,,,,,,,,,,,,,,,,,,,
200,-1000000,160,50,2.68726686883835,2.9557018171551492,7.188449144721639,2,72,50,0.003,0.04,False,True,False,239,,,,,,,,,,,,,,,,,,,,,,,,
201,-1000000,20,30,2.7546618353796424,0.5276693315704154,10.095092410809531,2,168,200,0.0,0.2,True,True,False,240,,,,,,,,,,,,,,,,,,,,,,,,
202,-1000000,20,30,1.738702177148925,2.6956205629393253,8.140821328790905,6,96,100,0.0,0.2,True,True,False,241,,,,,,,,,,,,,,,,,,,,,,,,
203,-1000000,8,100,2.7257451141586357,0.5543954130750751,8.07202758908574,1,360,50,0.0,0.2,True,False,True,242,,,,,,,,,,,,,,,,,,,,,,,,
204,-1000000,24,150,1.5420466225062124,1.5372055608747417,13.16035072535554,2,120,100,0.002,0.04,True,True,False,243,,,,,,,,,,,,,,,,,,,,,,,,
205,-1000000,24,14,3.1467093247917637,1.3937861877883844,13.644025748915945,5,72,600,0.001,0.05,False,True,True,244,,,,,,,,,,,,,,,,,,,,,,,,
206,-1000000,120,30,2.164121758601722,1.1633951260709585,3.92712719123941,5,36,200,0.003,0.08,True,True,False,245,,,,,,,,,,,,,,,,,,,,,,,,
207,-1000000,120,75,1.237221428938855,3.358589881812217,6.164146778342841,1,24,300,0.001,0.12,True,True,False,246,,,,,,,,,,,,,,,,,,,,,,,,
208,-1000000,55,75,3.1235180535116753,2.7455772089453787,10.530872765506752,1,48,400,0.003,0.08,True,False,True,247,,,,,,,,,,,,,,,,,,,,,,,,
209,-1000000,80,50,3.1811722716733932,1.2164056931290752,2.845845795806269,2,120,300,0.002,0.12,True,True,False,248,,,,,,,,,,,,,,,,,,,,,,,,
210,-1000000,16,100,2.2414525576395556,1.4482896485236127,8.603273391440844,1,48,600,0.003,0.08,False,True,False,249,,,,,,,,,,,,,,,,,,,,,,,,
211,-1000000,40,5,2.2332799901197897,3.1847435544672016,7.656695311903282,2,48,300,0.0,0.08,True,True,False,250,,,,,,,,,,,,,,,,,,,,,,,,
212,-1000000,12,5,1.9547175654040359,2.3999651310429955,6.141267700441522,6,360,600,0.001,0.03,True,False,True,251,,,,,,,,,,,,,,,,,,,,,,,,
213,-1000000,16,150,0.5783938898228327,2.5419010874762606,5.150890596259407,3,96,150,0.003,0.12,True,False,True,252,,,,,,,,,,,,,,,,,,,,,,,,
216,-1000000,30,150,2.614406090338111,1.199692193614152,2.3817819521463517,5,36,300,0.003,0.05,True,True,True,253,,,,,,,,,,,,,,,,,,,,,,,,
217,-1000000,8,100,2.3543672472055315,1.688620732762514,7.864914562276406,4,168,200,0.001,0.05,True,True,False,254,,,,,,,,,,,,,,,,,,,,,,,,
218,-1000000,10,50,3.0175924970724246,3.389638638290977,6.229440871750172,4,360,300,0.003,0.05,True,True,True,255,,,,,,,,,,,,,,,,,,,,,,,,
220,-1000000,12,200,2.6395741703067137,3.153772166012329,3.4276800836265635,1,360,200,0.001,0.03,True,True,True,256,,,,,,,,,,,,,,,,,,,,,,,,
221,-1000000,10,5,2.9277309359773853,2.9108187126228047,10.560388308448553,1,48,50,0.003,0.04,True,True,True,257,,,,,,,,,,,,,,,,,,,,,,,,
222,-1000000,55,100,2.1592005870339426,1.793240916169057,12.189729940564852,4,168,300,0.0005,0.12,True,True,True,258,,,,,,,,,,,,,,,,,,,,,,,,
223,-1000000,80,75,1.2821703750082523,1.264951560495061,6.509169721498502,6,120,300,0.003,0.03,False,True,False,259,,,,,,,,,,,,,,,,,,,,,,,,
224,-1000000,55,5,2.2525645250536024,2.374597505563032,5.388749267710002,4,36,600,0.0,0.2,True,True,False,260,,,,,,,,,,,,,,,,,,,,,,,,
225,-1000000,20,20,1.935377437583824,0.6031335251207565,12.67669934164275,6,96,50,0.002,0.08,True,True,True,261,,,,,,,,,,,,,,,,,,,,,,,,
226,-1000000,12,20,2.7086128512049013,0.9074112994042584,9.909071007282519,2,24,100,0.0,0.05,True,True,True,262,,,,,,,,,,,,,,,,,,,,,,,,
227,-1000000,160,20,0.5478460474570389,2.948639870287564,3.1995891568770114,2,24,200,0.001,0.04,False,True,False,263,,,,,,,,,,,,,,,,,,,,,,,,
228,-1000000,160,200,2.512801649579164,2.4897800908828813,13.741466502627182,5,48,400,0.002,0.12,True,True,False,264,,,,,,,,,,,,,,,,,,,,,,,,
229,-1000000,8,75,0.8125315983307145,2.3568878766410943,13.741319931855791,1,48,200,0.003,0.04,False,True,True,265,,,,,,,,,,,,,,,,,,,,,,,,
230,-1000000,12,5,2.670452219222381,0.7718084591261003,6.40443337816243,3,24,100,0.001,0.03,True,True,False,266,,,,,,,,,,,,,,,,,,,,,,,,
231,-1000000,80,10,2.948803543693,3.3844735400206156,2.0462799137269534,2,72,600,0.0,0.12,True,True,True,267,,,,,,,,,,,,,,,,,,,,,,,,
232,-1000000,24,150,2.2046387940525904,2.077624340547657,5.268241387236489,2,36,50,0.003,0.08,True,True,False,268,,,,,,,,,,,,,,,,,,,,,,,,
233,-1000000,80,20,1.090135872625037,3.3703672249065746,10.263790195435266,4,360,100,0.003,0.12,False,True,True,269,,,,,,,,,,,,,,,,,,,,,,,,
234,-1000000,12,100,2.50678393187543,3.3896386739322413,1.9273107956377116,6,96,600,0.002,0.05,False,True,True,270,,,,,,,,,,,,,,,,,,,,,,,,
235,-1000000,10,100,0.9742694622827524,3.0659443436963536,5.06150324515552,3,168,300,0.0005,0.04,True,True,False,271,,,,,,,,,,,,,,,,,,,,,,,,
236,-1000000,30,50,2.5676664310700903,0.5732930480435264,13.165758209156115,1,96,150,0.001,0.2,True,True,False,272,,,,,,,,,,,,,,,,,,,,,,,,
237,-1000000,120,50,0.8205185135287784,1.9745599632468893,10.077057148461515,3,360,100,0.001,0.2,True,False,True,273,,,,,,,,,,,,,,,,,,,,,,,,
239,-1000000,40,30,3.0570767634334675,0.7222876450697749,4.442116294037414,2,168,100,0.003,0.05,True,True,False,274,,,,,,,,,,,,,,,,,,,,,,,,
240,-1000000,24,10,0.6408052350144062,0.8448967584787319,5.866196760910872,2,72,600,0.003,0.03,True,True,True,275,,,,,,,,,,,,,,,,,,,,,,,,
245,-1000000,12,75,2.2146950761437996,3.19462342369302,6.255975098264417,1,168,200,0.0005,0.08,False,True,False,276,,,,,,,,,,,,,,,,,,,,,,,,
246,-1000000,80,100,2.9554997374272194,2.1295067880546976,6.612814652578537,4,168,50,0.0005,0.05,False,False,True,277,,,,,,,,,,,,,,,,,,,,,,,,
247,-1000000,80,100,0.517378074428986,2.890926712955039,2.164273359509167,6,360,150,0.0,0.05,True,True,False,278,,,,,,,,,,,,,,,,,,,,,,,,
248,-1000000,120,75,2.9809573185743896,1.6988942055211218,2.888238758440377,5,120,150,0.0,0.03,True,True,False,279,,,,,,,,,,,,,,,,,,,,,,,,
249,-1000000,40,20,2.6823434695453727,1.1490078529032675,12.994194283267566,6,24,50,0.003,0.05,True,True,False,280,,,,,,,,,,,,,,,,,,,,,,,,
250,-1000000,55,5,3.1152963306276664,2.50834874465904,5.07386171224722,3,168,50,0.0005,0.12,True,True,False,281,,,,,,,,,,,,,,,,,,,,,,,,
251,-1000000,16,14,0.8060514459047182,1.1715303130035823,5.4866717223307,2,120,400,0.0005,0.08,True,True,True,282,,,,,,,,,,,,,,,,,,,,,,,,
252,-1000000,12,75,2.976243121776759,2.2072660500748285,3.692645560932434,4,36,600,0.001,0.12,True,True,False,283,,,,,,,,,,,,,,,,,,,,,,,,
253,-1000000,10,30,1.3474083678382955,2.1272517135012476,12.912095770062965,3,240,400,0.001,0.03,True,True,False,284,,,,,,,,,,,,,,,,,,,,,,,,
254,-1000000,160,150,1.9119114554518881,0.7495785945127688,8.22221724460965,6,96,50,0.0,0.2,True,True,False,285,,,,,,,,,,,,,,,,,,,,,,,,
255,-1000000,55,50,1.1768338291611466,0.6454028148948675,5.800163101297957,6,72,50,0.0,0.03,True,True,False,286,,,,,,,,,,,,,,,,,,,,,,,,
256,-1000000,120,50,1.4112542509562434,3.4023882585475804,8.180369292914772,1,48,200,0.002,0.03,True,True,True,287,,,,,,,,,,,,,,,,,,,,,,,,
257,-1000000,10,10,1.6935700398939124,0.9765296255015741,7.973770448546599,6,240,200,0.001,0.05,True,False,True,288,,,,,,,,,,,,,,,,,,,,,,,,
258,-1000000,16,200,2.4957410971607126,2.9327259635663445,10.505810437807222,2,240,300,0.001,0.04,False,True,False,289,,,,,,,,,,,,,,,,,,,,,,,,
259,-1000000,30,30,0.6023869129324483,2.917268689348721,2.3240423988134444,3,48,150,0.003,0.05,False,True,False,290,,,,,,,,,,,,,,,,,,,,,,,,
261,-1000000,40,10,1.9307831315710027,1.6403566625614534,6.1405563599045,5,36,150,0.0,0.08,False,False,True,291,,,,,,,,,,,,,,,,,,,,,,,,
262,-1000000,30,75,2.542341400701432,2.1116191547878724,10.502089578521865,4,36,200,0.001,0.04,True,True,False,292,,,,,,,,,,,,,,,,,,,,,,,,
263,-1000000,12,14,2.6131982107421377,0.6471321928450932,2.390523706125851,1,240,200,0.0005,0.08,True,True,False,293,,,,,,,,,,,,,,,,,,,,,,,,
264,-1000000,30,100,1.7574340544453313,1.9308597348737995,10.220682871977049,4,120,200,0.003,0.2,True,True,False,294,,,,,,,,,,,,,,,,,,,,,,,,
265,-1000000,10,20,2.4974068077589107,1.969595619604401,7.443898001093233,4,240,600,0.0,0.2,False,True,False,295,,,,,,,,,,,,,,,,,,,,,,,,
266,-1000000,24,100,2.1325521032615815,2.8749713076111805,9.990294805138594,3,72,200,0.0,0.04,True,True,False,296,,,,,,,,,,,,,,,,,,,,,,,,
267,-1000000,40,14,1.6457038696115613,3.150627088843846,7.64052471604401,3,72,600,0.001,0.05,True,True,False,297,,,,,,,,,,,,,,,,,,,,,,,,
268,-1000000,55,5,1.9702480984444046,2.136391698602073,13.717633003739628,6,120,400,0.0,0.05,True,False,True,298,,,,,,,,,,,,,,,,,,,,,,,,
269,-1000000,20,200,2.19631911173525,2.914628794947602,11.399167107112806,2,120,200,0.0,0.08,True,True,True,299,,,,,,,,,,,,,,,,,,,,,,,,
270,-1000000,12,200,0.6882015444211701,1.0028398258825342,6.448788532630474,4,240,300,0.0,0.12,True,True,True,300,,,,,,,,,,,,,,,,,,,,,,,,
271,-1000000,120,20,1.5344513402194313,2.802523070646995,4.338027943241944,4,240,150,0.002,0.03,False,True,False,301,,,,,,,,,,,,,,,,,,,,,,,,
272,-1000000,160,5,0.8897385434227487,2.310743703311049,9.697950169496345,5,240,150,0.001,0.08,True,True,True,302,,,,,,,,,,,,,,,,,,,,,,,,
273,-1000000,30,5,2.0594088820362204,1.810428006292568,9.14148202122989,2,240,150,0.002,0.08,False,False,True,303,,,,,,,,,,,,,,,,,,,,,,,,
274,-1000000,8,150,2.876792835882069,2.4875994404386272,7.469099212496857,2,168,100,0.003,0.12,True,True,False,304,,,,,,,,,,,,,,,,,,,,,,,,
275,-1000000,8,100,1.8228084483733042,0.9099759134484379,8.239458383905278,2,96,200,0.002,0.12,True,True,False,305,,,,,,,,,,,,,,,,,,,,,,,,
276,-1000000,8,20,1.4076989004409266,1.1887721380829936,1.9390384581875948,5,120,150,0.0,0.04,True,True,False,306,,,,,,,,,,,,,,,,,,,,,,,,
277,-1000000,160,150,2.840298172441433,3.3405584250660985,1.8498194574718838,6,240,150,0.0005,0.04,False,True,False,307,,,,,,,,,,,,,,,,,,,,,,,,
278,-1000000,16,50,1.2003844778217632,2.7796080353964707,6.864370114524952,5,24,600,0.002,0.04,True,True,True,308,,,,,,,,,,,,,,,,,,,,,,,,
279,-1000000,40,150,1.761297429037277,2.8994266527095167,5.173174500914277,2,96,300,0.001,0.2,True,True,False,309,,,,,,,,,,,,,,,,,,,,,,,,
280,-1000000,120,75,1.6590597030375718,3.2598397997346007,9.28198004267472,6,72,400,0.003,0.08,True,True,True,310,,,,,,,,,,,,,,,,,,,,,,,,
281,-1000000,20,20,1.2340468097667452,2.2241564970946777,10.23373109026239,6,24,300,0.0005,0.04,False,True,False,311,,,,,,,,,,,,,,,,,,,,,,,,
282,-1000000,16,30,3.066256702845327,0.8543400710780946,9.932036043780219,6,120,300,0.0005,0.03,True,True,True,312,,,,,,,,,,,,,,,,,,,,,,,,
283,-1000000,10,100,2.902114208447947,2.3067840954662353,4.012759562214269,5,240,50,0.0005,0.2,True,True,False,313,,,,,,,,,,,,,,,,,,,,,,,,
284,-1000000,80,50,1.553408643408885,3.118856331481908,13.420433405539514,1,120,100,0.0,0.04,False,True,False,314,,,,,,,,,,,,,,,,,,,,,,,,
286,-1000000,16,100,1.3524737436094245,2.155717661457482,5.352026916711326,1,240,300,0.003,0.2,True,True,False,315,,,,,,,,,,,,,,,,,,,,,,,,
288,-1000000,160,200,1.521617899648793,1.7766539077523658,7.453378260872216,2,36,100,0.0005,0.04,True,False,True,316,,,,,,,,,,,,,,,,,,,,,,,,
289,-1000000,55,30,0.7171930403901793,0.8397710768881913,8.43383312882971,5,168,50,0.001,0.12,False,True,False,317,,,,,,,,,,,,,,,,,,,,,,,,
290,-1000000,120,5,1.0555544287447178,2.550564567224187,13.751925444595784,2,72,100,0.002,0.04,True,True,False,318,,,,,,,,,,,,,,,,,,,,,,,,
291,-1000000,55,75,1.6359908987067995,1.5349069035554468,6.204646112590587,2,24,100,0.003,0.04,True,True,False,319,,,,,,,,,,,,,,,,,,,,,,,,
292,-1000000,10,100,0.7959118423128464,0.8364502340692389,10.80704436517927,5,120,600,0.001,0.2,True,True,False,320,,,,,,,,,,,,,,,,,,,,,,,,
293,-1000000,160,75,3.0075029642487814,3.3894114115900713,12.404476003559706,4,360,150,0.0,0.04,True,True,False,321,,,,,,,,,,,,,,,,,,,,,,,,
295,-1000000,24,150,2.6684771674474215,3.175978160788083,11.23666154631059,5,120,300,0.001,0.05,False,True,False,322,,,,,,,,,,,,,,,,,,,,,,,,
296,-1000000,120,20,0.827522458485502,2.3115170154466984,11.532964109426267,2,360,150,0.0,0.2,True,False,True,323,,,,,,,,,,,,,,,,,,,,,,,,
297,-1000000,80,20,1.8954461544474694,1.570802193654675,6.397643666982576,4,48,400,0.001,0.2,True,True,False,324,,,,,,,,,,,,,,,,,,,,,,,,
298,-1000000,55,10,1.6322862774985725,3.380811110448618,4.92630154984937,4,360,200,0.003,0.2,True,True,False,325,,,,,,,,,,,,,,,,,,,,,,,,
299,-1000000,12,5,2.0516900392762523,2.4752158740326697,2.30655899539229,1,24,300,0.0,0.08,True,True,True,326,,,,,,,,,,,,,,,,,,,,,,,,
300,-1000000,80,10,2.4339763693335517,3.006721207924741,7.202292297494055,4,240,400,0.0,0.04,True,True,False,327,,,,,,,,,,,,,,,,,,,,,,,,
301,-1000000,16,20,1.505009962906782,1.7911398180211167,3.8228540850641632,5,72,600,0.0,0.08,True,True,False,328,,,,,,,,,,,,,,,,,,,,,,,,
302,-1000000,12,50,2.6346194564585637,1.03752163464857,11.331830370185457,6,360,50,0.0,0.03,True,True,False,329,,,,,,,,,,,,,,,,,,,,,,,,
303,-1000000,12,10,2.687599420395288,1.6410380695047035,13.207498387479578,2,48,400,0.0005,0.2,False,True,False,330,,,,,,,,,,,,,,,,,,,,,,,,
304,-1000000,80,30,1.3132869397174847,1.5068778744818823,7.295257991310778,2,24,600,0.0005,0.12,True,True,False,331,,,,,,,,,,,,,,,,,,,,,,,,
306,-1000000,8,30,0.690815066744261,0.8715415682388621,9.257775873147942,5,240,200,0.001,0.12,True,True,True,332,,,,,,,,,,,,,,,,,,,,,,,,
307,-1000000,40,10,1.4448914309124818,1.1265360786648868,6.214281500470534,2,72,300,0.0,0.03,True,True,False,333,,,,,,,,,,,,,,,,,,,,,,,,
308,-1000000,55,200,1.2765396202849133,2.7214088011936792,7.389040451961618,3,360,150,0.0005,0.04,True,True,True,334,,,,,,,,,,,,,,,,,,,,,,,,
309,-1000000,30,5,2.7971111756732085,1.7832568029945564,1.8236360945705425,1,360,400,0.0005,0.08,True,True,True,335,,,,,,,,,,,,,,,,,,,,,,,,
310,-1000000,55,20,1.999586564221242,3.215761994482782,2.2756614783372653,1,120,50,0.003,0.05,False,True,False,336,,,,,,,,,,,,,,,,,,,,,,,,
311,-1000000,24,100,2.9135086022522225,1.783269588896987,9.836344230829633,6,360,150,0.002,0.08,True,True,True,337,,,,,,,,,,,,,,,,,,,,,,,,
313,-1000000,40,150,2.316498691648534,1.484692629478381,13.84388195202917,1,96,600,0.002,0.04,True,True,False,338,,,,,,,,,,,,,,,,,,,,,,,,
314,-1000000,20,200,2.234256419342446,2.237461059376023,6.270813510991028,3,360,400,0.003,0.03,False,True,False,339,,,,,,,,,,,,,,,,,,,,,,,,
315,-1000000,8,100,2.133760726307947,3.1892193075184574,4.140080140242469,4,360,100,0.002,0.03,False,True,False,340,,,,,,,,,,,,,,,,,,,,,,,,
316,-1000000,16,30,2.0822615227555694,1.5895958186132337,3.0093601037838593,6,24,200,0.0,0.03,True,True,True,341,,,,,,,,,,,,,,,,,,,,,,,,
317,-1000000,12,20,1.5677797332042929,2.7667482922591438,7.245427459559233,3,72,50,0.003,0.04,True,False,True,342,,,,,,,,,,,,,,,,,,,,,,,,
318,-1000000,8,200,2.3953842820897524,3.48089607699154,8.10385132924621,3,168,400,0.0005,0.03,False,True,False,343,,,,,,,,,,,,,,,,,,,,,,,,
319,-1000000,20,50,1.8022596433512483,2.1636682204175246,5.068710019679918,5,96,300,0.0005,0.05,True,True,True,344,,,,,,,,,,,,,,,,,,,,,,,,
320,-1000000,8,5,1.510925516257609,3.0479402724343654,8.648232432869136,6,96,50,0.0005,0.05,True,True,False,345,,,,,,,,,,,,,,,,,,,,,,,,
321,-1000000,40,14,0.6378658231290274,2.3324308719884947,5.886382613969753,2,96,300,0.001,0.08,False,True,False,346,,,,,,,,,,,,,,,,,,,,,,,,
322,-1000000,12,75,0.6506835760224875,2.101459499329992,13.503953571589795,6,48,150,0.003,0.05,True,True,True,347,,,,,,,,,,,,,,,,,,,,,,,,
323,-1000000,16,150,2.423188631867476,2.6631539068550563,6.1449919885584094,1,168,600,0.001,0.08,False,True,True,348,,,,,,,,,,,,,,,,,,,,,,,,
324,-1000000,12,20,0.7100419521671395,2.7860145950168183,12.36092219651989,4,120,200,0.002,0.08,True,True,True,349,,,,,,,,,,,,,,,,,,,,,,,,
327,-1000000,40,200,0.7184843103108461,1.6072010604335862,9.741544091044931,4,240,50,0.003,0.08,False,True,True,350,,,,,,,,,,,,,,,,,,,,,,,,
328,-1000000,80,5,1.524198346259584,1.4771683694643065,9.048036274441797,2,48,50,0.001,0.05,True,True,False,351,,,,,,,,,,,,,,,,,,,,,,,,
329,-1000000,24,30,0.7749889488238144,3.3492760177932213,3.604148576067713,4,360,50,0.002,0.03,False,False,True,352,,,,,,,,,,,,,,,,,,,,,,,,
330,-1000000,20,30,1.1147043577884397,1.8701605662241954,12.584288792527133,2,72,600,0.0,0.03,True,True,False,353,,,,,,,,,,,,,,,,,,,,,,,,
331,-1000000,16,75,1.7725498319456738,3.372691765259582,3.14987813517177,4,24,150,0.003,0.04,True,False,True,354,,,,,,,,,,,,,,,,,,,,,,,,
332,-1000000,80,75,1.7501760898702328,1.2178396017364266,8.476963489455713,2,168,150,0.0005,0.2,False,False,True,355,,,,,,,,,,,,,,,,,,,,,,,,
334,-1000000,20,150,2.091648180854626,2.4743891085914247,11.205717350415723,6,24,100,0.002,0.03,False,True,True,356,,,,,,,,,,,,,,,,,,,,,,,,
335,-1000000,24,14,1.04377908317282,1.8340338107511538,8.151545383289081,4,240,50,0.001,0.08,True,True,True,357,,,,,,,,,,,,,,,,,,,,,,,,
336,-1000000,20,5,1.1422142472748191,1.5818601117216844,6.702078871045777,1,240,300,0.0005,0.04,True,True,False,358,,,,,,,,,,,,,,,,,,,,,,,,
337,-1000000,30,200,1.8755787696099873,3.1399521729711513,6.944789682481431,2,240,400,0.001,0.04,True,True,False,359,,,,,,,,,,,,,,,,,,,,,,,,
338,-1000000,8,200,0.5118938947274589,2.8307788759464416,13.351049682110427,3,36,150,0.003,0.03,False,True,True,360,,,,,,,,,,,,,,,,,,,,,,,,
339,-1000000,120,100,1.5190460777178452,3.0603059451964882,4.959448746708917,6,96,100,0.003,0.08,True,True,False,361,,,,,,,,,,,,,,,,,,,,,,,,
340,-1000000,30,10,1.182735320654232,0.7530279224937749,7.505030958472185,4,168,400,0.0,0.12,False,True,False,362,,,,,,,,,,,,,,,,,,,,,,,,
341,-1000000,24,75,1.984529812028312,2.323762504262617,13.146763003108427,2,168,50,0.001,0.03,True,True,True,363,,,,,,,,,,,,,,,,,,,,,,,,
343,-1000000,30,50,0.6031675192537809,1.391381370180862,10.46871029901775,2,240,300,0.002,0.08,True,True,True,364,,,,,,,,,,,,,,,,,,,,,,,,
344,-1000000,24,10,2.980953206958203,1.1801442713367942,2.458784530778166,6,240,100,0.001,0.03,True,True,False,365,,,,,,,,,,,,,,,,,,,,,,,,
345,-1000000,40,5,1.2423763020874778,2.8622130226666442,3.986161748839483,3,24,300,0.002,0.03,True,True,False,366,,,,,,,,,,,,,,,,,,,,,,,,
346,-1000000,55,5,0.7036697272509262,3.4750110785697057,3.1957165181337954,1,36,200,0.003,0.03,True,False,True,367,,,,,,,,,,,,,,,,,,,,,,,,
347,-1000000,120,150,2.408582295926522,2.1426255128533827,5.994022580803235,4,72,600,0.002,0.05,True,True,False,368,,,,,,,,,,,,,,,,,,,,,,,,
348,-1000000,120,150,0.85296702893383,1.074930747047397,10.893343913906556,6,240,400,0.0005,0.2,True,True,False,369,,,,,,,,,,,,,,,,,,,,,,,,
349,-1000000,120,100,2.940953896603433,3.1389034219974263,4.795943623876845,3,72,200,0.0005,0.03,False,True,True,370,,,,,,,,,,,,,,,,,,,,,,,,
350,-1000000,10,14,2.8774846385988115,0.8811784906041129,11.10445383646332,1,72,100,0.0005,0.04,True,True,False,371,,,,,,,,,,,,,,,,,,,,,,,,
352,-1000000,16,30,2.1520904769803635,1.4304742583103924,9.443400532102663,2,48,600,0.001,0.04,False,True,True,372,,,,,,,,,,,,,,,,,,,,,,,,
353,-1000000,20,200,1.9108839080009612,2.5379600137697995,3.7074958390573536,6,168,400,0.0005,0.05,True,True,False,373,,,,,,,,,,,,,,,,,,,,,,,,
354,-1000000,160,100,0.653699266241963,3.106038815619115,2.6390996973478633,1,24,400,0.0,0.03,True,True,False,374,,,,,,,,,,,,,,,,,,,,,,,,
355,-1000000,10,5,2.786612290926515,1.7545269855991958,7.180171684730606,5,36,100,0.0005,0.2,True,True,False,375,,,,,,,,,,,,,,,,,,,,,,,,
356,-1000000,160,150,1.738109198055895,1.210781041530476,11.273970403123835,2,96,150,0.002,0.03,True,True,False,376,,,,,,,,,,,,,,,,,,,,,,,,
357,-1000000,12,150,3.123016927698661,3.3065654983912385,7.650845249986908,1,120,400,0.0,0.05,False,False,True,377,,,,,,,,,,,,,,,,,,,,,,,,
358,-1000000,8,50,0.5248701619371119,2.592585806294915,12.681026443994838,1,120,400,0.0,0.12,True,True,True,378,,,,,,,,,,,,,,,,,,,,,,,,
359,-1000000,30,5,2.0085342730829367,2.5461532423034807,11.78666829612224,1,96,150,0.003,0.04,False,True,False,379,,,,,,,,,,,,,,,,,,,,,,,,
360,-1000000,30,14,2.9592038913638152,1.9116227755339268,11.560258662538878,6,120,100,0.003,0.05,True,True,True,380,,,,,,,,,,,,,,,,,,,,,,,,
361,-1000000,8,20,1.2233769142589561,2.6804727545030467,13.719344354609973,5,240,150,0.0005,0.04,False,True,True,381,,,,,,,,,,,,,,,,,,,,,,,,
362,-1000000,10,20,1.6233617687736608,2.3235769533440087,9.109334456229066,2,360,100,0.002,0.12,True,True,True,382,,,,,,,,,,,,,,,,,,,,,,,,
363,-1000000,160,50,2.957844455765429,1.547211104363121,8.088603527092465,2,24,100,0.001,0.2,True,True,False,383,,,,,,,,,,,,,,,,,,,,,,,,
364,-1000000,40,30,2.264394683493125,2.7806502401774487,8.587527377785829,2,120,150,0.0,0.12,True,True,True,384,,,,,,,,,,,,,,,,,,,,,,,,
365,-1000000,120,100,0.9733097129450884,2.5189183630194254,4.28483828803936,6,240,400,0.001,0.04,True,True,False,385,,,,,,,,,,,,,,,,,,,,,,,,
366,-1000000,8,20,0.8300331534538832,2.12057207159709,9.0582778399794,5,96,50,0.003,0.2,True,True,False,386,,,,,,,,,,,,,,,,,,,,,,,,
367,-1000000,8,150,1.4632382144821148,0.8548745444096776,12.744622632520302,6,168,200,0.002,0.12,True,True,False,387,,,,,,,,,,,,,,,,,,,,,,,,
368,-1000000,10,50,1.8240195865591053,2.8390717832157595,8.782964481174917,6,120,600,0.002,0.03,True,True,False,388,,,,,,,,,,,,,,,,,,,,,,,,
369,-1000000,20,14,1.4699115735618675,1.199285430006655,3.369137731405318,6,72,300,0.001,0.03,False,True,False,389,,,,,,,,,,,,,,,,,,,,,,,,
370,-1000000,8,50,1.3383232183601472,3.2107107668311006,6.624475049588548,5,360,400,0.002,0.12,True,True,True,390,,,,,,,,,,,,,,,,,,,,,,,,
371,-1000000,20,50,1.9735974177505988,2.064624536907129,1.9518345859057262,6,48,600,0.0,0.05,False,True,True,391,,,,,,,,,,,,,,,,,,,,,,,,
372,-1000000,8,100,2.0733292591274557,2.667487933399139,12.19038402946459,6,168,150,0.0,0.04,True,True,False,392,,,,,,,,,,,,,,,,,,,,,,,,
374,-1000000,24,14,2.957940028927032,1.9307429475720164,10.973300714749037,3,120,200,0.0,0.12,True,True,True,393,,,,,,,,,,,,,,,,,,,,,,,,
375,-1000000,8,100,0.8080312509301134,3.307467006697311,3.1449009111155517,3,24,150,0.0005,0.08,True,False,True,394,,,,,,,,,,,,,,,,,,,,,,,,
376,-1000000,16,100,3.161853239434018,0.8723385325069598,7.118248917542886,5,240,150,0.002,0.12,False,True,True,395,,,,,,,,,,,,,,,,,,,,,,,,
377,-1000000,30,150,2.5781619182931963,1.3537190534310022,1.5384191851070705,2,96,600,0.003,0.12,False,False,True,396,,,,,,,,,,,,,,,,,,,,,,,,
379,-1000000,8,5,1.6698838270201788,2.75566765939166,12.695429300536016,6,168,600,0.0,0.03,True,True,False,397,,,,,,,,,,,,,,,,,,,,,,,,
380,-1000000,30,100,1.5595298527238766,2.0548495965860614,11.305886190973624,3,240,200,0.0005,0.2,True,True,False,398,,,,,,,,,,,,,,,,,,,,,,,,
381,-1000000,12,30,0.9073769473735733,1.1243789226604899,9.886288474221844,1,240,50,0.0005,0.2,True,True,False,399,,,,,,,,,,,,,,,,,,,,,,,,
382,-1000000,10,20,2.490316275779169,2.5768811219154117,4.539940840871824,1,48,300,0.0005,0.03,True,True,False,400,,,,,,,,,,,,,,,,,,,,,,,,
383,-1000000,40,50,0.701928583396236,2.3090042762858807,7.839907512270615,1,360,150,0.0005,0.2,True,True,True,401,,,,,,,,,,,,,,,,,,,,,,,,
384,-1000000,16,150,1.5186887077999565,2.2952765420838,13.768512324685359,4,240,400,0.002,0.03,True,True,False,402,,,,,,,,,,,,,,,,,,,,,,,,
385,-1000000,80,30,1.8723922308050993,0.9545751339826557,3.431232014600763,6,240,300,0.002,0.2,True,False,True,403,,,,,,,,,,,,,,,,,,,,,,,,
386,-1000000,40,20,1.3250261858207992,2.0665149100874878,10.600452164147796,6,120,400,0.0005,0.05,False,False,True,404,,,,,,,,,,,,,,,,,,,,,,,,
387,-1000000,20,150,0.9118310802737362,3.449464586874363,5.836775142619902,4,240,200,0.0,0.03,False,True,False,405,,,,,,,,,,,,,,,,,,,,,,,,
388,-1000000,160,20,2.9152994004490775,1.0896411579933651,9.141134622780571,2,36,600,0.001,0.03,True,True,False,406,,,,,,,,,,,,,,,,,,,,,,,,
389,-1000000,8,10,2.8362679789647167,2.1210386408439224,4.11316302501465,1,360,50,0.001,0.05,True,True,True,407,,,,,,,,,,,,,,,,,,,,,,,,
390,-1000000,80,50,1.15315187706791,1.1668191393510057,10.091543025217405,5,24,600,0.002,0.03,True,True,False,408,,,,,,,,,,,,,,,,,,,,,,,,
391,-1000000,24,100,1.1988109657085164,2.1647775720496907,4.292597123702683,3,24,100,0.002,0.05,True,True,True,409,,,,,,,,,,,,,,,,,,,,,,,,
392,-1000000,30,10,2.1190352040508755,1.616240969210557,13.350563705439265,2,96,600,0.003,0.03,False,True,True,410,,,,,,,,,,,,,,,,,,,,,,,,
393,-1000000,12,200,0.7089116832418431,2.5714828325937686,3.954027752047268,5,240,200,0.003,0.08,True,True,True,411,,,,,,,,,,,,,,,,,,,,,,,,
394,-1000000,24,14,1.5277002390836973,3.4255713538328685,2.230674437745539,6,168,100,0.0005,0.08,True,False,True,412,,,,,,,,,,,,,,,,,,,,,,,,
395,-1000000,30,30,0.6892741361628415,3.394910586861703,4.136430417601647,2,360,600,0.0,0.04,False,True,True,413,,,,,,,,,,,,,,,,,,,,,,,,
396,-1000000,30,30,2.463908550779164,2.7561617169410155,10.608271839721116,5,168,400,0.0,0.08,True,True,True,414,,,,,,,,,,,,,,,,,,,,,,,,
397,-1000000,160,30,1.4326906354040274,3.479042244983268,13.961076758659964,5,72,600,0.0,0.03,True,True,False,415,,,,,,,,,,,,,,,,,,,,,,,,
398,-1000000,24,75,2.3936316932114425,0.9392984549818781,9.741394473697925,5,48,600,0.0,0.05,True,True,True,416,,,,,,,,,,,,,,,,,,,,,,,,
399,-1000000,24,10,0.9656012106237131,0.9550793750665567,3.538982087264592,1,168,600,0.003,0.03,True,True,False,417,,,,,,,,,,,,,,,,,,,,,,,,
400,-1000000,20,150,3.1359408993627533,2.77168223708225,13.0135443565583,6,72,150,0.0005,0.08,True,True,False,418,,,,,,,,,,,,,,,,,,,,,,,,
401,-1000000,30,14,2.965448326398142,2.8208973276936473,3.4921310431946697,6,240,300,0.0,0.2,True,True,False,419,,,,,,,,,,,,,,,,,,,,,,,,
402,-1000000,40,20,1.1049060064113634,3.3703929863343665,5.757154617346156,2,240,200,0.001,0.04,False,True,True,420,,,,,,,,,,,,,,,,,,,,,,,,
403,-1000000,16,14,2.3411523132415253,3.136916147570667,5.332140854472523,2,120,400,0.0,0.12,True,True,False,421,,,,,,,,,,,,,,,,,,,,,,,,
404,-1000000,12,14,1.7739440984665589,2.0400515196046927,9.85414897540639,5,168,200,0.0,0.08,True,True,True,422,,,,,,,,,,,,,,,,,,,,,,,,
406,-1000000,80,50,1.9755595104134707,1.7577915936237698,9.916215379101336,6,36,100,0.0,0.03,True,False,True,423,,,,,,,,,,,,,,,,,,,,,,,,
408,-1000000,20,10,0.5614735036787055,3.3202524849728685,11.694763476477844,4,360,100,0.002,0.12,False,True,False,424,,,,,,,,,,,,,,,,,,,,,,,,
409,-1000000,55,200,1.1309940951225805,3.4444118444546366,5.422407393233529,5,24,200,0.003,0.04,True,True,False,425,,,,,,,,,,,,,,,,,,,,,,,,
410,-1000000,8,10,2.71002149129543,1.841954966919276,3.3910540527183204,4,48,600,0.001,0.04,True,True,False,426,,,,,,,,,,,,,,,,,,,,,,,,
412,-1000000,8,150,2.65116601062371,2.7487218813402694,10.428153806193324,3,168,150,0.001,0.05,True,True,False,427,,,,,,,,,,,,,,,,,,,,,,,,
413,-1000000,10,100,0.834658925869873,0.7648438912023631,13.466767738173315,5,240,50,0.001,0.03,True,True,True,428,,,,,,,,,,,,,,,,,,,,,,,,
414,-1000000,10,30,3.1078287240684093,2.6153666524409958,5.71289704876491,3,48,300,0.002,0.05,True,True,False,429,,,,,,,,,,,,,,,,,,,,,,,,
415,-1000000,24,5,1.1145138662983023,2.4978326748920336,6.818393742078828,6,168,50,0.003,0.04,True,True,False,430,,,,,,,,,,,,,,,,,,,,,,,,
416,-1000000,30,30,3.084706995073757,2.6486098965930065,13.801446538048088,5,120,150,0.0005,0.2,False,False,True,431,,,,,,,,,,,,,,,,,,,,,,,,
417,-1000000,24,50,2.5470478655504536,1.0896893385578883,12.380018039698763,5,24,200,0.001,0.03,True,False,True,432,,,,,,,,,,,,,,,,,,,,,,,,
418,-1000000,30,100,0.6050807513482197,3.1418090647992316,2.8962920681404216,6,168,200,0.001,0.04,True,True,False,433,,,,,,,,,,,,,,,,,,,,,,,,
419,-1000000,120,30,2.3940846936241797,2.2149846976991494,4.1137091896608196,1,360,200,0.001,0.05,True,True,False,434,,,,,,,,,,,,,,,,,,,,,,,,
420,-1000000,80,200,0.5369742201925776,3.0938451174732413,11.738851504924748,1,120,200,0.003,0.03,True,True,False,435,,,,,,,,,,,,,,,,,,,,,,,,
421,-1000000,10,200,0.9644991669910817,2.9245605503340095,5.539638803818157,1,24,300,0.002,0.05,True,True,False,436,,,,,,,,,,,,,,,,,,,,,,,,
422,-1000000,160,30,2.81720033409645,2.389813129753586,6.456663478732598,2,240,100,0.002,0.04,True,True,True,437,,,,,,,,,,,,,,,,,,,,,,,,
423,-1000000,24,100,1.4435361815391436,1.2322117821708392,11.525686048466946,4,120,400,0.001,0.12,True,True,True,438,,,,,,,,,,,,,,,,,,,,,,,,
424,-1000000,10,150,2.9982635167850904,1.5680675610870685,8.181739705597362,3,48,400,0.002,0.03,True,True,True,439,,,,,,,,,,,,,,,,,,,,,,,,
425,-1000000,16,100,0.9168357131209337,2.4322566874756943,2.771317813476765,3,168,100,0.0,0.12,False,True,True,440,,,,,,,,,,,,,,,,,,,,,,,,
426,-1000000,10,30,0.7058639192438213,1.7293775694378628,2.816935756488111,4,36,600,0.001,0.05,True,True,True,441,,,,,,,,,,,,,,,,,,,,,,,,
427,-1000000,120,5,0.7700302557433013,1.1326886516276111,7.529012315622093,1,240,300,0.003,0.08,True,True,False,442,,,,,,,,,,,,,,,,,,,,,,,,
428,-1000000,120,10,3.1914146069103935,2.1033610320946172,3.9661632175443233,2,48,200,0.003,0.04,True,True,False,443,,,,,,,,,,,,,,,,,,,,,,,,
429,-1000000,12,5,1.2711022119844286,2.9391475209560243,13.65183285862247,4,240,100,0.003,0.04,True,True,False,444,,,,,,,,,,,,,,,,,,,,,,,,
430,-1000000,120,10,0.916800034499142,3.2284575702979574,6.21069508135111,5,168,100,0.0,0.08,True,True,False,445,,,,,,,,,,,,,,,,,,,,,,,,
431,-1000000,160,20,2.5586336495431103,2.513794448187201,5.785545994337918,5,72,100,0.0005,0.2,True,True,False,446,,,,,,,,,,,,,,,,,,,,,,,,
432,-1000000,80,30,2.0348064588215755,0.7024122530629127,10.942928719843586,6,24,600,0.002,0.03,True,True,False,447,,,,,,,,,,,,,,,,,,,,,,,,
433,-1000000,30,200,2.4341830186741613,3.3068054123832584,6.645002191578446,4,360,50,0.001,0.12,True,True,True,448,,,,,,,,,,,,,,,,,,,,,,,,
434,-1000000,120,10,0.712409202950468,3.132600507937604,7.4501706852120275,6,48,150,0.001,0.08,False,True,True,449,,,,,,,,,,,,,,,,,,,,,,,,
435,-1000000,30,20,3.029461844577353,3.2543938520576514,3.016831558318593,5,360,300,0.002,0.12,True,True,False,450,,,,,,,,,,,,,,,,,,,,,,,,
436,-1000000,24,150,1.4268867791530904,1.89147468754986,5.7184045855552075,6,168,400,0.001,0.08,True,True,False,451,,,,,,,,,,,,,,,,,,,,,,,,
437,-1000000,55,150,1.5069714081398964,2.0201258871945766,9.504098671241975,2,36,100,0.0,0.03,True,False,True,452,,,,,,,,,,,,,,,,,,,,,,,,
438,-1000000,10,5,2.3269739330212444,0.5388473081851407,1.558855690951086,2,36,200,0.002,0.05,False,True,False,453,,,,,,,,,,,,,,,,,,,,,,,,
439,-1000000,55,5,3.0420811435196184,2.245824497372685,5.7176615714034815,3,120,400,0.002,0.03,True,True,True,454,,,,,,,,,,,,,,,,,,,,,,,,
440,-1000000,20,100,2.1453008237516134,0.7829152672918412,10.132079222461385,4,240,400,0.0,0.03,True,True,True,455,,,,,,,,,,,,,,,,,,,,,,,,
441,-1000000,10,150,1.047330896582795,1.2646765264037865,1.760838315281331,6,240,100,0.003,0.05,True,True,False,456,,,,,,,,,,,,,,,,,,,,,,,,
442,-1000000,16,30,2.1171517634603894,0.6113796255622131,11.380076773067923,4,120,600,0.001,0.04,False,True,False,457,,,,,,,,,,,,,,,,,,,,,,,,
443,-1000000,24,100,0.51103535372588,2.7890092952708243,13.747789765724972,1,360,400,0.002,0.2,False,False,True,458,,,,,,,,,,,,,,,,,,,,,,,,
444,-1000000,24,5,2.92060874223106,1.214136974777018,4.426595962801058,3,168,50,0.003,0.03,True,False,True,459,,,,,,,,,,,,,,,,,,,,,,,,
445,-1000000,120,14,2.9738909164963507,1.7608958094437017,3.4641920610188324,2,360,150,0.001,0.03,True,True,False,460,,,,,,,,,,,,,,,,,,,,,,,,
446,-1000000,160,50,1.1991682123047525,2.3068603022297074,6.729819020915494,2,24,200,0.002,0.03,True,True,True,461,,,,,,,,,,,,,,,,,,,,,,,,
447,-1000000,160,150,1.8353282825984552,1.3234781134653408,11.844065087919216,2,120,100,0.003,0.08,True,True,False,462,,,,,,,,,,,,,,,,,,,,,,,,
448,-1000000,55,200,2.8566031010072828,2.8150322844727107,10.308462931452468,2,360,50,0.0005,0.12,True,True,True,463,,,,,,,,,,,,,,,,,,,,,,,,
450,-1000000,55,50,0.5141996449586356,2.7273618094234937,6.887572263258744,1,168,400,0.0005,0.2,False,True,True,464,,,,,,,,,,,,,,,,,,,,,,,,
451,-1000000,10,5,0.955895709016319,1.8096560996031594,11.83595425405277,4,96,150,0.0005,0.2,True,True,False,465,,,,,,,,,,,,,,,,,,,,,,,,
452,-1000000,16,30,1.0579852650542414,0.5770692755455532,12.680352451848796,3,120,200,0.0,0.12,True,True,True,466,,,,,,,,,,,,,,,,,,,,,,,,
453,-1000000,24,200,1.5040470140472888,2.6754207198208273,4.678762920765732,5,360,150,0.002,0.2,True,True,True,467,,,,,,,,,,,,,,,,,,,,,,,,
454,-1000000,8,30,0.8526807673194486,0.5003396785969227,4.441476112398172,4,360,300,0.0005,0.03,True,True,True,468,,,,,,,,,,,,,,,,,,,,,,,,
455,-1000000,160,200,1.1153116318149694,2.484420551316378,9.891483556413542,4,360,600,0.0,0.04,True,True,False,469,,,,,,,,,,,,,,,,,,,,,,,,
456,-1000000,20,30,2.9412739302411413,2.5778589274223047,6.112799519650148,5,168,100,0.0,0.12,True,True,False,470,,,,,,,,,,,,,,,,,,,,,,,,
457,-1000000,120,200,0.7823852016368735,1.759174631233156,8.001880216963201,4,48,600,0.001,0.08,True,True,True,471,,,,,,,,,,,,,,,,,,,,,,,,
458,-1000000,55,5,1.8395064889460837,3.2027229894913622,8.19327881522143,4,240,600,0.0005,0.2,False,False,True,472,,,,,,,,,,,,,,,,,,,,,,,,
459,-1000000,24,20,1.4119637873926227,1.889651833118013,8.859344843142932,6,48,150,0.0,0.03,True,True,True,473,,,,,,,,,,,,,,,,,,,,,,,,
460,-1000000,16,30,1.179472213476943,0.836823343226905,10.242342098636215,4,360,100,0.001,0.03,True,True,False,474,,,,,,,,,,,,,,,,,,,,,,,,
461,-1000000,55,75,2.3189221556007635,3.007989016164398,7.825258286911589,6,240,100,0.0,0.2,True,False,True,475,,,,,,,,,,,,,,,,,,,,,,,,
462,-1000000,40,75,2.9346171087594093,3.408655167322048,4.141048655472922,2,72,200,0.003,0.08,True,False,True,476,,,,,,,,,,,,,,,,,,,,,,,,
463,-1000000,20,100,1.321211781032312,1.1989438799591738,12.213127779407206,3,360,400,0.001,0.03,True,True,True,477,,,,,,,,,,,,,,,,,,,,,,,,
464,-1000000,120,10,2.6616075631910117,2.9944505478458385,9.848699374684196,5,48,50,0.001,0.08,False,True,True,478,,,,,,,,,,,,,,,,,,,,,,,,
465,-1000000,20,10,3.142102821040445,1.373673218718326,10.40515157903767,6,120,600,0.001,0.08,True,False,True,479,,,,,,,,,,,,,,,,,,,,,,,,
466,-1000000,80,20,0.958635426162967,3.0615368126457407,9.048326293735709,1,360,200,0.0,0.12,True,True,True,480,,,,,,,,,,,,,,,,,,,,,,,,
467,-1000000,10,14,0.8161566762425253,3.3238540585802694,9.184844061736849,5,120,600,0.003,0.2,True,False,True,481,,,,,,,,,,,,,,,,,,,,,,,,
468,-1000000,40,100,3.1959823738353053,2.808154950858568,11.339181387529432,4,48,50,0.003,0.04,True,True,True,482,,,,,,,,,,,,,,,,,,,,,,,,
469,-1000000,20,10,1.9708788858088433,1.653165797244562,8.756462248806136,6,120,100,0.0,0.03,True,True,False,483,,,,,,,,,,,,,,,,,,,,,,,,
470,-1000000,40,200,1.6638769392802275,2.547667911225446,5.712363121556244,6,240,50,0.0005,0.12,True,True,True,484,,,,,,,,,,,,,,,,,,,,,,,,
471,-1000000,80,20,2.430109582679581,2.2521230009800948,12.678929766974658,4,240,300,0.0,0.04,True,True,True,485,,,,,,,,,,,,,,,,,,,,,,,,
472,-1000000,120,100,2.7503426706974423,2.940787556530867,1.6952777613410326,2,48,200,0.003,0.12,True,True,True,486,,,,,,,,,,,,,,,,,,,,,,,,
473,-1000000,160,5,2.489106650780907,3.376481991925117,13.288810133044851,5,240,50,0.0005,0.08,False,True,False,487,,,,,,,,,,,,,,,,,,,,,,,,
474,-1000000,10,100,1.0146840485590203,0.5421609813402195,13.068750749355413,4,360,300,0.0,0.05,True,True,True,488,,,,,,,,,,,,,,,,,,,,,,,,
475,-1000000,160,20,1.6045908272957503,1.4394182393045134,12.412772026846367,4,72,200,0.0,0.05,True,True,True,489,,,,,,,,,,,,,,,,,,,,,,,,
476,-1000000,30,100,1.7533614893089902,2.442523039574451,3.8086135922731454,2,72,400,0.0005,0.05,True,True,False,490,,,,,,,,,,,,,,,,,,,,,,,,
477,-1000000,40,100,1.9811312495584918,1.2121579861408265,13.418912729856714,2,24,50,0.0,0.08,True,True,True,491,,,,,,,,,,,,,,,,,,,,,,,,
478,-1000000,80,100,2.027524032868532,1.1144080710520103,12.3039399503504,2,168,300,0.0,0.03,False,True,True,492,,,,,,,,,,,,,,,,,,,,,,,,
479,-1000000,40,10,2.6265447419296866,2.355141811131326,9.64906207577907,3,24,200,0.003,0.03,True,True,False,493,,,,,,,,,,,,,,,,,,,,,,,,
480,-1000000,40,200,1.0220259084262067,2.7918793581163888,5.795628459078901,6,168,300,0.0005,0.03,True,True,False,494,,,,,,,,,,,,,,,,,,,,,,,,
481,-1000000,30,50,1.7513389589677197,1.9549694714658736,7.0625103519508015,2,48,150,0.0005,0.03,True,True,False,495,,,,,,,,,,,,,,,,,,,,,,,,
482,-1000000,10,200,1.5545538363378864,2.7519871054489307,11.303553033736808,1,120,150,0.001,0.12,False,True,False,496,,,,,,,,,,,,,,,,,,,,,,,,
483,-1000000,55,30,0.9541004255823815,1.394564183163991,4.041610890733746,6,36,150,0.002,0.04,True,True,False,497,,,,,,,,,,,,,,,,,,,,,,,,
484,-1000000,80,20,0.7157954972224252,1.353855696312945,7.281263583596048,2,96,150,0.0,0.03,True,True,True,498,,,,,,,,,,,,,,,,,,,,,,,,
485,-1000000,16,10,0.8484337115132474,1.610311033562781,10.547204631762126,2,48,600,0.0005,0.05,True,False,True,499,,,,,,,,,,,,,,,,,,,,,,,,
486,-1000000,16,10,2.861422200568877,1.3741385338107133,5.254897119844215,4,36,400,0.001,0.03,True,True,True,500,,,,,,,,,,,,,,,,,,,,,,,,
487,-1000000,40,150,1.6843116307277708,2.5386855022838724,10.888929537349924,5,24,200,0.001,0.05,True,True,False,501,,,,,,,,,,,,,,,,,,,,,,,,
488,-1000000,16,10,0.7934120898516802,1.8581173834863995,9.922580670630252,6,240,600,0.0005,0.08,True,True,True,502,,,,,,,,,,,,,,,,,,,,,,,,
489,-1000000,160,14,3.182425539539879,2.7579656301380058,3.228516766741554,6,240,50,0.0005,0.12,True,True,False,503,,,,,,,,,,,,,,,,,,,,,,,,
490,-1000000,160,100,2.2443467944890094,2.8804793799407378,3.435169839273902,6,36,400,0.003,0.04,True,True,False,504,,,,,,,,,,,,,,,,,,,,,,,,
491,-1000000,12,20,1.17205795872069,1.5418494332710804,13.814142063524752,5,168,400,0.0005,0.03,False,True,False,505,,,,,,,,,,,,,,,,,,,,,,,,
492,-1000000,30,200,0.6874919334630145,1.0462383843038703,13.067870490183198,4,360,200,0.003,0.08,True,True,False,506,,,,,,,,,,,,,,,,,,,,,,,,
493,-1000000,16,75,1.4753377733640265,1.8458858201407282,8.80740704482962,3,24,200,0.0005,0.03,True,True,True,507,,,,,,,,,,,,,,,,,,,,,,,,
494,-1000000,16,100,1.1327173303535492,0.658850262538641,4.957643485471379,5,36,400,0.0,0.04,True,True,False,508,,,,,,,,,,,,,,,,,,,,,,,,
495,-1000000,160,10,1.3254838975961345,2.014660600312879,4.252975205966009,4,96,200,0.0,0.04,True,True,True,509,,,,,,,,,,,,,,,,,,,,,,,,
496,-1000000,55,14,3.0150850700995924,1.5758683177033856,12.850819405998623,1,120,200,0.003,0.03,True,True,True,510,,,,,,,,,,,,,,,,,,,,,,,,
498,-1000000,120,14,0.8298761431396178,2.18553984452459,12.219313801037297,1,96,150,0.001,0.03,False,True,False,511,,,,,,,,,,,,,,,,,,,,,,,,
501,-1000000,80,50,0.8174969324661713,2.262546277003203,12.520964118913747,4,48,150,0.002,0.08,True,False,True,512,,,,,,,,,,,,,,,,,,,,,,,,
502,-1000000,8,150,2.1692323319303535,1.8169884571584984,7.619920287966253,5,360,50,0.002,0.08,False,True,True,513,,,,,,,,,,,,,,,,,,,,,,,,
503,-1000000,55,20,0.9946818727215379,1.091296463764376,11.64492672127322,6,24,300,0.001,0.04,False,True,False,514,,,,,,,,,,,,,,,,,,,,,,,,
504,-1000000,80,75,0.9808321551392528,3.053469084138492,3.671389789131338,4,48,400,0.001,0.08,True,True,False,515,,,,,,,,,,,,,,,,,,,,,,,,
505,-1000000,40,14,2.7783726107039586,1.0649155938192023,7.34989200496695,6,360,400,0.002,0.05,True,True,True,516,,,,,,,,,,,,,,,,,,,,,,,,
506,-1000000,80,20,3.0348357047360075,1.8893330091001523,1.964836863233463,1,24,100,0.002,0.04,True,True,True,517,,,,,,,,,,,,,,,,,,,,,,,,
507,-1000000,8,75,1.377762907759409,0.8584189893318941,6.771167308147591,6,120,300,0.0005,0.2,True,True,True,518,,,,,,,,,,,,,,,,,,,,,,,,
508,-1000000,55,75,2.977435151230024,3.1402342017025253,5.931896020682445,5,48,600,0.003,0.04,False,True,True,519,,,,,,,,,,,,,,,,,,,,,,,,
509,-1000000,10,200,0.5388332600850928,3.489060221571192,2.351474515127447,4,240,400,0.002,0.08,True,True,False,520,,,,,,,,,,,,,,,,,,,,,,,,
510,-1000000,55,14,2.979439042395944,0.8397416775052845,11.6461294065309,2,120,400,0.001,0.08,True,False,True,521,,,,,,,,,,,,,,,,,,,,,,,,
511,-1000000,10,50,0.8441214811821123,2.784722744391564,10.418292687947927,5,120,100,0.0005,0.12,True,True,True,522,,,,,,,,,,,,,,,,,,,,,,,,
512,-1000000,80,14,2.1406154172756544,2.734304024304169,6.500811384813043,6,120,50,0.003,0.08,True,True,False,523,,,,,,,,,,,,,,,,,,,,,,,,
513,-1000000,120,5,1.7082174824760459,3.239953072480034,13.349668732831182,3,120,100,0.003,0.03,False,True,False,524,,,,,,,,,,,,,,,,,,,,,,,,
514,-1000000,160,150,2.301499360884229,2.030914204939507,13.764622454335564,1,360,600,0.002,0.03,True,True,True,525,,,,,,,,,,,,,,,,,,,,,,,,
515,-1000000,10,200,3.167669567570317,1.3793345798051404,8.176703251492658,5,240,100,0.003,0.12,True,True,True,526,,,,,,,,,,,,,,,,,,,,,,,,
516,-1000000,20,200,2.3091725564795724,3.0185678036939976,4.862269723399286,3,240,400,0.0005,0.2,True,True,False,527,,,,,,,,,,,,,,,,,,,,,,,,
517,-1000000,16,150,2.396366771403376,2.3544683080572106,2.396623213711692,3,120,600,0.0,0.04,True,True,True,528,,,,,,,,,,,,,,,,,,,,,,,,
518,-1000000,80,30,0.8208279033363214,1.6365329358258267,9.242057455447835,3,240,50,0.0005,0.2,True,True,True,529,,,,,,,,,,,,,,,,,,,,,,,,
519,-1000000,40,100,3.090517922628643,2.9548863772488603,12.976871670980419,4,240,400,0.0005,0.05,True,True,False,530,,,,,,,,,,,,,,,,,,,,,,,,
520,-1000000,16,14,0.8679924251247002,3.1969606009851117,6.802455660322448,3,168,400,0.003,0.05,True,True,False,531,,,,,,,,,,,,,,,,,,,,,,,,
521,-1000000,160,10,3.185344863371579,1.5219690757293585,6.161034667233131,1,120,200,0.003,0.04,True,True,True,532,,,,,,,,,,,,,,,,,,,,,,,,
522,-1000000,8,5,2.87052189410822,2.187554381150957,4.8617839938402,2,168,300,0.001,0.08,False,True,False,533,,,,,,,,,,,,,,,,,,,,,,,,
523,-1000000,40,5,0.6094353247248607,2.4994730819299704,6.110989731853644,2,120,150,0.001,0.04,True,True,False,534,,,,,,,,,,,,,,,,,,,,,,,,
524,-1000000,16,100,3.0156679386665064,1.8101629890158948,7.720279699273862,4,360,400,0.002,0.12,True,False,True,535,,,,,,,,,,,,,,,,,,,,,,,,
525,-1000000,12,20,1.91595612000905,0.5867930101040107,12.877911082541019,6,72,200,0.003,0.03,False,True,True,536,,,,,,,,,,,,,,,,,,,,,,,,
526,-1000000,20,14,1.7789313351836122,3.030216154601886,7.815058095265978,5,48,400,0.0005,0.12,True,True,True,537,,,,,,,,,,,,,,,,,,,,,,,,
527,-1000000,20,20,2.7231529159958887,0.9624640218663764,10.977812535070376,5,72,150,0.001,0.08,True,True,False,538,,,,,,,,,,,,,,,,,,,,,,,,
528,-1000000,80,20,1.769559825444702,3.1387087283658763,9.32669701422151,3,360,200,0.001,0.2,True,True,False,539,,,,,,,,,,,,,,,,,,,,,,,,
529,-1000000,16,200,2.269380315271694,3.0039784036690573,12.469866273274405,1,72,400,0.0005,0.05,True,True,False,540,,,,,,,,,,,,,,,,,,,,,,,,
530,-1000000,120,5,2.2660846409499857,1.103020644763168,1.7124644569254028,1,168,100,0.0,0.03,True,True,True,541,,,,,,,,,,,,,,,,,,,,,,,,
531,-1000000,10,200,2.370829279882135,2.106477357759604,3.3988577329373797,3,72,200,0.0,0.05,False,True,True,542,,,,,,,,,,,,,,,,,,,,,,,,
532,-1000000,12,30,0.6219271266499097,1.063624677787849,7.203896738812215,5,72,200,0.0005,0.03,True,True,False,543,,,,,,,,,,,,,,,,,,,,,,,,
533,-1000000,80,150,2.0855022500078255,1.8064409243428887,3.681459619276892,6,168,200,0.0005,0.03,False,True,False,544,,,,,,,,,,,,,,,,,,,,,,,,
534,-1000000,20,5,1.9661216953851028,2.601741502906717,9.126396317795061,6,120,400,0.001,0.2,True,True,False,545,,,,,,,,,,,,,,,,,,,,,,,,
536,-1000000,12,14,2.3622389281862444,1.4338485029068502,2.215468870925952,6,48,600,0.003,0.04,True,True,True,546,,,,,,,,,,,,,,,,,,,,,,,,
537,-1000000,40,100,0.5118541660215041,3.4806181068859,2.536318585367696,5,360,150,0.001,0.08,True,True,False,547,,,,,,,,,,,,,,,,,,,,,,,,
538,-1000000,12,14,3.1578316942039755,1.4864427443673498,4.972540014177769,3,360,150,0.0005,0.08,True,True,True,548,,,,,,,,,,,,,,,,,,,,,,,,
540,-1000000,16,10,2.8630154883031125,2.5677664041219814,9.057007952961667,5,72,400,0.003,0.12,False,True,False,549,,,,,,,,,,,,,,,,,,,,,,,,
541,-1000000,120,5,2.789877244285505,2.1224538994519153,1.7540776767894506,6,24,100,0.0,0.08,True,True,True,550,,,,,,,,,,,,,,,,,,,,,,,,
542,-1000000,55,30,2.23593966367987,2.9973619414681902,4.826688721448333,1,120,100,0.0,0.08,True,True,False,551,,,,,,,,,,,,,,,,,,,,,,,,
543,-1000000,12,14,1.6624215514587226,3.162278532827874,13.33254010109019,4,360,400,0.002,0.2,True,True,True,552,,,,,,,,,,,,,,,,,,,,,,,,
544,-1000000,30,75,1.2789099168054077,1.885667827748767,2.969226014538419,4,24,600,0.003,0.05,True,True,False,553,,,,,,,,,,,,,,,,,,,,,,,,
545,-1000000,55,30,2.087419190174548,1.6504839660551243,10.764866655342352,2,48,150,0.002,0.05,True,True,False,554,,,,,,,,,,,,,,,,,,,,,,,,
546,-1000000,80,200,0.6487436966423319,2.5904698616543307,6.656187564960965,3,36,300,0.0,0.05,True,True,True,555,,,,,,,,,,,,,,,,,,,,,,,,
547,-1000000,20,14,1.6522574329261954,3.0269064660978575,9.540484297375317,1,72,600,0.0005,0.12,True,True,False,556,,,,,,,,,,,,,,,,,,,,,,,,
549,-1000000,55,5,2.9422955793732455,3.2726857418881474,6.246347339871165,5,240,100,0.0005,0.03,True,True,True,557,,,,,,,,,,,,,,,,,,,,,,,,
550,-1000000,16,50,3.04991217072657,0.6254204180584788,8.425376900295609,5,240,300,0.002,0.03,True,True,False,558,,,,,,,,,,,,,,,,,,,,,,,,
551,-1000000,55,30,2.595542603172987,1.7987214397665094,3.189661194225028,4,168,50,0.001,0.03,True,False,True,559,,,,,,,,,,,,,,,,,,,,,,,,
552,-1000000,120,150,2.8229246137369093,1.3241016413188513,11.777237901078346,1,240,100,0.001,0.08,True,True,False,560,,,,,,,,,,,,,,,,,,,,,,,,
553,-1000000,160,30,1.081965896429811,2.886660152653553,9.72777978978194,1,96,100,0.0,0.08,False,True,False,561,,,,,,,,,,,,,,,,,,,,,,,,
554,-1000000,120,5,2.877687407812842,3.380271456133845,3.864849997565245,5,360,200,0.003,0.2,True,True,False,562,,,,,,,,,,,,,,,,,,,,,,,,
556,-1000000,16,30,3.074976697013697,2.044029585589437,11.9212529751787,5,168,600,0.001,0.05,True,True,True,563,,,,,,,,,,,,,,,,,,,,,,,,
557,-1000000,10,14,2.9058737543348268,1.4336539559089787,12.675634900552348,3,120,200,0.002,0.08,True,True,False,564,,,,,,,,,,,,,,,,,,,,,,,,
558,-1000000,20,200,2.9319798779989004,2.068185256795191,7.107997170706688,2,36,100,0.001,0.08,True,True,True,565,,,,,,,,,,,,,,,,,,,,,,,,
559,-1000000,40,5,2.6505019010938478,2.1733762868357127,6.962672328681949,3,360,150,0.0005,0.04,True,True,False,566,,,,,,,,,,,,,,,,,,,,,,,,
560,-1000000,120,30,0.7281182290249175,3.143000530165234,2.6031888227411484,6,240,600,0.0005,0.12,True,True,False,567,,,,,,,,,,,,,,,,,,,,,,,,
561,-1000000,30,100,2.711937654770649,2.3443907272062314,2.478228665283404,6,36,150,0.0005,0.04,True,True,False,568,,,,,,,,,,,,,,,,,,,,,,,,
562,-1000000,120,100,2.0020380808340614,2.9334385196183943,8.81021126399848,2,24,200,0.003,0.03,True,True,True,569,,,,,,,,,,,,,,,,,,,,,,,,
563,-1000000,16,20,2.4959263900197626,1.5569745014029883,2.765057417320403,6,96,150,0.003,0.08,True,True,False,570,,,,,,,,,,,,,,,,,,,,,,,,
564,-1000000,55,14,2.391417786344161,0.7572737203116588,5.103516514212391,4,36,300,0.0,0.05,True,True,False,571,,,,,,,,,,,,,,,,,,,,,,,,
565,-1000000,80,100,1.7607514585912976,1.7068440972432035,10.987134271369868,6,360,50,0.0,0.12,False,True,False,572,,,,,,,,,,,,,,,,,,,,,,,,
567,-1000000,24,50,0.9215763395063616,2.968814233440155,10.087040741560536,1,168,150,0.0005,0.2,False,False,True,573,,,,,,,,,,,,,,,,,,,,,,,,
568,-1000000,8,100,1.5244004422557058,2.3772962814710743,13.426137183778978,6,96,300,0.0005,0.08,True,True,False,574,,,,,,,,,,,,,,,,,,,,,,,,
569,-1000000,120,10,1.5915112505367752,0.9042360183495117,9.941106740799407,1,120,200,0.0005,0.04,True,True,False,575,,,,,,,,,,,,,,,,,,,,,,,,
570,-1000000,16,50,0.9513168322746688,0.9807696886993762,8.58735194218138,3,360,400,0.003,0.12,True,True,True,576,,,,,,,,,,,,,,,,,,,,,,,,
571,-1000000,120,150,1.7500394140671849,0.9203542069093296,10.794488212928442,1,240,150,0.001,0.05,False,True,True,577,,,,,,,,,,,,,,,,,,,,,,,,
572,-1000000,40,20,2.9401272232843567,1.4399895448383537,13.175796320977254,3,240,300,0.0005,0.08,True,True,True,578,,,,,,,,,,,,,,,,,,,,,,,,
573,-1000000,160,75,1.479478214971794,2.0504346003075646,13.00825002133952,4,48,400,0.001,0.03,True,True,False,579,,,,,,,,,,,,,,,,,,,,,,,,
574,-1000000,160,150,3.146090922682701,0.5613664857111788,5.751465604599057,2,360,150,0.001,0.04,False,True,False,580,,,,,,,,,,,,,,,,,,,,,,,,
576,-1000000,24,20,2.734068955367588,2.702800559719007,3.5294611858051064,3,96,100,0.0005,0.08,True,True,True,581,,,,,,,,,,,,,,,,,,,,,,,,
577,-1000000,120,14,2.445936992134417,1.2388524129999081,4.430405483173343,5,360,50,0.0005,0.2,False,True,False,582,,,,,,,,,,,,,,,,,,,,,,,,
578,-1000000,40,5,1.335585037241186,2.3642984166659784,2.2742663772781406,3,96,300,0.0,0.2,True,True,False,583,,,,,,,,,,,,,,,,,,,,,,,,
579,-1000000,120,30,1.255672381833341,3.488461994829945,13.495437193984479,4,240,50,0.003,0.2,False,True,False,584,,,,,,,,,,,,,,,,,,,,,,,,
580,-1000000,40,14,1.8066149053199407,0.8503349733802416,2.4470787360018273,3,36,200,0.0005,0.03,False,True,False,585,,,,,,,,,,,,,,,,,,,,,,,,
581,-1000000,16,100,2.773381284550039,2.8785262498337643,1.94077029807308,5,24,400,0.0,0.05,False,True,False,586,,,,,,,,,,,,,,,,,,,,,,,,
582,-1000000,16,30,2.7748501194123487,2.4523773730288565,4.757530862333928,3,96,400,0.0005,0.04,True,True,False,587,,,,,,,,,,,,,,,,,,,,,,,,
585,-1000000,10,200,1.974274109631866,2.574896050329075,7.38526128211037,4,120,300,0.0,0.03,True,True,False,588,,,,,,,,,,,,,,,,,,,,,,,,
586,-1000000,80,100,1.369497431093922,1.1333336251453758,7.470244704114959,6,240,50,0.002,0.2,True,True,False,589,,,,,,,,,,,,,,,,,,,,,,,,
587,-1000000,30,30,1.6583692965465309,1.9522801666707563,7.649379025660904,4,120,400,0.001,0.08,False,True,True,590,,,,,,,,,,,,,,,,,,,,,,,,
588,-1000000,160,20,2.371987267904264,2.1413753651858043,7.067496151364669,6,48,600,0.0005,0.12,False,False,True,591,,,,,,,,,,,,,,,,,,,,,,,,
589,-1000000,120,150,2.9280154473286495,2.0673075118766597,11.737013020742909,5,240,100,0.002,0.12,True,True,True,592,,,,,,,,,,,,,,,,,,,,,,,,
590,-1000000,12,50,2.6363912427290233,0.5114739589285472,9.733783176633757,6,96,600,0.003,0.03,True,True,True,593,,,,,,,,,,,,,,,,,,,,,,,,
591,-1000000,8,75,1.4830444767796942,3.4940050302887915,11.061113705797665,1,96,100,0.002,0.08,True,True,True,594,,,,,,,,,,,,,,,,,,,,,,,,
592,-1000000,30,50,1.7409344024662945,1.820319709041538,7.166866164985669,3,168,50,0.001,0.05,True,True,False,595,,,,,,,,,,,,,,,,,,,,,,,,
593,-1000000,20,30,0.5619191866194022,2.239550270456247,10.00621505779138,4,96,600,0.0005,0.03,True,True,False,596,,,,,,,,,,,,,,,,,,,,,,,,
596,-1000000,12,14,0.8363199617456285,0.8214595380096686,11.29418603703523,5,360,100,0.001,0.12,True,True,False,597,,,,,,,,,,,,,,,,,,,,,,,,
597,-1000000,40,20,3.0697844742068465,0.5770098971797253,10.233904619072698,5,168,400,0.0005,0.04,False,True,False,598,,,,,,,,,,,,,,,,,,,,,,,,
598,-1000000,40,30,2.6439426777007147,2.5668625023128033,2.237404369391448,4,168,150,0.003,0.08,True,True,True,599,,,,,,,,,,,,,,,,,,,,,,,,
599,-1000000,20,75,0.6969015274722373,1.1061691865783216,10.01456613904597,4,72,600,0.0005,0.04,True,True,False,600,,,,,,,,,,,,,,,,,,,,,,,,
