timestamp,benchmark
2025-01-01 04:00:00+00:00,100000.0
2025-01-01 05:00:00+00:00,100254.51635319144
2025-01-01 06:00:00+00:00,100217.70335414095
2025-01-01 07:00:00+00:00,100139.16040494725
2025-01-01 08:00:00+00:00,99865.90619248303
2025-01-01 09:00:00+00:00,99849.44509534663
2025-01-01 10:00:00+00:00,99756.63229896003
2025-01-01 11:00:00+00:00,99883.20103350036
2025-01-01 12:00:00+00:00,100285.23660849665
2025-01-01 13:00:00+00:00,100510.77501731354
2025-01-01 14:00:00+00:00,100664.8359218765
2025-01-01 15:00:00+00:00,100939.59728674087
2025-01-01 16:00:00+00:00,100573.55165593827
2025-01-01 17:00:00+00:00,100630.5882886135
2025-01-01 18:00:00+00:00,100840.31763076497
2025-01-01 19:00:00+00:00,101147.10331187655
2025-01-01 20:00:00+00:00,101317.22981968363
2025-01-01 21:00:00+00:00,101522.72630828575
2025-01-01 22:00:00+00:00,101335.1339350755
2025-01-01 23:00:00+00:00,101109.39243480042
2025-01-02 00:00:00+00:00,101683.17924926922
2025-01-02 01:00:00+00:00,101398.99016513581
2025-01-02 02:00:00+00:00,101796.23705732876
2025-01-02 03:00:00+00:00,101556.7708500906
2025-01-02 04:00:00+00:00,102302.58681865889
2025-01-02 05:00:00+00:00,102183.30799856468
2025-01-02 06:00:00+00:00,102160.33728574251
2025-01-02 07:00:00+00:00,102424.36687039588
2025-01-02 08:00:00+00:00,102774.966861353
2025-01-02 09:00:00+00:00,103422.19796051281
2025-01-02 10:00:00+00:00,103371.41440694462
2025-01-02 11:00:00+00:00,103398.12627820687
2025-01-02 12:00:00+00:00,103523.20923839527
2025-01-02 13:00:00+00:00,103104.37051749093
2025-01-02 14:00:00+00:00,103957.6966906033
2025-01-02 15:00:00+00:00,103100.99278587072
2025-01-02 16:00:00+00:00,103929.10355109691
2025-01-02 17:00:00+00:00,103424.39989948043
2025-01-02 18:00:00+00:00,104025.30476812781
2025-01-02 19:00:00+00:00,104023.16696330489
2025-01-02 20:00:00+00:00,104011.1097441037
2025-01-02 21:00:00+00:00,103910.86807595749
2025-01-02 22:00:00+00:00,103588.44435256634
2025-01-02 23:00:00+00:00,103667.2759054111
2025-01-03 00:00:00+00:00,103497.3524890622
2025-01-03 01:00:00+00:00,103668.0027590509
2025-01-03 02:00:00+00:00,103648.09979614962
2025-01-03 03:00:00+00:00,103750.12653132297
2025-01-03 04:00:00+00:00,103484.08741013604
2025-01-03 05:00:00+00:00,103432.70527121742
2025-01-03 06:00:00+00:00,103191.2936615904
2025-01-03 07:00:00+00:00,102939.57783271698
2025-01-03 08:00:00+00:00,102753.55674605156
2025-01-03 09:00:00+00:00,103207.14548435228
2025-01-03 10:00:00+00:00,103136.82239470267
2025-01-03 11:00:00+00:00,103424.41058850453
2025-01-03 12:00:00+00:00,103327.22598125508
2025-01-03 13:00:00+00:00,103154.20274791293
2025-01-03 14:00:00+00:00,103700.64703869673
2025-01-03 15:00:00+00:00,104240.80618330116
2025-01-03 16:00:00+00:00,104611.55498471415
2025-01-03 17:00:00+00:00,104780.22778524167
2025-01-03 18:00:00+00:00,105316.79541774362
2025-01-03 19:00:00+00:00,105385.23723914905
2025-01-03 20:00:00+00:00,105085.42080176018
2025-01-03 21:00:00+00:00,105043.92601014751
2025-01-03 22:00:00+00:00,105069.22693022665
2025-01-03 23:00:00+00:00,104938.617744571
2025-01-04 00:00:00+00:00,104699.00189099523
2025-01-04 01:00:00+00:00,104795.19241900204
2025-01-04 02:00:00+00:00,105077.92779585588
2025-01-04 03:00:00+00:00,104966.21680483478
2025-01-04 04:00:00+00:00,104753.50522495533
2025-01-04 05:00:00+00:00,104887.34249589355
2025-01-04 06:00:00+00:00,104888.76413610077
2025-01-04 07:00:00+00:00,105043.04951017012
2025-01-04 08:00:00+00:00,104652.03431903596
2025-01-04 09:00:00+00:00,104421.4720688852
2025-01-04 10:00:00+00:00,104527.23996249864
2025-01-04 11:00:00+00:00,104634.20502681288
2025-01-04 12:00:00+00:00,104632.84752075032
2025-01-04 13:00:00+00:00,104723.62940255518
2025-01-04 14:00:00+00:00,104789.89066304122
2025-01-04 15:00:00+00:00,104386.80756368172
2025-01-04 16:00:00+00:00,104436.6825502002
2025-01-04 17:00:00+00:00,104769.81667575412
2025-01-04 18:00:00+00:00,104711.34771384756
2025-01-04 19:00:00+00:00,104930.15203747229
2025-01-04 20:00:00+00:00,105392.73024505336
2025-01-04 21:00:00+00:00,105139.83862352732
2025-01-04 22:00:00+00:00,105198.43585372326
2025-01-04 23:00:00+00:00,104988.12930426959
2025-01-05 00:00:00+00:00,104980.57216422059
2025-01-05 01:00:00+00:00,104884.47783743085
2025-01-05 02:00:00+00:00,104995.59024310154
2025-01-05 03:00:00+00:00,104953.34721980087
2025-01-05 04:00:00+00:00,105134.5261785424
2025-01-05 05:00:00+00:00,105136.1509102078
2025-01-05 06:00:00+00:00,105235.01369424324
2025-01-05 07:00:00+00:00,105039.72522367051
2025-01-05 08:00:00+00:00,104603.90164344813
2025-01-05 09:00:00+00:00,104380.67206383999
2025-01-05 10:00:00+00:00,104471.82806148882
2025-01-05 11:00:00+00:00,104369.37376535092
2025-01-05 12:00:00+00:00,104506.59945693343
2025-01-05 13:00:00+00:00,104421.03381889651
2025-01-05 14:00:00+00:00,104597.50960702765
2025-01-05 15:00:00+00:00,104783.4131144278
2025-01-05 16:00:00+00:00,104790.0296203547
2025-01-05 17:00:00+00:00,104464.98708605551
2025-01-05 18:00:00+00:00,104665.75902599901
2025-01-05 19:00:00+00:00,104837.55302156799
2025-01-05 20:00:00+00:00,105047.143406406
2025-01-05 21:00:00+00:00,105283.16774787927
2025-01-05 22:00:00+00:00,105495.54796801117
2025-01-05 23:00:00+00:00,105141.09992837285
2025-01-06 00:00:00+00:00,104984.63399338414
2025-01-06 01:00:00+00:00,105564.19288087478
2025-01-06 02:00:00+00:00,105624.00865981978
2025-01-06 03:00:00+00:00,105861.49739759674
2025-01-06 04:00:00+00:00,106319.54345895322
2025-01-06 05:00:00+00:00,106462.6801808711
2025-01-06 06:00:00+00:00,106368.84123816952
2025-01-06 07:00:00+00:00,106161.99793252895
2025-01-06 08:00:00+00:00,105867.82529987255
2025-01-06 09:00:00+00:00,105821.32804497429
2025-01-06 10:00:00+00:00,105573.31061844448
2025-01-06 11:00:00+00:00,106099.24267195245
2025-01-06 12:00:00+00:00,105989.28468088614
2025-01-06 13:00:00+00:00,106347.78386066385
2025-01-06 14:00:00+00:00,107678.05428976724
2025-01-06 15:00:00+00:00,109186.19008013669
2025-01-06 16:00:00+00:00,109197.64871398747
2025-01-06 17:00:00+00:00,108848.41691811704
2025-01-06 18:00:00+00:00,108748.84865849007
2025-01-06 19:00:00+00:00,108832.67198559632
2025-01-06 20:00:00+00:00,109164.20275753307
2025-01-06 21:00:00+00:00,108613.2263205247
2025-01-06 22:00:00+00:00,109040.8514192512
2025-01-06 23:00:00+00:00,109279.87937650067
2025-01-07 00:00:00+00:00,109073.43156475236
2025-01-07 01:00:00+00:00,108937.8947389799
2025-01-07 02:00:00+00:00,108683.49596505373
2025-01-07 03:00:00+00:00,108716.01197641017
2025-01-07 04:00:00+00:00,108672.12284339585
2025-01-07 05:00:00+00:00,108753.84043275156
2025-01-07 06:00:00+00:00,108836.21005257824
2025-01-07 07:00:00+00:00,108669.76056906654
2025-01-07 08:00:00+00:00,108926.58575146672
2025-01-07 09:00:00+00:00,108732.16309184725
2025-01-07 10:00:00+00:00,108393.95167983892
2025-01-07 11:00:00+00:00,107778.34940303404
2025-01-07 12:00:00+00:00,107692.86927719002
2025-01-07 13:00:00+00:00,107570.91820106716
2025-01-07 14:00:00+00:00,106868.53173747628
2025-01-07 15:00:00+00:00,104701.40692142103
2025-01-07 16:00:00+00:00,104467.65934208415
2025-01-07 17:00:00+00:00,103979.9512388098
2025-01-07 18:00:00+00:00,103417.22756429957
2025-01-07 19:00:00+00:00,103097.75401156403
2025-01-07 20:00:00+00:00,103184.73060078408
2025-01-07 21:00:00+00:00,103150.38676630403
2025-01-07 22:00:00+00:00,103858.83390656787
2025-01-07 23:00:00+00:00,103635.01643063342
2025-01-08 00:00:00+00:00,103970.52351954077
2025-01-08 01:00:00+00:00,103584.28632218577
2025-01-08 02:00:00+00:00,103553.27746322949
2025-01-08 03:00:00+00:00,103176.01904613072
2025-01-08 04:00:00+00:00,102908.37657132663
2025-01-08 05:00:00+00:00,103140.54217509454
2025-01-08 06:00:00+00:00,101849.62873278091
2025-01-08 07:00:00+00:00,102248.09417372293
2025-01-08 08:00:00+00:00,102556.90008039215
2025-01-08 09:00:00+00:00,102008.37142990604
2025-01-08 10:00:00+00:00,102572.96568363631
2025-01-08 11:00:00+00:00,101689.94540153371
2025-01-08 12:00:00+00:00,101426.02270712149
2025-01-08 13:00:00+00:00,101956.18761417882
2025-01-08 14:00:00+00:00,101853.5836717033
2025-01-08 15:00:00+00:00,102073.52103188419
2025-01-08 16:00:00+00:00,101318.98281963842
2025-01-08 17:00:00+00:00,100509.7702490468
2025-01-08 18:00:00+00:00,100736.15309076873
2025-01-08 19:00:00+00:00,100737.5212858554
2025-01-08 20:00:00+00:00,100455.44862849664
2025-01-08 21:00:00+00:00,100978.10984062559
2025-01-08 22:00:00+00:00,101856.70486674474
2025-01-08 23:00:00+00:00,101610.51526333853
2025-01-09 00:00:00+00:00,101690.35158445008
2025-01-09 01:00:00+00:00,101528.43424716296
2025-01-09 02:00:00+00:00,101307.3531614018
2025-01-09 03:00:00+00:00,100506.64905400532
2025-01-09 04:00:00+00:00,100930.29783576122
2025-01-09 05:00:00+00:00,100981.96857833093
2025-01-09 06:00:00+00:00,100578.40447288626
2025-01-09 07:00:00+00:00,99644.78235062542
2025-01-09 08:00:00+00:00,99440.9212827128
2025-01-09 09:00:00+00:00,99960.14062907685
2025-01-09 10:00:00+00:00,99902.21680740012
2025-01-09 11:00:00+00:00,99905.2097341522
2025-01-09 12:00:00+00:00,99858.93694876034
2025-01-09 13:00:00+00:00,98324.50615906913
2025-01-09 14:00:00+00:00,99262.33975683112
2025-01-09 15:00:00+00:00,100737.66024316888
2025-01-09 16:00:00+00:00,100745.06773688026
2025-01-09 17:00:00+00:00,99079.88880421994
2025-01-09 18:00:00+00:00,99429.41989276557
2025-01-09 19:00:00+00:00,98242.38238679708
2025-01-09 20:00:00+00:00,98235.57347843613
2025-01-09 21:00:00+00:00,98455.3611922794
2025-01-09 22:00:00+00:00,98826.78340221163
2025-01-09 23:00:00+00:00,98929.57974712121
2025-01-10 00:00:00+00:00,99168.31910071957
2025-01-10 01:00:00+00:00,99517.50814049353
2025-01-10 02:00:00+00:00,99797.3895479088
2025-01-10 03:00:00+00:00,100152.01930095708
2025-01-10 04:00:00+00:00,100303.33312632256
2025-01-10 05:00:00+00:00,100430.68215962325
2025-01-10 06:00:00+00:00,100747.07727341379
2025-01-10 07:00:00+00:00,101003.4000716806
2025-01-10 08:00:00+00:00,101203.69100553895
2025-01-10 09:00:00+00:00,101324.5518012021
2025-01-10 10:00:00+00:00,101776.32340540337
2025-01-10 11:00:00+00:00,101624.77442150735
2025-01-10 12:00:00+00:00,101570.78416070477
2025-01-10 13:00:00+00:00,100003.54875600601
2025-01-10 14:00:00+00:00,100600.42386256225
2025-01-10 15:00:00+00:00,100189.20641585156
2025-01-10 16:00:00+00:00,100097.41976577997
2025-01-10 17:00:00+00:00,102393.42214558429
2025-01-10 18:00:00+00:00,101397.81437248319
2025-01-10 19:00:00+00:00,101895.32431087058
2025-01-10 20:00:00+00:00,101195.18254234377
2025-01-10 21:00:00+00:00,101132.34176957436
2025-01-10 22:00:00+00:00,101297.42305799937
2025-01-10 23:00:00+00:00,101252.967406707
2025-01-11 00:00:00+00:00,101118.90566626238
2025-01-11 01:00:00+00:00,100930.31921380945
2025-01-11 02:00:00+00:00,100930.29783576122
2025-01-11 03:00:00+00:00,100698.03603077625
2025-01-11 04:00:00+00:00,100544.4775103467
2025-01-11 05:00:00+00:00,100868.78250198202
2025-01-11 06:00:00+00:00,100707.97682320279
2025-01-11 07:00:00+00:00,100740.16147481168
2025-01-11 08:00:00+00:00,100556.76988807843
2025-01-11 09:00:00+00:00,100828.97657617944
2025-01-11 10:00:00+00:00,100999.37030958942
2025-01-11 11:00:00+00:00,101145.58547045226
2025-01-11 12:00:00+00:00,101064.73369204985
2025-01-11 13:00:00+00:00,100904.39833033166
2025-01-11 14:00:00+00:00,101139.54617182756
2025-01-11 15:00:00+00:00,100915.35458004908
2025-01-11 16:00:00+00:00,100955.84460339497
2025-01-11 17:00:00+00:00,100638.78677010933
2025-01-11 18:00:00+00:00,100771.61927278078
2025-01-11 19:00:00+00:00,100743.26129180488
2025-01-11 20:00:00+00:00,101103.32106910336
2025-01-11 21:00:00+00:00,101482.40730932569
2025-01-11 22:00:00+00:00,101111.54092864745
2025-01-11 23:00:00+00:00,101118.15743457436
2025-01-12 00:00:00+00:00,100960.045389872
2025-01-12 01:00:00+00:00,101096.79007536938
2025-01-12 02:00:00+00:00,101145.15790948768
2025-01-12 03:00:00+00:00,101142.11153761503
2025-01-12 04:00:00+00:00,101105.33060563692
2025-01-12 05:00:00+00:00,101087.62958170321
2025-01-12 06:00:00+00:00,100884.91223937087
2025-01-12 07:00:00+00:00,100822.99072267531
2025-01-12 08:00:00+00:00,100658.55077569712
2025-01-12 09:00:00+00:00,100376.58500857954
2025-01-12 10:00:00+00:00,100493.03123728339
2025-01-12 11:00:00+00:00,100749.5036818878
2025-01-12 12:00:00+00:00,100827.64044816513
2025-01-12 13:00:00+00:00,101186.34271940103
2025-01-12 14:00:00+00:00,101343.70653241538
2025-01-12 15:00:00+00:00,101622.58317156385
2025-01-12 16:00:00+00:00,101595.71096493989
2025-01-12 17:00:00+00:00,101694.7875294576
2025-01-12 18:00:00+00:00,101537.86196643197
2025-01-12 19:00:00+00:00,101171.89115879817
2025-01-12 20:00:00+00:00,101211.90017605892
2025-01-12 21:00:00+00:00,100853.82855724577
2025-01-12 22:00:00+00:00,100437.1810862849
2025-01-12 23:00:00+00:00,101059.44262511315
2025-01-13 00:00:00+00:00,101893.58199993992
2025-01-13 01:00:00+00:00,100709.85809144695
2025-01-13 02:00:00+00:00,100709.23812804831
2025-01-13 03:00:00+00:00,100764.60727296164
2025-01-13 04:00:00+00:00,101014.84801650727
2025-01-13 05:00:00+00:00,100670.69350709126
2025-01-13 06:00:00+00:00,100089.21059526
2025-01-13 07:00:00+00:00,100038.83322460814
2025-01-13 08:00:00+00:00,99449.71834955909
2025-01-13 09:00:00+00:00,99244.15772681226
2025-01-13 10:00:00+00:00,97959.51874165388
2025-01-13 11:00:00+00:00,97111.08814158596
2025-01-13 12:00:00+00:00,96983.65359609235
2025-01-13 13:00:00+00:00,97410.5839082514
2025-01-13 14:00:00+00:00,98160.54721817611
2025-01-13 15:00:00+00:00,98471.29852723419
2025-01-13 16:00:00+00:00,97636.96674997335
2025-01-13 17:00:00+00:00,98321.87665913696
2025-01-13 18:00:00+00:00,98422.02212606612
2025-01-13 19:00:00+00:00,98672.71180862456
2025-01-13 20:00:00+00:00,100023.10967013563
2025-01-13 21:00:00+00:00,100683.64860431809
2025-01-13 22:00:00+00:00,100904.36626325932
2025-01-13 23:00:00+00:00,101049.86525950652
2025-01-14 00:00:00+00:00,100980.03386496619
2025-01-14 01:00:00+00:00,101368.82573908454
2025-01-14 02:00:00+00:00,101420.29339019606
2025-01-14 03:00:00+00:00,101397.57921395267
2025-01-14 04:00:00+00:00,101673.13156660154
2025-01-14 05:00:00+00:00,101456.026797811
2025-01-14 06:00:00+00:00,101579.86983120213
2025-01-14 07:00:00+00:00,101400.35836022245
2025-01-14 08:00:00+00:00,102067.88791617581
2025-01-14 09:00:00+00:00,103853.95971157165
2025-01-14 10:00:00+00:00,103359.74199261153
2025-01-14 11:00:00+00:00,103200.43277720833
2025-01-14 12:00:00+00:00,102601.80467069735
2025-01-14 13:00:00+00:00,102973.78270988353
2025-01-14 14:00:00+00:00,102928.46124763785
2025-01-14 15:00:00+00:00,103118.77932199734
2025-01-14 16:00:00+00:00,102342.5210127508
2025-01-14 17:00:00+00:00,103178.96921678635
2025-01-14 18:00:00+00:00,103446.02379526413
2025-01-14 19:00:00+00:00,103189.48721651506
2025-01-14 20:00:00+00:00,103154.4699735158
2025-01-14 21:00:00+00:00,103134.21427281873
2025-01-14 22:00:00+00:00,103354.21576714431
2025-01-14 23:00:00+00:00,103214.1361061232
2025-01-15 00:00:00+00:00,103565.27054828602
2025-01-15 01:00:00+00:00,104057.24357218207
2025-01-15 02:00:00+00:00,103495.47122081801
2025-01-15 03:00:00+00:00,104022.50424380979
2025-01-15 04:00:00+00:00,103886.31538756638
2025-01-15 05:00:00+00:00,103715.56891636063
2025-01-15 06:00:00+00:00,103796.28173744955
2025-01-15 07:00:00+00:00,104005.64765278118
2025-01-15 08:00:00+00:00,103899.73011283012
2025-01-15 09:00:00+00:00,103487.35825151509
2025-01-15 10:00:00+00:00,103612.54810194465
2025-01-15 11:00:00+00:00,103429.32753959722
2025-01-15 12:00:00+00:00,103622.53165046762
2025-01-15 13:00:00+00:00,105782.85824718603
2025-01-15 14:00:00+00:00,106285.68063055836
2025-01-15 15:00:00+00:00,105813.23645371957
2025-01-15 16:00:00+00:00,105816.61418533976
2025-01-15 17:00:00+00:00,105442.57316449948
2025-01-15 18:00:00+00:00,106298.21885584472
2025-01-15 19:00:00+00:00,106724.45438143631
2025-01-15 20:00:00+00:00,106426.76505984624
2025-01-15 21:00:00+00:00,106539.64115449584
2025-01-15 22:00:00+00:00,106583.95784847475
2025-01-15 23:00:00+00:00,107421.85975978983
2025-01-16 00:00:00+00:00,106750.49284417935
2025-01-16 01:00:00+00:00,106978.26525903623
2025-01-16 02:00:00+00:00,106503.05262495174
2025-01-16 03:00:00+00:00,106332.306153746
2025-01-16 04:00:00+00:00,106473.36920498565
2025-01-16 05:00:00+00:00,106229.77703443928
2025-01-16 06:00:00+00:00,106677.77541312811
2025-01-16 07:00:00+00:00,106676.4499741379
2025-01-16 08:00:00+00:00,105774.09324741212
2025-01-16 09:00:00+00:00,105984.80597978213
2025-01-16 10:00:00+00:00,106050.35107565252
2025-01-16 11:00:00+00:00,105990.98423572036
2025-01-16 12:00:00+00:00,106240.44468050559
2025-01-16 13:00:00+00:00,105911.16929265702
2025-01-16 14:00:00+00:00,104345.06692451442
2025-01-16 15:00:00+00:00,106137.91556119887
2025-01-16 16:00:00+00:00,106191.59584030214
2025-01-16 17:00:00+00:00,106717.65616209948
2025-01-16 18:00:00+00:00,106445.8342788666
2025-01-16 19:00:00+00:00,107336.18723151175
2025-01-16 20:00:00+00:00,107257.93288596916
2025-01-16 21:00:00+00:00,107058.03744600304
2025-01-16 22:00:00+00:00,106717.34618040016
2025-01-16 23:00:00+00:00,106876.66608482745
2025-01-17 00:00:00+00:00,107019.12939822611
2025-01-17 01:00:00+00:00,108664.40536798516
2025-01-17 02:00:00+00:00,108066.0337980529
2025-01-17 03:00:00+00:00,108014.437878652
2025-01-17 04:00:00+00:00,108473.59559851639
2025-01-17 05:00:00+00:00,108316.21040745385
2025-01-17 06:00:00+00:00,108396.31395416825
2025-01-17 07:00:00+00:00,108429.99506915316
2025-01-17 08:00:00+00:00,109173.42738534391
2025-01-17 09:00:00+00:00,108879.74644779676
2025-01-17 10:00:00+00:00,109371.73016071695
2025-01-17 11:00:00+00:00,109282.01718132358
2025-01-17 12:00:00+00:00,109825.11580755952
2025-01-17 13:00:00+00:00,109534.85535772901
2025-01-17 14:00:00+00:00,110502.0089486372
2025-01-17 15:00:00+00:00,111165.85079127103
2025-01-17 16:00:00+00:00,112205.68974615812
2025-01-17 17:00:00+00:00,111299.95528781213
2025-01-17 18:00:00+00:00,112059.11115847535
2025-01-17 19:00:00+00:00,113127.21189312129
2025-01-17 20:00:00+00:00,111906.2794916856
2025-01-17 21:00:00+00:00,111811.9916099712
2025-01-17 22:00:00+00:00,111604.51765190787
2025-01-17 23:00:00+00:00,111248.66935011053
2025-01-18 00:00:00+00:00,111867.98071828317
2025-01-18 01:00:00+00:00,111452.46628387846
2025-01-18 02:00:00+00:00,111516.4294041799
2025-01-18 03:00:00+00:00,110695.341327797
2025-01-18 04:00:00+00:00,110737.50952792887
2025-01-18 05:00:00+00:00,109914.45467110888
2025-01-18 06:00:00+00:00,110567.68231279697
2025-01-18 07:00:00+00:00,109906.41652497475
2025-01-18 08:00:00+00:00,110387.68983573215
2025-01-18 09:00:00+00:00,110267.2138449371
2025-01-18 10:00:00+00:00,110294.31052106747
2025-01-18 11:00:00+00:00,110726.84188186255
2025-01-18 12:00:00+00:00,110585.80020867112
2025-01-18 13:00:00+00:00,111556.86598240522
2025-01-18 14:00:00+00:00,111158.4005414632
2025-01-18 15:00:00+00:00,111774.01350729221
2025-01-18 16:00:00+00:00,110368.08616550606
2025-01-18 17:00:00+00:00,110980.03279606378
2025-01-18 18:00:00+00:00,111256.4295816177
2025-01-18 19:00:00+00:00,111574.18220147077
2025-01-18 20:00:00+00:00,111203.71131468476
2025-01-18 21:00:00+00:00,111047.5126052989
2025-01-18 22:00:00+00:00,111477.22206372775
2025-01-18 23:00:00+00:00,111760.4063795944
2025-01-19 00:00:00+00:00,111281.29225170813
2025-01-19 01:00:00+00:00,111686.22455223944
2025-01-19 02:00:00+00:00,112104.30435243166
2025-01-19 03:00:00+00:00,112217.66145316641
2025-01-19 04:00:00+00:00,112268.99014696445
2025-01-19 05:00:00+00:00,112359.30171170825
2025-01-19 06:00:00+00:00,112842.19975413106
2025-01-19 07:00:00+00:00,112413.38817372783
2025-01-19 08:00:00+00:00,111623.59755995232
2025-01-19 09:00:00+00:00,112555.22083470375
2025-01-19 10:00:00+00:00,112046.47673197197
2025-01-19 11:00:00+00:00,111554.10821418365
2025-01-19 12:00:00+00:00,112166.92065569464
2025-01-19 13:00:00+00:00,112197.03163662535
2025-01-19 14:00:00+00:00,112405.7775885583
2025-01-19 15:00:00+00:00,112166.71756423649
2025-01-19 16:00:00+00:00,112195.32139276703
2025-01-19 17:00:00+00:00,112358.532101972
2025-01-19 18:00:00+00:00,112280.60911617697
2025-01-19 19:00:00+00:00,113517.436096471
2025-01-19 20:00:00+00:00,113598.12753951171
2025-01-19 21:00:00+00:00,110828.54794631245
2025-01-19 22:00:00+00:00,110539.47397815868
2025-01-19 23:00:00+00:00,108313.55952947344
2025-01-20 00:00:00+00:00,106670.59238892313
2025-01-20 01:00:00+00:00,107630.79811415686
2025-01-20 02:00:00+00:00,108949.39612892715
2025-01-20 03:00:00+00:00,108912.52968475608
2025-01-20 04:00:00+00:00,109276.39475463933
2025-01-20 05:00:00+00:00,109395.96217838464
2025-01-20 06:00:00+00:00,114892.57904880725
2025-01-20 07:00:00+00:00,114501.52110157661
2025-01-20 08:00:00+00:00,115783.51989777871
2025-01-20 09:00:00+00:00,115582.60900052173
2025-01-20 10:00:00+00:00,115403.5785356272
2025-01-20 11:00:00+00:00,115697.13120488496
2025-01-20 12:00:00+00:00,114284.46977790665
2025-01-20 13:00:00+00:00,115394.7600907327
2025-01-20 14:00:00+00:00,115298.92230052168
2025-01-20 15:00:00+00:00,112189.84861242036
2025-01-20 16:00:00+00:00,114020.226412771
2025-01-20 17:00:00+00:00,110057.74103936437
2025-01-20 18:00:00+00:00,111091.7330980608
2025-01-20 19:00:00+00:00,110836.2333546508
2025-01-20 20:00:00+00:00,110788.69926441344
2025-01-20 21:00:00+00:00,109665.1118055889
2025-01-20 22:00:00+00:00,110746.84104598087
2025-01-20 23:00:00+00:00,109305.97128436426
2025-01-21 00:00:00+00:00,108159.82998465805
2025-01-21 01:00:00+00:00,108491.71349439057
2025-01-21 02:00:00+00:00,109611.19636795511
2025-01-21 03:00:00+00:00,110028.54931450755
2025-01-21 04:00:00+00:00,109395.96217838464
2025-01-21 05:00:00+00:00,108350.34046145157
2025-01-21 06:00:00+00:00,109216.21554887442
2025-01-21 07:00:00+00:00,109016.34148695656
2025-01-21 08:00:00+00:00,109527.02030305305
2025-01-21 09:00:00+00:00,109783.84548545326
2025-01-21 10:00:00+00:00,110268.88133269899
2025-01-21 11:00:00+00:00,110907.44363330191
2025-01-21 12:00:00+00:00,111721.65866717916
2025-01-21 13:00:00+00:00,111654.41401647458
2025-01-21 14:00:00+00:00,110375.83570798913
2025-01-21 15:00:00+00:00,111104.92335381814
2025-01-21 16:00:00+00:00,112198.399831712
2025-01-21 17:00:00+00:00,113488.85364598871
2025-01-21 18:00:00+00:00,114224.1729928765
2025-01-21 19:00:00+00:00,114406.05742720961
2025-01-21 20:00:00+00:00,113450.64038477921
2025-01-21 21:00:00+00:00,114129.09412337761
2025-01-21 22:00:00+00:00,113299.3906935584
2025-01-21 23:00:00+00:00,113457.3851589955
2025-01-22 00:00:00+00:00,113248.07268878448
2025-01-22 01:00:00+00:00,113089.86444286509
2025-01-22 02:00:00+00:00,112858.87463174976
2025-01-22 03:00:00+00:00,112876.1053386224
2025-01-22 04:00:00+00:00,112853.01704653498
2025-01-22 05:00:00+00:00,112971.38729957945
2025-01-22 06:00:00+00:00,112640.7330276201
2025-01-22 07:00:00+00:00,112325.36406014457
2025-01-22 08:00:00+00:00,112523.38892089065
2025-01-22 09:00:00+00:00,112218.53795314381
2025-01-22 10:00:00+00:00,112387.34971098481
2025-01-22 11:00:00+00:00,112342.06031581148
2025-01-22 12:00:00+00:00,112529.62062194942
2025-01-22 13:00:00+00:00,111244.88543557397
2025-01-22 14:00:00+00:00,111586.63491456425
2025-01-22 15:00:00+00:00,111358.26391435697
2025-01-22 16:00:00+00:00,110850.13977502382
2025-01-22 17:00:00+00:00,111535.47724515203
2025-01-22 18:00:00+00:00,111054.69562950387
2025-01-22 19:00:00+00:00,111839.2593104874
2025-01-22 20:00:00+00:00,111509.0753555891
2025-01-22 21:00:00+00:00,111259.94627055139
2025-01-22 22:00:00+00:00,111023.46230104116
2025-01-22 23:00:00+00:00,110852.29895789496
2025-01-23 00:00:00+00:00,110425.64656036289
2025-01-23 01:00:00+00:00,110024.19888169292
2025-01-23 02:00:00+00:00,109728.54047468459
2025-01-23 03:00:00+00:00,109521.07720564539
2025-01-23 04:00:00+00:00,109108.44880775159
2025-01-23 05:00:00+00:00,109597.25788050976
2025-01-23 06:00:00+00:00,109302.43321738235
2025-01-23 07:00:00+00:00,109787.2552841458
2025-01-23 08:00:00+00:00,109258.66166363329
2025-01-23 09:00:00+00:00,108677.456666429
2025-01-23 10:00:00+00:00,108689.85593440189
2025-01-23 11:00:00+00:00,108968.71119550215
2025-01-23 12:00:00+00:00,108638.51655157973
2025-01-23 13:00:00+00:00,109575.6232957019
2025-01-23 14:00:00+00:00,112462.9638675711
2025-01-23 15:00:00+00:00,112516.43036619207
2025-01-23 16:00:00+00:00,112383.52304035179
2025-01-23 17:00:00+00:00,113226.45948202486
2025-01-23 18:00:00+00:00,112688.38469712276
2025-01-23 19:00:00+00:00,110920.04599273295
2025-01-23 20:00:00+00:00,110401.02973782708
2025-01-23 21:00:00+00:00,110181.47718251434
2025-01-23 22:00:00+00:00,111143.21143819643
2025-01-23 23:00:00+00:00,111070.01300106003
2025-01-24 00:00:00+00:00,110574.34157482034
2025-01-24 01:00:00+00:00,110347.39221482031
2025-01-24 02:00:00+00:00,110114.06150742389
2025-01-24 03:00:00+00:00,111050.14210523109
2025-01-24 04:00:00+00:00,111841.3864262862
2025-01-24 05:00:00+00:00,112472.20987343018
2025-01-24 06:00:00+00:00,112225.1437700466
2025-01-24 07:00:00+00:00,112284.77783558164
2025-01-24 08:00:00+00:00,112770.01677428553
2025-01-24 09:00:00+00:00,112391.52911941361
2025-01-24 10:00:00+00:00,112680.21828269925
2025-01-24 11:00:00+00:00,112683.79910577761
2025-01-24 12:00:00+00:00,112797.6158345493
2025-01-24 13:00:00+00:00,112360.95851044601
2025-01-24 14:00:00+00:00,113044.98123060811
2025-01-24 15:00:00+00:00,113153.98789852824
2025-01-24 16:00:00+00:00,112925.14658125993
2025-01-24 17:00:00+00:00,113793.70461373555
2025-01-24 18:00:00+00:00,113653.95631246197
2025-01-24 19:00:00+00:00,113048.12380369777
2025-01-24 20:00:00+00:00,112084.15554197575
2025-01-24 21:00:00+00:00,112367.94913221692
2025-01-24 22:00:00+00:00,111996.65519057406
2025-01-24 23:00:00+00:00,112096.33034044222
2025-01-25 00:00:00+00:00,111614.35155409326
2025-01-25 01:00:00+00:00,111954.7007709245
2025-01-25 02:00:00+00:00,111763.9444465763
2025-01-25 03:00:00+00:00,112451.09905080395
2025-01-25 04:00:00+00:00,111858.49955389358
2025-01-25 05:00:00+00:00,111557.03700679106
2025-01-25 06:00:00+00:00,111495.07273399904
2025-01-25 07:00:00+00:00,111578.42574404426
2025-01-25 08:00:00+00:00,111531.39403794026
2025-01-25 09:00:00+00:00,111557.74248238261
2025-01-25 10:00:00+00:00,111743.05809345648
2025-01-25 11:00:00+00:00,111883.07362033291
2025-01-25 12:00:00+00:00,111970.80913026512
2025-01-25 13:00:00+00:00,111932.2965763804
2025-01-25 14:00:00+00:00,111807.20292716786
2025-01-25 15:00:00+00:00,112125.5006872508
2025-01-25 16:00:00+00:00,111865.8749805326
2025-01-25 17:00:00+00:00,112127.5529798808
2025-01-25 18:00:00+00:00,112217.10562391244
2025-01-25 19:00:00+00:00,112293.7138597414
2025-01-25 20:00:00+00:00,112198.10053903681
2025-01-25 21:00:00+00:00,112344.67912671955
2025-01-25 22:00:00+00:00,112317.63589570975
2025-01-25 23:00:00+00:00,111964.16055726586
2025-01-26 00:00:00+00:00,111807.1494820473
2025-01-26 01:00:00+00:00,111830.03468267653
2025-01-26 02:00:00+00:00,111910.07409524625
2025-01-26 03:00:00+00:00,112301.47409124856
2025-01-26 04:00:00+00:00,112421.03082596975
2025-01-26 05:00:00+00:00,112335.35829769165
2025-01-26 06:00:00+00:00,112224.86585541962
2025-01-26 07:00:00+00:00,112232.98951374667
2025-01-26 08:00:00+00:00,112267.24783603378
2025-01-26 09:00:00+00:00,111839.29137755974
2025-01-26 10:00:00+00:00,111930.42599716035
2025-01-26 11:00:00+00:00,112040.95050650476
2025-01-26 12:00:00+00:00,112117.17393746556
2025-01-26 13:00:00+00:00,112193.8463074392
2025-01-26 14:00:00+00:00,112174.89466768412
2025-01-26 15:00:00+00:00,112199.49011217167
2025-01-26 16:00:00+00:00,112168.50263126362
2025-01-26 17:00:00+00:00,112176.08114936083
2025-01-26 18:00:00+00:00,112421.92870399536
2025-01-26 19:00:00+00:00,112322.00770657261
2025-01-26 20:00:00+00:00,112181.29739312874
2025-01-26 21:00:00+00:00,111761.4325259094
2025-01-26 22:00:00+00:00,111518.82374558155
2025-01-26 23:00:00+00:00,109690.76546346379
2025-01-27 00:00:00+00:00,108737.30451244634
2025-01-27 01:00:00+00:00,108288.67548133477
2025-01-27 02:00:00+00:00,107959.14355690745
2025-01-27 03:00:00+00:00,108382.04410697531
2025-01-27 04:00:00+00:00,107328.53389024573
2025-01-27 05:00:00+00:00,107290.09615952983
2025-01-27 06:00:00+00:00,105774.64907666607
2025-01-27 07:00:00+00:00,105872.66742779643
2025-01-27 08:00:00+00:00,105868.12459254776
2025-01-27 09:00:00+00:00,106274.95953937147
2025-01-27 10:00:00+00:00,105172.2370556185
2025-01-27 11:00:00+00:00,105566.01001497425
2025-01-27 12:00:00+00:00,107552.61859178307
2025-01-27 13:00:00+00:00,107407.5792235728
2025-01-27 14:00:00+00:00,108943.48509859182
2025-01-27 15:00:00+00:00,108078.8926940627
2025-01-27 16:00:00+00:00,106616.60212812056
2025-01-27 17:00:00+00:00,105981.68478474068
2025-01-27 18:00:00+00:00,106013.74116806021
2025-01-27 19:00:00+00:00,106569.5918000648
2025-01-27 20:00:00+00:00,108372.27433893464
2025-01-27 21:00:00+00:00,108332.90666312077
2025-01-27 22:00:00+00:00,108640.22679543804
2025-01-27 23:00:00+00:00,109116.58315510275
2025-01-28 00:00:00+00:00,108874.13471013663
2025-01-28 01:00:00+00:00,108368.18044269877
2025-01-28 02:00:00+00:00,109457.75542679081
2025-01-28 03:00:00+00:00,109708.20995081874
2025-01-28 04:00:00+00:00,109991.60804716765
2025-01-28 05:00:00+00:00,110112.54366599963
2025-01-28 06:00:00+00:00,109823.71554540051
2025-01-28 07:00:00+00:00,109872.17958073586
2025-01-28 08:00:00+00:00,109937.92776806442
2025-01-28 09:00:00+00:00,110049.9059846884
2025-01-28 10:00:00+00:00,109824.76306976372
2025-01-28 11:00:00+00:00,109842.56029491444
2025-01-28 12:00:00+00:00,109669.3767262106
2025-01-28 13:00:00+00:00,109666.56551286846
2025-01-28 14:00:00+00:00,109714.27062749169
2025-01-28 15:00:00+00:00,109859.6413554495
2025-01-28 16:00:00+00:00,109295.28226024972
2025-01-28 17:00:00+00:00,109640.33464769136
2025-01-28 18:00:00+00:00,109248.01539561519
2025-01-28 19:00:00+00:00,109481.51712739747
2025-01-28 20:00:00+00:00,108241.84686668894
2025-01-28 21:00:00+00:00,107247.26523990284
2025-01-28 22:00:00+00:00,108243.07610446213
2025-01-28 23:00:00+00:00,108317.78169399868
2025-01-29 00:00:00+00:00,108710.14370217129
2025-01-29 01:00:00+00:00,108862.38747263477
2025-01-29 02:00:00+00:00,108809.34853497837
2025-01-29 03:00:00+00:00,109068.87804047954
2025-01-29 04:00:00+00:00,109029.17900491813
2025-01-29 05:00:00+00:00,109308.09840016307
2025-01-29 06:00:00+00:00,109884.92089748039
2025-01-29 07:00:00+00:00,109835.94378898756
2025-01-29 08:00:00+00:00,109810.51460061903
2025-01-29 09:00:00+00:00,109385.48693475236
2025-01-29 10:00:00+00:00,109612.74627645173
2025-01-29 11:00:00+00:00,109718.55692616162
2025-01-29 12:00:00+00:00,109273.7331876348
2025-01-29 13:00:00+00:00,108852.99182043807
2025-01-29 14:00:00+00:00,109060.0382175368
2025-01-29 15:00:00+00:00,109007.50166401383
2025-01-29 16:00:00+00:00,109126.39567923991
2025-01-29 17:00:00+00:00,109463.06787177573
2025-01-29 18:00:00+00:00,109941.04896310586
2025-01-29 19:00:00+00:00,110721.17669908183
2025-01-29 20:00:00+00:00,111373.14303592441
2025-01-29 21:00:00+00:00,110889.12264596958
2025-01-29 22:00:00+00:00,110622.91250039682
2025-01-29 23:00:00+00:00,110880.71038399143
2025-01-30 00:00:00+00:00,111193.6850100653
2025-01-30 01:00:00+00:00,111448.20136325675
2025-01-30 02:00:00+00:00,111874.73618152356
2025-01-30 03:00:00+00:00,112444.25807537066
2025-01-30 04:00:00+00:00,112745.68855540083
2025-01-30 05:00:00+00:00,112636.33983870904
2025-01-30 06:00:00+00:00,112431.82674032543
2025-01-30 07:00:00+00:00,112375.92314420638
2025-01-30 08:00:00+00:00,112298.89803643695
2025-01-30 09:00:00+00:00,112675.1944413654
2025-01-30 10:00:00+00:00,112603.95209564196
2025-01-30 11:00:00+00:00,112556.09733468115
2025-01-30 12:00:00+00:00,112256.13125095466
2025-01-30 13:00:00+00:00,112106.47422432691
2025-01-30 14:00:00+00:00,113218.75269563828
2025-01-30 15:00:00+00:00,112837.61416278593
2025-01-30 16:00:00+00:00,112979.73542741293
2025-01-30 17:00:00+00:00,112555.43461518605
2025-01-30 18:00:00+00:00,112853.59425383716
2025-01-30 19:00:00+00:00,112995.03142092084
2025-01-30 20:00:00+00:00,112135.50561382202
2025-01-30 21:00:00+00:00,112287.01184162157
2025-01-30 22:00:00+00:00,112335.82861475271
2025-01-30 23:00:00+00:00,111938.60310060797
2025-01-31 00:00:00+00:00,112126.24891893883
2025-01-31 01:00:00+00:00,111945.70061262004
2025-01-31 02:00:00+00:00,111531.11612331327
2025-01-31 03:00:00+00:00,111534.04491592068
2025-01-31 04:00:00+00:00,111173.95307154987
2025-01-31 05:00:00+00:00,111507.760605623
2025-01-31 06:00:00+00:00,111712.08130157253
2025-01-31 07:00:00+00:00,111367.4030299749
2025-01-31 08:00:00+00:00,111196.6138026727
2025-01-31 09:00:00+00:00,111440.0883939538
2025-01-31 10:00:00+00:00,111469.52596636528
2025-01-31 11:00:00+00:00,111952.56296610157
2025-01-31 12:00:00+00:00,111919.0849425748
2025-01-31 13:00:00+00:00,111875.62337052508
2025-01-31 14:00:00+00:00,111639.15009003898
2025-01-31 15:00:00+00:00,112730.73461066459
2025-01-31 16:00:00+00:00,112322.26424315135
2025-01-31 17:00:00+00:00,111786.74413501262
2025-01-31 18:00:00+00:00,109698.55776204329
2025-01-31 19:00:00+00:00,109361.88556950746
2025-01-31 20:00:00+00:00,108686.01857474475
2025-01-31 21:00:00+00:00,109187.02382401761
2025-01-31 22:00:00+00:00,109307.35016847507
2025-01-31 23:00:00+00:00,109487.2036882264
2025-02-01 00:00:00+00:00,109557.08852788727
2025-02-01 01:00:00+00:00,109633.04473324525
2025-02-01 02:00:00+00:00,109528.04644936806
2025-02-01 03:00:00+00:00,109294.40576027233
2025-02-01 04:00:00+00:00,109365.99015476744
2025-02-01 05:00:00+00:00,109562.49717408925
2025-02-01 06:00:00+00:00,109458.71743896115
2025-02-01 07:00:00+00:00,109206.00753084506
2025-02-01 08:00:00+00:00,109046.05697399499
2025-02-01 09:00:00+00:00,108681.7108980266
2025-02-01 10:00:00+00:00,108641.10329541545
2025-02-01 11:00:00+00:00,109058.84104683598
2025-02-01 12:00:00+00:00,109324.89085704702
2025-02-01 13:00:00+00:00,108888.04113050968
2025-02-01 14:00:00+00:00,108843.69236945841
2025-02-01 15:00:00+00:00,109107.02716754435
2025-02-01 16:00:00+00:00,108912.94655669657
2025-02-01 17:00:00+00:00,109308.62216234469
2025-02-01 18:00:00+00:00,109032.00090728435
2025-02-01 19:00:00+00:00,108674.88061161741
2025-02-01 20:00:00+00:00,108315.45148674172
2025-02-01 21:00:00+00:00,108172.7316367643
2025-02-01 22:00:00+00:00,107603.10285267606
2025-02-01 23:00:00+00:00,107569.688963294
2025-02-02 00:00:00+00:00,108219.80609896475
2025-02-02 01:00:00+00:00,108224.63753786453
2025-02-02 02:00:00+00:00,107373.5560598162
2025-02-02 03:00:00+00:00,106042.45188683188
2025-02-02 04:00:00+00:00,106397.0495728078
2025-02-02 05:00:00+00:00,107167.65338829772
2025-02-02 06:00:00+00:00,107173.66061985008
2025-02-02 07:00:00+00:00,106508.96365528711
2025-02-02 08:00:00+00:00,106709.63939401356
2025-02-02 09:00:00+00:00,106559.71514178294
2025-02-02 10:00:00+00:00,106267.13517371962
2025-02-02 11:00:00+00:00,105676.60934748747
2025-02-02 12:00:00+00:00,104942.70095178277
2025-02-02 13:00:00+00:00,105603.1543737723
2025-02-02 14:00:00+00:00,106040.54924053949
2025-02-02 15:00:00+00:00,106192.10891345963
2025-02-02 16:00:00+00:00,105034.62655916787
2025-02-02 17:00:00+00:00,103928.1522279507
2025-02-02 18:00:00+00:00,103777.51181110441
2025-02-02 19:00:00+00:00,105044.41770525678
2025-02-02 20:00:00+00:00,104536.51803543005
2025-02-02 21:00:00+00:00,103705.48916662061
2025-02-02 22:00:00+00:00,104746.5146031844
2025-02-02 23:00:00+00:00,104432.39625153027
2025-02-03 00:00:00+00:00,103161.19336968385
2025-02-03 01:00:00+00:00,99873.77331423134
2025-02-03 02:00:00+00:00,100012.93371917859
2025-02-03 03:00:00+00:00,100518.23595614551
2025-02-03 04:00:00+00:00,99179.74566749802
2025-02-03 05:00:00+00:00,100707.70959759991
2025-02-03 06:00:00+00:00,100381.73711820276
2025-02-03 07:00:00+00:00,101901.68428021875
2025-02-03 08:00:00+00:00,101909.15590807481
2025-02-03 09:00:00+00:00,101841.81505615318
2025-02-03 10:00:00+00:00,102296.81474563704
2025-02-03 11:00:00+00:00,101661.05296935211
2025-02-03 12:00:00+00:00,101293.4788081011
2025-02-03 13:00:00+00:00,101187.1230181614
2025-02-03 14:00:00+00:00,103244.74947118724
2025-02-03 15:00:00+00:00,105652.45215298857
2025-02-03 16:00:00+00:00,105332.9358441566
2025-02-03 17:00:00+00:00,106041.93881367438
2025-02-03 18:00:00+00:00,106693.61654686587
2025-02-03 19:00:00+00:00,108899.77767898745
2025-02-03 20:00:00+00:00,108047.86245705817
2025-02-03 21:00:00+00:00,108816.99118722028
2025-02-03 22:00:00+00:00,108702.69345236346
2025-02-03 23:00:00+00:00,108310.29937711848
2025-02-04 00:00:00+00:00,108021.15058579593
2025-02-04 01:00:00+00:00,108368.19113172287
2025-02-04 02:00:00+00:00,107788.10848205062
2025-02-04 03:00:00+00:00,107563.32899394583
2025-02-04 04:00:00+00:00,106947.02124154937
2025-02-04 05:00:00+00:00,105678.09512183936
2025-02-04 06:00:00+00:00,106214.24588240085
2025-02-04 07:00:00+00:00,105231.32598092374
2025-02-04 08:00:00+00:00,105077.74608244593
2025-02-04 09:00:00+00:00,105113.97118517011
2025-02-04 10:00:00+00:00,105586.08400226137
2025-02-04 11:00:00+00:00,105786.81318610841
2025-02-04 12:00:00+00:00,106208.32416304138
2025-02-04 13:00:00+00:00,105829.0562094091
2025-02-04 14:00:00+00:00,106873.9083166059
2025-02-04 15:00:00+00:00,106192.45096223129
2025-02-04 16:00:00+00:00,105867.81461084844
2025-02-04 17:00:00+00:00,106001.28845496677
2025-02-04 18:00:00+00:00,106265.14701523431
2025-02-04 19:00:00+00:00,105671.44654884013
2025-02-04 20:00:00+00:00,105449.55309724626
2025-02-04 21:00:00+00:00,103164.54972325581
2025-02-04 22:00:00+00:00,104422.3592578867
2025-02-04 23:00:00+00:00,104499.24540834263
2025-02-05 00:00:00+00:00,105045.32627230651
2025-02-05 01:00:00+00:00,104591.90855839162
2025-02-05 02:00:00+00:00,104746.01221905102
2025-02-05 03:00:00+00:00,104795.19241900204
2025-02-05 04:00:00+00:00,104801.60583347078
2025-02-05 05:00:00+00:00,104900.37241628916
2025-02-05 06:00:00+00:00,104380.45828335769
2025-02-05 07:00:00+00:00,104607.52522262298
2025-02-05 08:00:00+00:00,104361.47457653027
2025-02-05 09:00:00+00:00,104117.0914181994
2025-02-05 10:00:00+00:00,104469.13442741198
2025-02-05 11:00:00+00:00,104964.07900001186
2025-02-05 12:00:00+00:00,104814.01579046776
2025-02-05 13:00:00+00:00,105361.72138609705
2025-02-05 14:00:00+00:00,105064.84443033968
2025-02-05 15:00:00+00:00,104876.68553885135
2025-02-05 16:00:00+00:00,104724.65554887016
2025-02-05 17:00:00+00:00,104272.22122517381
2025-02-05 18:00:00+00:00,103388.153418708
2025-02-05 19:00:00+00:00,104079.02780332752
2025-02-05 20:00:00+00:00,104029.20626192962
2025-02-05 21:00:00+00:00,103581.03685885496
2025-02-05 22:00:00+00:00,103090.9664812513
2025-02-05 23:00:00+00:00,103269.2594034819
2025-02-06 00:00:00+00:00,103498.57103781126
2025-02-06 01:00:00+00:00,103854.21624815039
2025-02-06 02:00:00+00:00,104072.6999010517
2025-02-06 03:00:00+00:00,104063.71043177137
2025-02-06 04:00:00+00:00,104343.05738798088
2025-02-06 05:00:00+00:00,104572.29419914143
2025-02-06 06:00:00+00:00,105165.98397651152
2025-02-06 07:00:00+00:00,104961.52432324848
2025-02-06 08:00:00+00:00,104889.71545924697
2025-02-06 09:00:00+00:00,105409.18065316565
2025-02-06 10:00:00+00:00,105835.55513607075
2025-02-06 11:00:00+00:00,105690.92195077683
2025-02-06 12:00:00+00:00,105122.37275812415
2025-02-06 13:00:00+00:00,105398.58783026812
2025-02-06 14:00:00+00:00,104577.1149490171
2025-02-06 15:00:00+00:00,104039.57461532071
2025-02-06 16:00:00+00:00,103242.03445906217
2025-02-06 17:00:00+00:00,103379.2708396688
2025-02-06 18:00:00+00:00,102953.30253968005
2025-02-06 19:00:00+00:00,102596.46015864008
2025-02-06 20:00:00+00:00,103605.10854116092
2025-02-06 21:00:00+00:00,103477.69537371554
2025-02-06 22:00:00+00:00,103640.76712560703
2025-02-06 23:00:00+00:00,103207.17755142464
2025-02-07 00:00:00+00:00,103157.36669905085
2025-02-07 01:00:00+00:00,104115.38117434108
2025-02-07 02:00:00+00:00,104299.06136472544
2025-02-07 03:00:00+00:00,104158.16933787159
2025-02-07 04:00:00+00:00,104148.28199056565
2025-02-07 05:00:00+00:00,104045.03670664325
2025-02-07 06:00:00+00:00,103412.96264367785
2025-02-07 07:00:00+00:00,103423.84407022646
2025-02-07 08:00:00+00:00,103706.48324586327
2025-02-07 09:00:00+00:00,103999.10597002304
2025-02-07 10:00:00+00:00,103963.06258070879
2025-02-07 11:00:00+00:00,104485.21071968022
2025-02-07 12:00:00+00:00,104713.5068967187
2025-02-07 13:00:00+00:00,105637.49820825232
2025-02-07 14:00:00+00:00,106581.24283634964
2025-02-07 15:00:00+00:00,105055.98322934873
2025-02-07 16:00:00+00:00,104568.2216809538
2025-02-07 17:00:00+00:00,104148.27130154154
2025-02-07 18:00:00+00:00,104487.33783547903
2025-02-07 19:00:00+00:00,103575.10445047138
2025-02-07 20:00:00+00:00,102362.7018902791
2025-02-07 21:00:00+00:00,102626.83836517361
2025-02-07 22:00:00+00:00,102681.7158149777
2025-02-07 23:00:00+00:00,103156.35124175997
2025-02-08 00:00:00+00:00,103309.56771341785
2025-02-08 01:00:00+00:00,103158.91660754746
2025-02-08 02:00:00+00:00,103417.38789966126
2025-02-08 03:00:00+00:00,103362.04013279614
2025-02-08 04:00:00+00:00,102935.31291209528
2025-02-08 05:00:00+00:00,102840.25542064464
2025-02-08 06:00:00+00:00,102608.80598149238
2025-02-08 07:00:00+00:00,102839.01549384733
2025-02-08 08:00:00+00:00,102501.15681963478
2025-02-08 09:00:00+00:00,102788.91603782248
2025-02-08 10:00:00+00:00,102668.76071775086
2025-02-08 11:00:00+00:00,102742.89978900935
2025-02-08 12:00:00+00:00,102677.95327848938
2025-02-08 13:00:00+00:00,102878.32972454063
2025-02-08 14:00:00+00:00,102712.26504589706
2025-02-08 15:00:00+00:00,102447.60480882094
2025-02-08 16:00:00+00:00,102755.80144111562
2025-02-08 17:00:00+00:00,103018.36662946531
2025-02-08 18:00:00+00:00,103161.90953429953
2025-02-08 19:00:00+00:00,103234.58420925433
2025-02-08 20:00:00+00:00,103101.96548706516
2025-02-08 21:00:00+00:00,103178.32787533947
2025-02-08 22:00:00+00:00,103121.18435242311
2025-02-08 23:00:00+00:00,103090.0151581051
2025-02-09 00:00:00+00:00,103221.76806934098
2025-02-09 01:00:00+00:00,103675.36749666581
2025-02-09 02:00:00+00:00,103392.0549125098
2025-02-09 03:00:00+00:00,104004.20463452568
2025-02-09 04:00:00+00:00,103919.3230940321
2025-02-09 05:00:00+00:00,103714.83137369672
2025-02-09 06:00:00+00:00,103689.82974629279
2025-02-09 07:00:00+00:00,103745.34853754376
2025-02-09 08:00:00+00:00,103775.45951847442
2025-02-09 09:00:00+00:00,103602.86384609687
2025-02-09 10:00:00+00:00,103429.14582618728
2025-02-09 11:00:00+00:00,103206.81412460473
2025-02-09 12:00:00+00:00,103186.77220438994
2025-02-09 13:00:00+00:00,102484.13989324443
2025-02-09 14:00:00+00:00,102751.1624046499
2025-02-09 15:00:00+00:00,103136.41621178633
2025-02-09 16:00:00+00:00,103087.25738988354
2025-02-09 17:00:00+00:00,102797.59552540348
2025-02-09 18:00:00+00:00,102841.23881086316
2025-02-09 19:00:00+00:00,102683.83224175237
2025-02-09 20:00:00+00:00,102959.07461270192
2025-02-09 21:00:00+00:00,101731.48294924284
2025-02-09 22:00:00+00:00,102434.67108964233
2025-02-09 23:00:00+00:00,103109.26609053538
2025-02-10 00:00:00+00:00,103382.08205301092
2025-02-10 01:00:00+00:00,102161.41687717808
2025-02-10 02:00:00+00:00,102399.58971249839
2025-02-10 03:00:00+00:00,103485.76558692202
2025-02-10 04:00:00+00:00,103614.54694945407
2025-02-10 05:00:00+00:00,103699.84536188812
2025-02-10 06:00:00+00:00,103835.77768155279
2025-02-10 07:00:00+00:00,104142.98023460484
2025-02-10 08:00:00+00:00,104414.65247150013
2025-02-10 09:00:00+00:00,104394.11885617606
2025-02-10 10:00:00+00:00,104462.00484832755
2025-02-10 11:00:00+00:00,104390.24942944662
2025-02-10 12:00:00+00:00,104066.8209377887
2025-02-10 13:00:00+00:00,104983.01995074283
2025-02-10 14:00:00+00:00,103972.82165972539
2025-02-10 15:00:00+00:00,103917.29217945033
2025-02-10 16:00:00+00:00,104005.00631133429
2025-02-10 17:00:00+00:00,104217.98511681659
2025-02-10 18:00:00+00:00,104271.4195483652
2025-02-10 19:00:00+00:00,104085.44121779624
2025-02-10 20:00:00+00:00,104038.35606657166
2025-02-10 21:00:00+00:00,104085.23812633805
2025-02-10 22:00:00+00:00,104100.68376618357
2025-02-10 23:00:00+00:00,104144.03844799218
2025-02-11 00:00:00+00:00,104520.6127675476
2025-02-11 01:00:00+00:00,104746.26875562976
2025-02-11 02:00:00+00:00,104500.1753534406
2025-02-11 03:00:00+00:00,104332.67834556568
2025-02-11 04:00:00+00:00,104821.8401561196
2025-02-11 05:00:00+00:00,105193.08065264187
2025-02-11 06:00:00+00:00,105206.00368279636
2025-02-11 07:00:00+00:00,105039.93900415278
2025-02-11 08:00:00+00:00,104991.64599320327
2025-02-11 09:00:00+00:00,104752.42563351976
2025-02-11 10:00:00+00:00,104711.01635410001
2025-02-11 11:00:00+00:00,104914.39641592746
2025-02-11 12:00:00+00:00,104502.452115577
2025-02-11 13:00:00+00:00,103469.25104466504
2025-02-11 14:00:00+00:00,103642.9476865264
2025-02-11 15:00:00+00:00,103691.58274624759
2025-02-11 16:00:00+00:00,103004.83432493628
2025-02-11 17:00:00+00:00,102791.31037922412
2025-02-11 18:00:00+00:00,102047.34361182766
2025-02-11 19:00:00+00:00,101589.36168461585
2025-02-11 20:00:00+00:00,101871.74432367392
2025-02-11 21:00:00+00:00,103031.7492876567
2025-02-11 22:00:00+00:00,102165.93833437853
2025-02-11 23:00:00+00:00,102377.54894477417
2025-02-12 00:00:00+00:00,102678.76564432208
2025-02-12 01:00:00+00:00,102836.23634757756
2025-02-12 02:00:00+00:00,102164.77323075006
2025-02-12 03:00:00+00:00,101865.61951285628
2025-02-12 04:00:00+00:00,102141.0863533122
2025-02-12 05:00:00+00:00,102493.35383203118
2025-02-12 06:00:00+00:00,102419.95230343658
2025-02-12 07:00:00+00:00,102689.0057294238
2025-02-12 08:00:00+00:00,102997.79025804481
2025-02-12 09:00:00+00:00,102752.81920338764
2025-02-12 10:00:00+00:00,102591.12633560692
2025-02-12 11:00:00+00:00,102715.80311287897
2025-02-12 12:00:00+00:00,102596.42809156772
2025-02-12 13:00:00+00:00,101519.41271081027
2025-02-12 14:00:00+00:00,102217.97250376813
2025-02-12 15:00:00+00:00,102418.14585836123
2025-02-12 16:00:00+00:00,103668.71892366659
2025-02-12 17:00:00+00:00,104062.87668789043
2025-02-12 18:00:00+00:00,103599.55024862135
2025-02-12 19:00:00+00:00,103902.7230395822
2025-02-12 20:00:00+00:00,103710.51300795446
2025-02-12 21:00:00+00:00,104374.57932009468
2025-02-12 22:00:00+00:00,104545.67852909621
2025-02-12 23:00:00+00:00,104613.46832003066
2025-02-13 00:00:00+00:00,104558.86878485356
2025-02-13 01:00:00+00:00,104737.67478024168
2025-02-13 02:00:00+00:00,104189.83022729888
2025-02-13 03:00:00+00:00,104216.2962510065
2025-02-13 04:00:00+00:00,103605.99573016242
2025-02-13 05:00:00+00:00,103326.92668857987
2025-02-13 06:00:00+00:00,102675.25964441251
2025-02-13 07:00:00+00:00,102689.70051599125
2025-02-13 08:00:00+00:00,102554.366781677
2025-02-13 09:00:00+00:00,102894.95115703875
2025-02-13 10:00:00+00:00,102781.2306294841
2025-02-13 11:00:00+00:00,102534.58139804097
2025-02-13 12:00:00+00:00,102422.5283582482
2025-02-13 13:00:00+00:00,102694.43575367401
2025-02-13 14:00:00+00:00,102461.81052186916
2025-02-13 15:00:00+00:00,102612.49369481188
2025-02-13 16:00:00+00:00,101929.70021242298
2025-02-13 17:00:00+00:00,102285.50575812384
2025-02-13 18:00:00+00:00,102576.16170184656
2025-02-13 19:00:00+00:00,102216.74326599497
2025-02-13 20:00:00+00:00,102897.37756551275
2025-02-13 21:00:00+00:00,103136.2558764246
2025-02-13 22:00:00+00:00,103054.3779517072
2025-02-13 23:00:00+00:00,103264.67381213675
2025-02-14 00:00:00+00:00,103417.1954972272
2025-02-14 01:00:00+00:00,103180.36947894536
2025-02-14 02:00:00+00:00,103179.51435701617
2025-02-14 03:00:00+00:00,103822.46984653019
2025-02-14 04:00:00+00:00,103416.3083082257
2025-02-14 05:00:00+00:00,103345.00182835758
2025-02-14 06:00:00+00:00,103506.4060924872
2025-02-14 07:00:00+00:00,103623.7715772649
2025-02-14 08:00:00+00:00,103546.68233535081
2025-02-14 09:00:00+00:00,103799.30673127397
2025-02-14 10:00:00+00:00,103702.13281304864
2025-02-14 11:00:00+00:00,103563.3465239454
2025-02-14 12:00:00+00:00,103312.17583530181
2025-02-14 13:00:00+00:00,103455.51564867786
2025-02-14 14:00:00+00:00,103994.53106770202
2025-02-14 15:00:00+00:00,103602.71419975926
2025-02-14 16:00:00+00:00,104387.61992951445
2025-02-14 17:00:00+00:00,105314.67899096895
2025-02-14 18:00:00+00:00,104958.56346356876
2025-02-14 19:00:00+00:00,104688.78318394175
2025-02-14 20:00:00+00:00,103893.13498495145
2025-02-14 21:00:00+00:00,104171.79784361765
2025-02-14 22:00:00+00:00,103827.397486647
2025-02-14 23:00:00+00:00,104218.49818997408
2025-02-15 00:00:00+00:00,104186.85867859505
2025-02-15 01:00:00+00:00,104543.18798647753
2025-02-15 02:00:00+00:00,104580.38579039615
2025-02-15 03:00:00+00:00,104381.73027722733
2025-02-15 04:00:00+00:00,104247.5188904451
2025-02-15 05:00:00+00:00,104336.814997898
2025-02-15 06:00:00+00:00,104205.81031835012
2025-02-15 07:00:00+00:00,104053.65206007958
2025-02-15 08:00:00+00:00,104223.87476910371
2025-02-15 09:00:00+00:00,104284.8449626531
2025-02-15 10:00:00+00:00,104382.54264306002
2025-02-15 11:00:00+00:00,104341.53954655663
2025-02-15 12:00:00+00:00,104489.29392689199
2025-02-15 13:00:00+00:00,104449.81936083698
2025-02-15 14:00:00+00:00,104318.04507155287
2025-02-15 15:00:00+00:00,104360.38429607058
2025-02-15 16:00:00+00:00,104255.81357315798
2025-02-15 17:00:00+00:00,104122.08319246091
2025-02-15 18:00:00+00:00,104261.58564617982
2025-02-15 19:00:00+00:00,104252.08310374198
2025-02-15 20:00:00+00:00,104260.0998718279
2025-02-15 21:00:00+00:00,104414.90900807886
2025-02-15 22:00:00+00:00,104266.89809116477
2025-02-15 23:00:00+00:00,104292.44485879851
2025-02-16 00:00:00+00:00,104319.07121786785
2025-02-16 01:00:00+00:00,104370.8381616546
2025-02-16 02:00:00+00:00,104244.56871978946
2025-02-16 03:00:00+00:00,104268.4052435649
2025-02-16 04:00:00+00:00,104250.9180001135
2025-02-16 05:00:00+00:00,104328.40273591985
2025-02-16 06:00:00+00:00,104204.36730009466
2025-02-16 07:00:00+00:00,103949.66923349327
2025-02-16 08:00:00+00:00,103858.68426023028
2025-02-16 09:00:00+00:00,104074.47427905472
2025-02-16 10:00:00+00:00,103876.98386951436
2025-02-16 11:00:00+00:00,104042.68512133806
2025-02-16 12:00:00+00:00,103817.82012104038
2025-02-16 13:00:00+00:00,103515.04282397174
2025-02-16 14:00:00+00:00,103651.0178997329
2025-02-16 15:00:00+00:00,103588.41228549398
2025-02-16 16:00:00+00:00,103739.8009340283
2025-02-16 17:00:00+00:00,103665.30912497402
2025-02-16 18:00:00+00:00,103547.34505484591
2025-02-16 19:00:00+00:00,103746.03263508709
2025-02-16 20:00:00+00:00,103586.84099894915
2025-02-16 21:00:00+00:00,103859.99901019636
2025-02-16 22:00:00+00:00,103540.07651844801
2025-02-16 23:00:00+00:00,102740.89025247582
2025-02-17 00:00:00+00:00,102955.84652741931
2025-02-17 01:00:00+00:00,103158.30733317292
2025-02-17 02:00:00+00:00,102859.38877380967
2025-02-17 03:00:00+00:00,102844.79825589331
2025-02-17 04:00:00+00:00,102642.43365135673
2025-02-17 05:00:00+00:00,102874.01135879837
2025-02-17 06:00:00+00:00,103017.36186119854
2025-02-17 07:00:00+00:00,102687.55202214424
2025-02-17 08:00:00+00:00,102768.5855139566
2025-02-17 09:00:00+00:00,102792.34721456323
2025-02-17 10:00:00+00:00,102728.11686865892
2025-02-17 11:00:00+00:00,102682.1647539905
2025-02-17 12:00:00+00:00,103103.93226750223
2025-02-17 13:00:00+00:00,103054.96584803349
2025-02-17 14:00:00+00:00,103469.74273977432
2025-02-17 15:00:00+00:00,102250.6274724381
2025-02-17 16:00:00+00:00,101903.54417041468
2025-02-17 17:00:00+00:00,102058.56708714794
2025-02-17 18:00:00+00:00,101910.04309707633
2025-02-17 19:00:00+00:00,102113.70107353076
2025-02-17 20:00:00+00:00,102584.01813457074
2025-02-17 21:00:00+00:00,103052.16532371548
2025-02-17 22:00:00+00:00,102481.53177136047
2025-02-17 23:00:00+00:00,102379.47296911481
2025-02-18 00:00:00+00:00,102227.61400351945
2025-02-18 01:00:00+00:00,102899.21607766046
2025-02-18 02:00:00+00:00,102683.54363810128
2025-02-18 03:00:00+00:00,102828.41198192572
2025-02-18 04:00:00+00:00,102690.3204793899
2025-02-18 05:00:00+00:00,102197.2144189377
2025-02-18 06:00:00+00:00,101954.8514861645
2025-02-18 07:00:00+00:00,102034.14266704618
2025-02-18 08:00:00+00:00,101801.07918525265
2025-02-18 09:00:00+00:00,102375.14391434842
2025-02-18 10:00:00+00:00,102339.38912868526
2025-02-18 11:00:00+00:00,102230.19005833108
2025-02-18 12:00:00+00:00,102821.99856745698
2025-02-18 13:00:00+00:00,102860.47905426934
2025-02-18 14:00:00+00:00,102119.5479697214
2025-02-18 15:00:00+00:00,102129.86287799195
2025-02-18 16:00:00+00:00,101160.9028420084
2025-02-18 17:00:00+00:00,100586.02574707996
2025-02-18 18:00:00+00:00,100395.62216052755
2025-02-18 19:00:00+00:00,100588.1421738546
2025-02-18 20:00:00+00:00,100686.35292741908
2025-02-18 21:00:00+00:00,101615.6994400341
2025-02-18 22:00:00+00:00,101871.13504929937
2025-02-18 23:00:00+00:00,102263.75359405075
2025-02-19 00:00:00+00:00,101898.62721932199
2025-02-19 01:00:00+00:00,102058.79155665434
2025-02-19 02:00:00+00:00,102434.7993579317
2025-02-19 03:00:00+00:00,102304.92771493997
2025-02-19 04:00:00+00:00,101774.31386886984
2025-02-19 05:00:00+00:00,101854.99462288641
2025-02-19 06:00:00+00:00,102204.50433338381
2025-02-19 07:00:00+00:00,102280.82396556168
2025-02-19 08:00:00+00:00,102219.12691837251
2025-02-19 09:00:00+00:00,102547.71820867775
2025-02-19 10:00:00+00:00,102967.71134418648
2025-02-19 11:00:00+00:00,103066.34965871551
2025-02-19 12:00:00+00:00,102792.5396169973
2025-02-19 13:00:00+00:00,102911.29467490989
2025-02-19 14:00:00+00:00,102364.86107315024
2025-02-19 15:00:00+00:00,102554.49504996638
2025-02-19 16:00:00+00:00,102935.30222307116
2025-02-19 17:00:00+00:00,103031.04381206515
2025-02-19 18:00:00+00:00,102262.47091115698
2025-02-19 19:00:00+00:00,102835.40260369661
2025-02-19 20:00:00+00:00,102807.80354343286
2025-02-19 21:00:00+00:00,102952.0198567863
2025-02-19 22:00:00+00:00,103191.67846645854
2025-02-19 23:00:00+00:00,103303.40014650377
2025-02-20 00:00:00+00:00,103527.45278096873
2025-02-20 01:00:00+00:00,103435.19581383611
2025-02-20 02:00:00+00:00,103827.3226634782
2025-02-20 03:00:00+00:00,103742.5907693222
2025-02-20 04:00:00+00:00,103923.45974636443
2025-02-20 05:00:00+00:00,103587.32200503431
2025-02-20 06:00:00+00:00,103585.18420021141
2025-02-20 07:00:00+00:00,103542.35328058442
2025-02-20 08:00:00+00:00,103843.87996183163
2025-02-20 09:00:00+00:00,103880.88536331619
2025-02-20 10:00:00+00:00,104083.2820349251
2025-02-20 11:00:00+00:00,103905.78010047895
2025-02-20 12:00:00+00:00,104141.40894806
2025-02-20 13:00:00+00:00,104284.46015778497
2025-02-20 14:00:00+00:00,103648.16393029431
2025-02-20 15:00:00+00:00,103580.67343203508
2025-02-20 16:00:00+00:00,104272.21053614968
2025-02-20 17:00:00+00:00,104704.28226890785
2025-02-20 18:00:00+00:00,105067.84804611586
2025-02-20 19:00:00+00:00,105204.36826210684
2025-02-20 20:00:00+00:00,105237.30114540375
2025-02-20 21:00:00+00:00,104848.06033227258
2025-02-20 22:00:00+00:00,104896.68470296965
2025-02-20 23:00:00+00:00,105078.4515580375
2025-02-21 00:00:00+00:00,105005.0393404188
2025-02-21 01:00:00+00:00,105085.93387491767
2025-02-21 02:00:00+00:00,104871.21275850468
2025-02-21 03:00:00+00:00,104904.2097759463
2025-02-21 04:00:00+00:00,104970.50310350468
2025-02-21 05:00:00+00:00,105109.00078895687
2025-02-21 06:00:00+00:00,105190.6756222161
2025-02-21 07:00:00+00:00,104944.58222002692
2025-02-21 08:00:00+00:00,104980.55078617239
2025-02-21 09:00:00+00:00,105113.40466689205
2025-02-21 10:00:00+00:00,105406.60459835402
2025-02-21 11:00:00+00:00,105425.0966100722
2025-02-21 12:00:00+00:00,105718.72410249876
2025-02-21 13:00:00+00:00,106179.34621866685
2025-02-21 14:00:00+00:00,105583.79655110087
2025-02-21 15:00:00+00:00,104863.64492943158
2025-02-21 16:00:00+00:00,104983.11615195985
2025-02-21 17:00:00+00:00,103653.49775332747
2025-02-21 18:00:00+00:00,103195.60133830858
2025-02-21 19:00:00+00:00,101850.48385471007
2025-02-21 20:00:00+00:00,101616.54387293915
2025-02-21 21:00:00+00:00,101967.97760777717
2025-02-21 22:00:00+00:00,102426.00229108543
2025-02-21 23:00:00+00:00,102809.15036047129
2025-02-22 00:00:00+00:00,102813.3404579242
2025-02-22 01:00:00+00:00,102863.899541986
2025-02-22 02:00:00+00:00,102981.50018529424
2025-02-22 03:00:00+00:00,102934.30814382852
2025-02-22 04:00:00+00:00,103028.68153773583
2025-02-22 05:00:00+00:00,103159.59001606666
2025-02-22 06:00:00+00:00,103037.0403545934
2025-02-22 07:00:00+00:00,102922.57159535075
2025-02-22 08:00:00+00:00,102849.57624967252
2025-02-22 09:00:00+00:00,103142.61584577276
2025-02-22 10:00:00+00:00,103149.2537297479
2025-02-22 11:00:00+00:00,103234.59489827845
2025-02-22 12:00:00+00:00,103495.34295252865
2025-02-22 13:00:00+00:00,103219.66233159041
2025-02-22 14:00:00+00:00,103187.45630193329
2025-02-22 15:00:00+00:00,103247.42172721589
2025-02-22 16:00:00+00:00,103153.369004032
2025-02-22 17:00:00+00:00,103298.0663234706
2025-02-22 18:00:00+00:00,103095.62689576524
2025-02-22 19:00:00+00:00,103298.7183539416
2025-02-22 20:00:00+00:00,103232.46778247964
2025-02-22 21:00:00+00:00,103318.57856074642
2025-02-22 22:00:00+00:00,103292.37976264168
2025-02-22 23:00:00+00:00,103203.60741737035
2025-02-23 00:00:00+00:00,103302.42744530935
2025-02-23 01:00:00+00:00,103098.66257861376
2025-02-23 02:00:00+00:00,103053.17009198225
2025-02-23 03:00:00+00:00,103057.15709797697
2025-02-23 04:00:00+00:00,103037.78858628143
2025-02-23 05:00:00+00:00,102837.62592071244
2025-02-23 06:00:00+00:00,102981.16882554669
2025-02-23 07:00:00+00:00,103158.54249170344
2025-02-23 08:00:00+00:00,103004.05402617592
2025-02-23 09:00:00+00:00,102920.35896735903
2025-02-23 10:00:00+00:00,102821.87029916761
2025-02-23 11:00:00+00:00,102738.61349033941
2025-02-23 12:00:00+00:00,102329.15973260763
2025-02-23 13:00:00+00:00,102591.07289048635
2025-02-23 14:00:00+00:00,102180.539541319
2025-02-23 15:00:00+00:00,102011.96294200851
2025-02-23 16:00:00+00:00,101995.20255219689
2025-02-23 17:00:00+00:00,102247.76281397538
2025-02-23 18:00:00+00:00,102336.71687265662
2025-02-23 19:00:00+00:00,102353.80862221579
2025-02-23 20:00:00+00:00,102377.01449356847
2025-02-23 21:00:00+00:00,102353.01763443132
2025-02-23 22:00:00+00:00,102387.09424330847
2025-02-23 23:00:00+00:00,102890.40832179008
2025-02-24 00:00:00+00:00,102879.02451110809
2025-02-24 01:00:00+00:00,102583.88986628137
2025-02-24 02:00:00+00:00,102432.22330312009
2025-02-24 03:00:00+00:00,102008.78830184649
2025-02-24 04:00:00+00:00,101864.26200679372
2025-02-24 05:00:00+00:00,102323.23801324819
2025-02-24 06:00:00+00:00,102469.59213142455
2025-02-24 07:00:00+00:00,102477.83336901685
2025-02-24 08:00:00+00:00,102090.32417779225
2025-02-24 09:00:00+00:00,102364.25179877569
2025-02-24 10:00:00+00:00,102220.91198539964
2025-02-24 11:00:00+00:00,102423.7789740696
2025-02-24 12:00:00+00:00,102399.20490763026
2025-02-24 13:00:00+00:00,102181.26639495882
2025-02-24 14:00:00+00:00,101197.73721910715
2025-02-24 15:00:00+00:00,100823.09761291643
2025-02-24 16:00:00+00:00,100941.25408547862
2025-02-24 17:00:00+00:00,101165.19982970247
2025-02-24 18:00:00+00:00,100649.63612958559
2025-02-24 19:00:00+00:00,100416.44437950267
2025-02-24 20:00:00+00:00,100498.20472495483
2025-02-24 21:00:00+00:00,100454.85004314625
2025-02-24 22:00:00+00:00,98800.85182970973
2025-02-24 23:00:00+00:00,97861.09420760715
2025-02-25 00:00:00+00:00,98186.47879067801
2025-02-25 01:00:00+00:00,98358.70034721158
2025-02-25 02:00:00+00:00,98741.65601416337
2025-02-25 03:00:00+00:00,98503.55800201188
2025-02-25 04:00:00+00:00,98232.14230169535
2025-02-25 05:00:00+00:00,98414.2084494384
2025-02-25 06:00:00+00:00,97565.1258188995
2025-02-25 07:00:00+00:00,95474.37408014266
2025-02-25 08:00:00+00:00,95560.44210231298
2025-02-25 09:00:00+00:00,94388.06993742965
2025-02-25 10:00:00+00:00,94291.91147649521
2025-02-25 11:00:00+00:00,95388.1991677312
2025-02-25 12:00:00+00:00,95555.57859634086
2025-02-25 13:00:00+00:00,94946.44317912527
2025-02-25 14:00:00+00:00,93162.59470074528
2025-02-25 15:00:00+00:00,93241.70416821701
2025-02-25 16:00:00+00:00,93486.20490581312
2025-02-25 17:00:00+00:00,93272.4137344981
2025-02-25 18:00:00+00:00,93069.40778851467
2025-02-25 19:00:00+00:00,94007.02760579434
2025-02-25 20:00:00+00:00,94235.5375633151
2025-02-25 21:00:00+00:00,94940.98108780275
2025-02-25 22:00:00+00:00,94926.7005515857
2025-02-25 23:00:00+00:00,94790.69340875222
2025-02-26 00:00:00+00:00,94223.74756971675
2025-02-26 01:00:00+00:00,94817.69388366558
2025-02-26 02:00:00+00:00,95152.48480795724
2025-02-26 03:00:00+00:00,95025.42437830764
2025-02-26 04:00:00+00:00,94805.17703642744
2025-02-26 05:00:00+00:00,94516.19926949072
2025-02-26 06:00:00+00:00,95046.99482897078
2025-02-26 07:00:00+00:00,94833.04332229406
2025-02-26 08:00:00+00:00,94581.33818244474
2025-02-26 09:00:00+00:00,95256.2859211336
2025-02-26 10:00:00+00:00,95413.07252684576
2025-02-26 11:00:00+00:00,94722.71121538372
2025-02-26 12:00:00+00:00,93998.00606944166
2025-02-26 13:00:00+00:00,93199.72837051921
2025-02-26 14:00:00+00:00,93658.53335258782
2025-02-26 15:00:00+00:00,93601.14398211683
2025-02-26 16:00:00+00:00,92787.13203969775
2025-02-26 17:00:00+00:00,91980.47414586948
2025-02-26 18:00:00+00:00,90064.58415260249
2025-02-26 19:00:00+00:00,89634.93882831835
2025-02-26 20:00:00+00:00,90200.28131373665
2025-02-26 21:00:00+00:00,90440.75228924157
2025-02-26 22:00:00+00:00,90251.1824465701
2025-02-26 23:00:00+00:00,90055.12436626112
2025-02-27 00:00:00+00:00,90581.34502342017
2025-02-27 01:00:00+00:00,90603.64232772312
2025-02-27 02:00:00+00:00,90103.34255404182
2025-02-27 03:00:00+00:00,91098.61896739538
2025-02-27 04:00:00+00:00,91029.7923411218
2025-02-27 05:00:00+00:00,91800.68476026283
2025-02-27 06:00:00+00:00,92209.76440215058
2025-02-27 07:00:00+00:00,92216.35953002925
2025-02-27 08:00:00+00:00,92009.48415731636
2025-02-27 09:00:00+00:00,92107.1177035786
2025-02-27 10:00:00+00:00,93008.89722300223
2025-02-27 11:00:00+00:00,92672.34260973166
2025-02-27 12:00:00+00:00,92278.97583329226
2025-02-27 13:00:00+00:00,92051.27824160423
2025-02-27 14:00:00+00:00,90823.19488303587
2025-02-27 15:00:00+00:00,91392.05405738787
2025-02-27 16:00:00+00:00,90291.99314063945
2025-02-27 17:00:00+00:00,90425.9373018188
2025-02-27 18:00:00+00:00,90471.90010551135
2025-02-27 19:00:00+00:00,89909.63605903804
2025-02-27 20:00:00+00:00,89280.05253869132
2025-02-27 21:00:00+00:00,90225.17605089942
2025-02-27 22:00:00+00:00,90553.5001156018
2025-02-27 23:00:00+00:00,90545.2054328889
2025-02-28 00:00:00+00:00,90064.27417090315
2025-02-28 01:00:00+00:00,87288.22771811462
2025-02-28 02:00:00+00:00,86373.19380878896
2025-02-28 03:00:00+00:00,85995.80712340082
2025-02-28 04:00:00+00:00,85950.97735626443
2025-02-28 05:00:00+00:00,85484.17698415811
2025-02-28 06:00:00+00:00,84811.59151979857
2025-02-28 07:00:00+00:00,84661.97724926728
2025-02-28 08:00:00+00:00,84417.62615800879
2025-02-28 09:00:00+00:00,85878.94402275649
2025-02-28 10:00:00+00:00,85523.97222093657
2025-02-28 11:00:00+00:00,86060.94603635487
2025-02-28 12:00:00+00:00,86345.5199253564
2025-02-28 13:00:00+00:00,87128.8223014944
2025-02-28 14:00:00+00:00,87762.2859375947
2025-02-28 15:00:00+00:00,89793.2005193583
2025-02-28 16:00:00+00:00,90176.55168020235
2025-02-28 17:00:00+00:00,89365.71437794529
2025-02-28 18:00:00+00:00,90259.15645855956
2025-02-28 19:00:00+00:00,90268.79795831088
2025-02-28 20:00:00+00:00,89992.25152641936
2025-02-28 21:00:00+00:00,90063.97487822796
2025-02-28 22:00:00+00:00,89948.1165458504
2025-02-28 23:00:00+00:00,90161.85427204486
2025-03-01 00:00:00+00:00,89635.93290756099
2025-03-01 01:00:00+00:00,90489.99662333728
2025-03-01 02:00:00+00:00,91113.73324749335
2025-03-01 03:00:00+00:00,91210.34064744061
2025-03-01 04:00:00+00:00,92128.70953228998
2025-03-01 05:00:00+00:00,91485.42268302843
2025-03-01 06:00:00+00:00,90937.53537398916
2025-03-01 07:00:00+00:00,90578.95068201852
2025-03-01 08:00:00+00:00,91180.97789819795
2025-03-01 09:00:00+00:00,91262.88788998772
2025-03-01 10:00:00+00:00,90749.82542151364
2025-03-01 11:00:00+00:00,90464.19331912477
2025-03-01 12:00:00+00:00,90598.94984613683
2025-03-01 13:00:00+00:00,90356.71518165302
2025-03-01 14:00:00+00:00,90550.98819493488
2025-03-01 15:00:00+00:00,90642.92449134408
2025-03-01 16:00:00+00:00,91150.46073435093
2025-03-01 17:00:00+00:00,91086.19832137426
2025-03-01 18:00:00+00:00,91206.84533655515
2025-03-01 19:00:00+00:00,91375.56089317914
2025-03-01 20:00:00+00:00,91431.48586734642
2025-03-01 21:00:00+00:00,92007.76322443392
2025-03-01 22:00:00+00:00,92049.97418066225
2025-03-01 23:00:00+00:00,91994.58365770067
2025-03-02 00:00:00+00:00,91954.06156728244
2025-03-02 01:00:00+00:00,92304.99291798707
2025-03-02 02:00:00+00:00,91684.0461291249
2025-03-02 03:00:00+00:00,91789.93160200359
2025-03-02 04:00:00+00:00,91661.37470897796
2025-03-02 05:00:00+00:00,91880.1897216268
2025-03-02 06:00:00+00:00,92222.38813962987
2025-03-02 07:00:00+00:00,92174.04168355977
2025-03-02 08:00:00+00:00,91663.41631258384
2025-03-02 09:00:00+00:00,91820.10671707895
2025-03-02 10:00:00+00:00,91932.02079955825
2025-03-02 11:00:00+00:00,92038.79346143843
2025-03-02 12:00:00+00:00,91910.8351537632
2025-03-02 13:00:00+00:00,91616.49149672098
2025-03-02 14:00:00+00:00,90971.55853774576
2025-03-02 15:00:00+00:00,93451.98933962248
2025-03-02 16:00:00+00:00,97483.89992465306
2025-03-02 17:00:00+00:00,100577.03627779962
2025-03-02 18:00:00+00:00,99187.93345996976
2025-03-02 19:00:00+00:00,99965.89132405048
2025-03-02 20:00:00+00:00,100829.56447250575
2025-03-02 21:00:00+00:00,100795.3595953392
2025-03-02 22:00:00+00:00,100741.2731333196
2025-03-02 23:00:00+00:00,100765.43032781847
2025-03-03 00:00:00+00:00,99744.51094561412
2025-03-03 01:00:00+00:00,99498.39616537672
2025-03-03 02:00:00+00:00,99748.09176869251
2025-03-03 03:00:00+00:00,99097.92118790117
2025-03-03 04:00:00+00:00,99264.69134213631
2025-03-03 05:00:00+00:00,99775.62669481158
2025-03-03 06:00:00+00:00,97960.61971113768
2025-03-03 07:00:00+00:00,98727.65339257334
2025-03-03 08:00:00+00:00,97780.56309992816
2025-03-03 09:00:00+00:00,98176.29215069684
2025-03-03 10:00:00+00:00,98923.46562532769
2025-03-03 11:00:00+00:00,99129.99894926892
2025-03-03 12:00:00+00:00,99437.1480572004
2025-03-03 13:00:00+00:00,100035.18826738509
2025-03-03 14:00:00+00:00,95430.41012395955
2025-03-03 15:00:00+00:00,96239.02410920078
2025-03-03 16:00:00+00:00,96365.82800227162
2025-03-03 17:00:00+00:00,96521.89844336809
2025-03-03 18:00:00+00:00,93136.46003678521
2025-03-03 19:00:00+00:00,91504.45983497643
2025-03-03 20:00:00+00:00,92004.70616353715
2025-03-03 21:00:00+00:00,91256.82721331475
2025-03-03 22:00:00+00:00,92621.42009884997
2025-03-03 23:00:00+00:00,92161.4179460805
2025-03-04 00:00:00+00:00,91975.23652405334
2025-03-04 01:00:00+00:00,89125.67096340495
2025-03-04 02:00:00+00:00,89719.83105783607
2025-03-04 03:00:00+00:00,89770.40083092198
2025-03-04 04:00:00+00:00,89164.5790111819
2025-03-04 05:00:00+00:00,90080.67113389488
2025-03-04 06:00:00+00:00,89663.36094343892
2025-03-04 07:00:00+00:00,88918.14356022104
2025-03-04 08:00:00+00:00,89673.52620537185
2025-03-04 09:00:00+00:00,89518.43915449391
2025-03-04 10:00:00+00:00,89757.79847149093
2025-03-04 11:00:00+00:00,89721.46647852559
2025-03-04 12:00:00+00:00,89535.25298942608
2025-03-04 13:00:00+00:00,88509.39527808083
2025-03-04 14:00:00+00:00,88934.18778541699
2025-03-04 15:00:00+00:00,88702.9307486988
2025-03-04 16:00:00+00:00,89312.53648297543
2025-03-04 17:00:00+00:00,91331.18006505554
2025-03-04 18:00:00+00:00,92742.50536401954
2025-03-04 19:00:00+00:00,94283.80919621639
2025-03-04 20:00:00+00:00,92807.7404781906
2025-03-04 21:00:00+00:00,93547.65610544765
2025-03-04 22:00:00+00:00,93513.99636851094
2025-03-04 23:00:00+00:00,93295.91889852598
2025-03-05 00:00:00+00:00,92781.11411912127
2025-03-05 01:00:00+00:00,93681.93162637457
2025-03-05 02:00:00+00:00,93493.20621660816
2025-03-05 03:00:00+00:00,92827.11967891025
2025-03-05 04:00:00+00:00,92904.65785983719
2025-03-05 05:00:00+00:00,93150.54817056817
2025-03-05 06:00:00+00:00,93518.40024644614
2025-03-05 07:00:00+00:00,93656.68415141602
2025-03-05 08:00:00+00:00,93806.87562924948
2025-03-05 09:00:00+00:00,94564.73812799485
2025-03-05 10:00:00+00:00,96122.1930756288
2025-03-05 11:00:00+00:00,96002.67909700406
2025-03-05 12:00:00+00:00,96581.7142223131
2025-03-05 13:00:00+00:00,95638.88885028963
2025-03-05 14:00:00+00:00,94619.16663878612
2025-03-05 15:00:00+00:00,94431.3818631418
2025-03-05 16:00:00+00:00,95053.78235928353
2025-03-05 17:00:00+00:00,95867.7087895097
2025-03-05 18:00:00+00:00,95893.37313640873
2025-03-05 19:00:00+00:00,95933.991428044
2025-03-05 20:00:00+00:00,96735.28343176677
2025-03-05 21:00:00+00:00,96604.77044732816
2025-03-05 22:00:00+00:00,96681.64590876
2025-03-05 23:00:00+00:00,96848.98258127319
2025-03-06 00:00:00+00:00,96250.74996865443
2025-03-06 01:00:00+00:00,97331.24997127325
2025-03-06 02:00:00+00:00,98138.06820046324
2025-03-06 03:00:00+00:00,97916.81609031626
2025-03-06 04:00:00+00:00,98646.27785198929
2025-03-06 05:00:00+00:00,99127.8504554219
2025-03-06 06:00:00+00:00,98249.2340512545
2025-03-06 07:00:00+00:00,97640.47274988292
2025-03-06 08:00:00+00:00,97436.95373074198
2025-03-06 09:00:00+00:00,97005.18129065903
2025-03-06 10:00:00+00:00,97581.04177580605
2025-03-06 11:00:00+00:00,97644.23528637124
2025-03-06 12:00:00+00:00,96310.26645492422
2025-03-06 13:00:00+00:00,95740.65904888422
2025-03-06 14:00:00+00:00,95991.70146923844
2025-03-06 15:00:00+00:00,97078.45455096425
2025-03-06 16:00:00+00:00,95470.10915952097
2025-03-06 17:00:00+00:00,94734.69361141612
2025-03-06 18:00:00+00:00,94521.34069008981
2025-03-06 19:00:00+00:00,94625.8472788577
2025-03-06 20:00:00+00:00,95180.8855450296
2025-03-06 21:00:00+00:00,96136.0139838089
2025-03-06 22:00:00+00:00,96536.48896128446
2025-03-06 23:00:00+00:00,96128.41408766346
2025-03-07 00:00:00+00:00,91422.38950782495
2025-03-07 01:00:00+00:00,94345.44210926085
2025-03-07 02:00:00+00:00,93245.70186323585
2025-03-07 03:00:00+00:00,92985.15690044382
2025-03-07 04:00:00+00:00,93674.76998021782
2025-03-07 05:00:00+00:00,94299.86411043644
2025-03-07 06:00:00+00:00,94285.98975713574
2025-03-07 07:00:00+00:00,94453.75399061354
2025-03-07 08:00:00+00:00,94454.3953320604
2025-03-07 09:00:00+00:00,95061.44638957367
2025-03-07 10:00:00+00:00,95413.86351463021
2025-03-07 11:00:00+00:00,95096.99808377866
2025-03-07 12:00:00+00:00,95186.96759975077
2025-03-07 13:00:00+00:00,95277.66396936268
2025-03-07 14:00:00+00:00,96672.32507973211
2025-03-07 15:00:00+00:00,94552.95882342065
2025-03-07 16:00:00+00:00,93248.235161951
2025-03-07 17:00:00+00:00,93727.76616177773
2025-03-07 18:00:00+00:00,94693.34846614108
2025-03-07 19:00:00+00:00,93871.11666417791
2025-03-07 20:00:00+00:00,92981.38367493138
2025-03-07 21:00:00+00:00,92261.91615080545
2025-03-07 22:00:00+00:00,92722.10001698486
2025-03-07 23:00:00+00:00,92782.59989347318
2025-03-08 00:00:00+00:00,92702.48565773467
2025-03-08 01:00:00+00:00,92038.9003516796
2025-03-08 02:00:00+00:00,92118.21291060951
2025-03-08 03:00:00+00:00,91839.15455805106
2025-03-08 04:00:00+00:00,92400.7665740534
2025-03-08 05:00:00+00:00,92223.9594261747
2025-03-08 06:00:00+00:00,92422.64700641586
2025-03-08 07:00:00+00:00,92136.33080648366
2025-03-08 08:00:00+00:00,92002.10873067733
2025-03-08 09:00:00+00:00,91864.9792403118
2025-03-08 10:00:00+00:00,92057.2854731566
2025-03-08 11:00:00+00:00,91878.44741069614
2025-03-08 12:00:00+00:00,92149.77759881975
2025-03-08 13:00:00+00:00,92276.16461995016
2025-03-08 14:00:00+00:00,92312.2186982885
2025-03-08 15:00:00+00:00,92353.16834967132
2025-03-08 16:00:00+00:00,92083.9011432018
2025-03-08 17:00:00+00:00,91864.76545982952
2025-03-08 18:00:00+00:00,91972.66046924175
2025-03-08 19:00:00+00:00,92175.21747621238
2025-03-08 20:00:00+00:00,92226.38583464871
2025-03-08 21:00:00+00:00,92169.48815928698
2025-03-08 22:00:00+00:00,92299.7232290986
2025-03-08 23:00:00+00:00,92163.38472651757
2025-03-09 00:00:00+00:00,92370.39905654396
2025-03-09 01:00:00+00:00,92137.66693449797
2025-03-09 02:00:00+00:00,91929.16683011966
2025-03-09 03:00:00+00:00,92049.29008311893
2025-03-09 04:00:00+00:00,91983.05020068109
2025-03-09 05:00:00+00:00,91961.96075610307
2025-03-09 06:00:00+00:00,91829.4061680586
2025-03-09 07:00:00+00:00,91930.53502520632
2025-03-09 08:00:00+00:00,91703.27568350697
2025-03-09 09:00:00+00:00,91459.56593369534
2025-03-09 10:00:00+00:00,90690.06308768924
2025-03-09 11:00:00+00:00,90882.36932053401
2025-03-09 12:00:00+00:00,90429.13332002907
2025-03-09 13:00:00+00:00,89242.60888721807
2025-03-09 14:00:00+00:00,89362.98867679609
2025-03-09 15:00:00+00:00,88804.850593631
2025-03-09 16:00:00+00:00,88180.18402437695
2025-03-09 17:00:00+00:00,88041.21602186376
2025-03-09 18:00:00+00:00,88366.16235494593
2025-03-09 19:00:00+00:00,88335.01453867614
2025-03-09 20:00:00+00:00,88807.77938623836
2025-03-09 21:00:00+00:00,87484.43544476121
2025-03-09 22:00:00+00:00,85895.06307112123
2025-03-09 23:00:00+00:00,86297.1627802622
2025-03-10 00:00:00+00:00,86893.2148319616
2025-03-10 01:00:00+00:00,87399.88526401515
2025-03-10 02:00:00+00:00,87861.76868502876
2025-03-10 03:00:00+00:00,87700.75991479139
2025-03-10 04:00:00+00:00,88327.73531325415
2025-03-10 05:00:00+00:00,87979.77551125335
2025-03-10 06:00:00+00:00,88005.58950448998
2025-03-10 07:00:00+00:00,87990.73176097077
2025-03-10 08:00:00+00:00,86955.70286693523
2025-03-10 09:00:00+00:00,88199.691493386
2025-03-10 10:00:00+00:00,87958.04472522848
2025-03-10 11:00:00+00:00,89341.00135419246
2025-03-10 12:00:00+00:00,88984.11621705601
2025-03-10 13:00:00+00:00,87146.48056933163
2025-03-10 14:00:00+00:00,85348.73635960271
2025-03-10 15:00:00+00:00,85559.06428710463
2025-03-10 16:00:00+00:00,84453.95815097411
2025-03-10 17:00:00+00:00,83865.98700150533
2025-03-10 18:00:00+00:00,83005.89467612845
2025-03-10 19:00:00+00:00,84508.32252762071
2025-03-10 20:00:00+00:00,84769.28436235321
2025-03-10 21:00:00+00:00,85048.08617833289
2025-03-10 22:00:00+00:00,84980.26432032611
2025-03-10 23:00:00+00:00,84011.30428434258
2025-03-11 00:00:00+00:00,83025.49834635454
2025-03-11 01:00:00+00:00,84582.95329398847
2025-03-11 02:00:00+00:00,84822.24847684077
2025-03-11 03:00:00+00:00,85001.5675453864
2025-03-11 04:00:00+00:00,85255.56013639622
2025-03-11 05:00:00+00:00,85792.0101896329
2025-03-11 06:00:00+00:00,85618.36699289212
2025-03-11 07:00:00+00:00,85966.42299610993
2025-03-11 08:00:00+00:00,86721.29256810325
2025-03-11 09:00:00+00:00,87073.20730902642
2025-03-11 10:00:00+00:00,87445.0463908991
2025-03-11 11:00:00+00:00,87351.06849088402
2025-03-11 12:00:00+00:00,86822.13282159987
2025-03-11 13:00:00+00:00,86472.59104403012
2025-03-11 14:00:00+00:00,85269.59482505861
2025-03-11 15:00:00+00:00,86829.33722385307
2025-03-11 16:00:00+00:00,86994.54678056749
2025-03-11 17:00:00+00:00,86907.71983768504
2025-03-11 18:00:00+00:00,89019.19759419996
2025-03-11 19:00:00+00:00,88830.0766905413
2025-03-11 20:00:00+00:00,88504.77761966335
2025-03-11 21:00:00+00:00,88837.24902572218
2025-03-11 22:00:00+00:00,88861.57724460687
2025-03-11 23:00:00+00:00,88647.27300013436
2025-03-12 00:00:00+00:00,88468.26391328807
2025-03-12 01:00:00+00:00,89054.10794695807
2025-03-12 02:00:00+00:00,88110.47020910188
2025-03-12 03:00:00+00:00,87786.51795526236
2025-03-12 04:00:00+00:00,87448.02862862706
2025-03-12 05:00:00+00:00,87636.56163595941
2025-03-12 06:00:00+00:00,87036.42637704826
2025-03-12 07:00:00+00:00,88128.64155009661
2025-03-12 08:00:00+00:00,88387.18766537924
2025-03-12 09:00:00+00:00,88376.91551320515
2025-03-12 10:00:00+00:00,88176.6138903227
2025-03-12 11:00:00+00:00,88723.65676645689
2025-03-12 12:00:00+00:00,89861.55682857081
2025-03-12 13:00:00+00:00,88383.55339718031
2025-03-12 14:00:00+00:00,87153.72772768128
2025-03-12 15:00:00+00:00,87370.98214280943
2025-03-12 16:00:00+00:00,87618.74303276047
2025-03-12 17:00:00+00:00,87483.6872130732
2025-03-12 18:00:00+00:00,88321.99530730462
2025-03-12 19:00:00+00:00,88629.03752499494
2025-03-12 20:00:00+00:00,88852.45950703716
2025-03-12 21:00:00+00:00,88819.0456176551
2025-03-12 22:00:00+00:00,89414.91595594454
2025-03-12 23:00:00+00:00,89445.88205880437
2025-03-13 00:00:00+00:00,89194.43345553381
2025-03-13 01:00:00+00:00,89701.94832049242
2025-03-13 02:00:00+00:00,89558.60850711638
2025-03-13 03:00:00+00:00,89335.8064884728
2025-03-13 04:00:00+00:00,89025.27964892115
2025-03-13 05:00:00+00:00,88886.88885371012
2025-03-13 06:00:00+00:00,89031.66099631753
2025-03-13 07:00:00+00:00,88881.3626282429
2025-03-13 08:00:00+00:00,88690.41390146066
2025-03-13 09:00:00+00:00,89175.18252310352
2025-03-13 10:00:00+00:00,88923.77667592942
2025-03-13 11:00:00+00:00,88693.0968465134
2025-03-13 12:00:00+00:00,88203.67849938074
2025-03-13 13:00:00+00:00,87411.79283687874
2025-03-13 14:00:00+00:00,87660.15231218022
2025-03-13 15:00:00+00:00,86628.89664365712
2025-03-13 16:00:00+00:00,86448.93623366463
2025-03-13 17:00:00+00:00,85580.60267069543
2025-03-13 18:00:00+00:00,86388.74633887563
2025-03-13 19:00:00+00:00,85738.15888614382
2025-03-13 20:00:00+00:00,85917.36037542418
2025-03-13 21:00:00+00:00,86388.68220473095
2025-03-13 22:00:00+00:00,87003.88898764359
2025-03-13 23:00:00+00:00,86704.85284901506
2025-03-14 00:00:00+00:00,87119.08460052604
2025-03-14 01:00:00+00:00,87225.72899411687
2025-03-14 02:00:00+00:00,87892.61720862334
2025-03-14 03:00:00+00:00,87531.10372404532
2025-03-14 04:00:00+00:00,87594.5858382616
2025-03-14 05:00:00+00:00,87801.73912560148
2025-03-14 06:00:00+00:00,87690.7122321237
2025-03-14 07:00:00+00:00,87832.61971626841
2025-03-14 08:00:00+00:00,88284.32718632497
2025-03-14 09:00:00+00:00,88480.00046176584
2025-03-14 10:00:00+00:00,88764.02921053754
2025-03-14 11:00:00+00:00,88989.49279618563
2025-03-14 12:00:00+00:00,89168.76910863478
2025-03-14 13:00:00+00:00,89362.55042680739
2025-03-14 14:00:00+00:00,89279.86013625727
2025-03-14 15:00:00+00:00,90562.30787147218
2025-03-14 16:00:00+00:00,90629.42425388741
2025-03-14 17:00:00+00:00,90178.14434479541
2025-03-14 18:00:00+00:00,90397.65414401171
2025-03-14 19:00:00+00:00,90379.97449812626
2025-03-14 20:00:00+00:00,89923.76694891747
2025-03-14 21:00:00+00:00,90007.77198943368
2025-03-14 22:00:00+00:00,90256.04595254222
2025-03-14 23:00:00+00:00,89769.84500166801
2025-03-15 00:00:00+00:00,90105.41622472006
2025-03-15 01:00:00+00:00,90166.03368047364
2025-03-15 02:00:00+00:00,90384.1966626515
2025-03-15 03:00:00+00:00,90313.69185959197
2025-03-15 04:00:00+00:00,90275.83133617826
2025-03-15 05:00:00+00:00,90072.40851825433
2025-03-15 06:00:00+00:00,89983.71099615184
2025-03-15 07:00:00+00:00,89603.21380474637
2025-03-15 08:00:00+00:00,89671.67700420003
2025-03-15 09:00:00+00:00,89752.47533748187
2025-03-15 10:00:00+00:00,89693.94224143063
2025-03-15 11:00:00+00:00,89898.69049834476
2025-03-15 12:00:00+00:00,89933.73980841634
2025-03-15 13:00:00+00:00,90279.49767144954
2025-03-15 14:00:00+00:00,89928.63045488959
2025-03-15 15:00:00+00:00,90157.66417459196
2025-03-15 16:00:00+00:00,90175.71793632142
2025-03-15 17:00:00+00:00,90239.14660541713
2025-03-15 18:00:00+00:00,90026.47778163412
2025-03-15 19:00:00+00:00,90108.45190756858
2025-03-15 20:00:00+00:00,90203.93695998381
2025-03-15 21:00:00+00:00,90203.31699658517
2025-03-15 22:00:00+00:00,90196.81806992352
2025-03-15 23:00:00+00:00,90149.56189431313
2025-03-16 00:00:00+00:00,90058.79070153242
2025-03-16 01:00:00+00:00,89648.10770602745
2025-03-16 02:00:00+00:00,89751.51332531158
2025-03-16 03:00:00+00:00,90143.04158960325
2025-03-16 04:00:00+00:00,90224.951581393
2025-03-16 05:00:00+00:00,90210.35037445254
2025-03-16 06:00:00+00:00,90031.51231199209
2025-03-16 07:00:00+00:00,90080.63906682255
2025-03-16 08:00:00+00:00,90074.6532133184
2025-03-16 09:00:00+00:00,89677.72699184887
2025-03-16 10:00:00+00:00,89431.83668111786
2025-03-16 11:00:00+00:00,88088.269106016
2025-03-16 12:00:00+00:00,88457.97038306575
2025-03-16 13:00:00+00:00,88287.17046673945
2025-03-16 14:00:00+00:00,89117.7717745843
2025-03-16 15:00:00+00:00,89061.83611139288
2025-03-16 16:00:00+00:00,89397.15079786617
2025-03-16 17:00:00+00:00,89695.04321091443
2025-03-16 18:00:00+00:00,89469.00241796413
2025-03-16 19:00:00+00:00,88824.15497118185
2025-03-16 20:00:00+00:00,88950.83059596333
2025-03-16 21:00:00+00:00,88469.33281569953
2025-03-16 22:00:00+00:00,87750.1645842488
2025-03-16 23:00:00+00:00,88264.11424172437
2025-03-17 00:00:00+00:00,88777.5935821389
2025-03-17 01:00:00+00:00,88968.809534524
2025-03-17 02:00:00+00:00,88946.05260218412
2025-03-17 03:00:00+00:00,89441.10406502517
2025-03-17 04:00:00+00:00,89376.84165204853
2025-03-17 05:00:00+00:00,88847.16844010046
2025-03-17 06:00:00+00:00,88955.03138244036
2025-03-17 07:00:00+00:00,89325.8977631186
2025-03-17 08:00:00+00:00,89303.7714832015
2025-03-17 09:00:00+00:00,89428.98271167929
2025-03-17 10:00:00+00:00,89086.96600708617
2025-03-17 11:00:00+00:00,89269.09628897392
2025-03-17 12:00:00+00:00,88774.48307612156
2025-03-17 13:00:00+00:00,88743.89108910575
2025-03-17 14:00:00+00:00,88625.93770800173
2025-03-17 15:00:00+00:00,89286.55146535297
2025-03-17 16:00:00+00:00,89198.6876871314
2025-03-17 17:00:00+00:00,89998.86803234628
2025-03-17 18:00:00+00:00,90318.59812166054
2025-03-17 19:00:00+00:00,90303.60142082784
2025-03-17 20:00:00+00:00,89739.01785612167
2025-03-17 21:00:00+00:00,89870.96316979162
2025-03-17 22:00:00+00:00,89853.20870073736
2025-03-17 23:00:00+00:00,89798.52365336735
2025-03-18 00:00:00+00:00,89563.58959235376
2025-03-18 01:00:00+00:00,88892.03027430922
2025-03-18 02:00:00+00:00,89111.87143327307
2025-03-18 03:00:00+00:00,88876.67014665662
2025-03-18 04:00:00+00:00,88707.25980346519
2025-03-18 05:00:00+00:00,88730.51911993843
2025-03-18 06:00:00+00:00,88131.01451345005
2025-03-18 07:00:00+00:00,88893.99705474629
2025-03-18 08:00:00+00:00,89019.57171004397
2025-03-18 09:00:00+00:00,88548.42090512304
2025-03-18 10:00:00+00:00,88526.1236008201
2025-03-18 11:00:00+00:00,88271.13693056763
2025-03-18 12:00:00+00:00,88082.53978909059
2025-03-18 13:00:00+00:00,86972.99770795254
2025-03-18 14:00:00+00:00,87494.69690791117
2025-03-18 15:00:00+00:00,87233.35026831053
2025-03-18 16:00:00+00:00,87491.27642019451
2025-03-18 17:00:00+00:00,87079.9520832427
2025-03-18 18:00:00+00:00,87531.7557545163
2025-03-18 19:00:00+00:00,87989.06427320889
2025-03-18 20:00:00+00:00,87703.44285984413
2025-03-18 21:00:00+00:00,87717.3172131448
2025-03-18 22:00:00+00:00,88073.00517958042
2025-03-18 23:00:00+00:00,88414.29503053373
2025-03-19 00:00:00+00:00,88845.03063527755
2025-03-19 01:00:00+00:00,88289.94961300922
2025-03-19 02:00:00+00:00,88578.77773360837
2025-03-19 03:00:00+00:00,88758.6312533597
2025-03-19 04:00:00+00:00,88668.52278007407
2025-03-19 05:00:00+00:00,88977.5638452738
2025-03-19 06:00:00+00:00,88932.68063301683
2025-03-19 07:00:00+00:00,88921.99160890229
2025-03-19 08:00:00+00:00,89160.36753568075
2025-03-19 09:00:00+00:00,89282.60721545469
2025-03-19 10:00:00+00:00,89218.51582686389
2025-03-19 11:00:00+00:00,89661.03073618194
2025-03-19 12:00:00+00:00,89519.24083130251
2025-03-19 13:00:00+00:00,89886.3126084201
2025-03-19 14:00:00+00:00,90128.34418144575
2025-03-19 15:00:00+00:00,90571.3614748972
2025-03-19 16:00:00+00:00,90401.36323537947
2025-03-19 17:00:00+00:00,90034.68695215411
2025-03-19 18:00:00+00:00,91511.14047504803
2025-03-19 19:00:00+00:00,91319.94590071116
2025-03-19 20:00:00+00:00,91235.08573826577
2025-03-19 21:00:00+00:00,91536.51621829596
2025-03-19 22:00:00+00:00,92095.04979535329
2025-03-19 23:00:00+00:00,92829.83469103536
2025-03-20 00:00:00+00:00,91944.50557972402
2025-03-20 01:00:00+00:00,91784.46951068107
2025-03-20 02:00:00+00:00,91995.6311820639
2025-03-20 03:00:00+00:00,91809.1184002892
2025-03-20 04:00:00+00:00,91588.66796695082
2025-03-20 05:00:00+00:00,91740.98656058309
2025-03-20 06:00:00+00:00,91668.30119660417
2025-03-20 07:00:00+00:00,91729.34621332235
2025-03-20 08:00:00+00:00,92183.26631137062
2025-03-20 09:00:00+00:00,91794.43168115581
2025-03-20 10:00:00+00:00,91042.45883469755
2025-03-20 11:00:00+00:00,91393.4756975951
2025-03-20 12:00:00+00:00,91237.3090552816
2025-03-20 13:00:00+00:00,91405.91772166443
2025-03-20 14:00:00+00:00,92109.3089535221
2025-03-20 15:00:00+00:00,90527.22649432824
2025-03-20 16:00:00+00:00,89576.17057373657
2025-03-20 17:00:00+00:00,89887.67011448264
2025-03-20 18:00:00+00:00,89852.5032251458
2025-03-20 19:00:00+00:00,89974.63601467859
2025-03-20 20:00:00+00:00,90354.4277304925
2025-03-20 21:00:00+00:00,90161.91840618955
2025-03-20 22:00:00+00:00,89938.84916194309
2025-03-20 23:00:00+00:00,90026.58467187527
2025-03-21 00:00:00+00:00,90329.81090795671
2025-03-21 01:00:00+00:00,90616.27675422652
2025-03-21 02:00:00+00:00,90520.42827499138
2025-03-21 03:00:00+00:00,90270.90369606146
2025-03-21 04:00:00+00:00,90496.20694634784
2025-03-21 05:00:00+00:00,90289.82326874419
2025-03-21 06:00:00+00:00,90001.58304447135
2025-03-21 07:00:00+00:00,89721.50923462205
2025-03-21 08:00:00+00:00,89811.66046400413
2025-03-21 09:00:00+00:00,89935.30040593707
2025-03-21 10:00:00+00:00,89963.28427106894
2025-03-21 11:00:00+00:00,89837.52790236133
2025-03-21 12:00:00+00:00,89219.12510123842
2025-03-21 13:00:00+00:00,89719.07213712392
2025-03-21 14:00:00+00:00,90044.69187872532
2025-03-21 15:00:00+00:00,89323.34308635523
2025-03-21 16:00:00+00:00,89890.38512660774
2025-03-21 17:00:00+00:00,89813.57379932063
2025-03-21 18:00:00+00:00,89896.46718132893
2025-03-21 19:00:00+00:00,89741.15566094458
2025-03-21 20:00:00+00:00,90018.89926353692
2025-03-21 21:00:00+00:00,90208.95011229355
2025-03-21 22:00:00+00:00,89985.96638024002
2025-03-21 23:00:00+00:00,89882.7104072935
2025-03-22 00:00:00+00:00,90008.25299551885
2025-03-22 01:00:00+00:00,89868.48331619703
2025-03-22 02:00:00+00:00,89989.78236184892
2025-03-22 03:00:00+00:00,90062.2325672973
2025-03-22 04:00:00+00:00,90180.51730814885
2025-03-22 05:00:00+00:00,90133.37871180371
2025-03-22 06:00:00+00:00,90146.77205901923
2025-03-22 07:00:00+00:00,90081.45143265525
2025-03-22 08:00:00+00:00,90025.10958654746
2025-03-22 09:00:00+00:00,90172.6181193282
2025-03-22 10:00:00+00:00,90229.92197760628
2025-03-22 11:00:00+00:00,90043.53746412095
2025-03-22 12:00:00+00:00,90036.20479357836
2025-03-22 13:00:00+00:00,89967.70952705236
2025-03-22 14:00:00+00:00,89795.53072661527
2025-03-22 15:00:00+00:00,89904.40912624603
2025-03-22 16:00:00+00:00,89938.51780219554
2025-03-22 17:00:00+00:00,90043.08852510813
2025-03-22 18:00:00+00:00,90043.41988485568
2025-03-22 19:00:00+00:00,89971.21552696194
2025-03-22 20:00:00+00:00,89728.68156980291
2025-03-22 21:00:00+00:00,89799.42153139296
2025-03-22 22:00:00+00:00,89746.5322400742
2025-03-22 23:00:00+00:00,89617.40882877048
2025-03-23 00:00:00+00:00,89795.28487906064
2025-03-23 01:00:00+00:00,89860.01760909832
2025-03-23 02:00:00+00:00,90037.6905679303
2025-03-23 03:00:00+00:00,90027.65357428674
2025-03-23 04:00:00+00:00,89894.6928033259
2025-03-23 05:00:00+00:00,90033.75700705615
2025-03-23 06:00:00+00:00,90046.73348233121
2025-03-23 07:00:00+00:00,90086.90283495367
2025-03-23 08:00:00+00:00,90158.83996724454
2025-03-23 09:00:00+00:00,90135.90132149473
2025-03-23 10:00:00+00:00,90281.61409822422
2025-03-23 11:00:00+00:00,90514.64551294543
2025-03-23 12:00:00+00:00,90563.01334706375
2025-03-23 13:00:00+00:00,90956.74355032302
2025-03-23 14:00:00+00:00,90749.55819591078
2025-03-23 15:00:00+00:00,91059.1657793886
2025-03-23 16:00:00+00:00,91123.93057649862
2025-03-23 17:00:00+00:00,90875.58179022127
2025-03-23 18:00:00+00:00,90827.6094499952
2025-03-23 19:00:00+00:00,90868.66599161916
2025-03-23 20:00:00+00:00,90966.39573909844
2025-03-23 21:00:00+00:00,91049.09671867269
2025-03-23 22:00:00+00:00,91242.80321367648
2025-03-23 23:00:00+00:00,92013.7918340345
2025-03-24 00:00:00+00:00,91948.84532351454
2025-03-24 01:00:00+00:00,91458.53978738033
2025-03-24 02:00:00+00:00,91800.71682733517
2025-03-24 03:00:00+00:00,92494.33829115213
2025-03-24 04:00:00+00:00,92825.44150212429
2025-03-24 05:00:00+00:00,92887.3309517475
2025-03-24 06:00:00+00:00,93115.69126293063
2025-03-24 07:00:00+00:00,92860.38392195474
2025-03-24 08:00:00+00:00,93439.54731555314
2025-03-24 09:00:00+00:00,93169.52118837148
2025-03-24 10:00:00+00:00,93850.98923177022
2025-03-24 11:00:00+00:00,93731.53938729018
2025-03-24 12:00:00+00:00,93345.21667774228
2025-03-24 13:00:00+00:00,93747.5087893173
2025-03-24 14:00:00+00:00,94022.68702612215
2025-03-24 15:00:00+00:00,94437.53874103176
2025-03-24 16:00:00+00:00,94124.91685275365
2025-03-24 17:00:00+00:00,94557.1168538012
2025-03-24 18:00:00+00:00,94559.78910982983
2025-03-24 19:00:00+00:00,94300.70854334148
2025-03-24 20:00:00+00:00,93883.83660287422
2025-03-24 21:00:00+00:00,94170.31313816815
2025-03-24 22:00:00+00:00,93483.6929851462
2025-03-24 23:00:00+00:00,93526.99422183423
2025-03-25 00:00:00+00:00,93635.84055439265
2025-03-25 01:00:00+00:00,93088.90456849958
2025-03-25 02:00:00+00:00,92839.45481273845
2025-03-25 03:00:00+00:00,92482.37727316795
2025-03-25 04:00:00+00:00,92510.47871756509
2025-03-25 05:00:00+00:00,92626.8821901725
2025-03-25 06:00:00+00:00,92496.93572401196
2025-03-25 07:00:00+00:00,92392.52533646108
2025-03-25 08:00:00+00:00,92689.6481397731
2025-03-25 09:00:00+00:00,93231.44270506706
2025-03-25 10:00:00+00:00,93133.61675637073
2025-03-25 11:00:00+00:00,93390.46331681914
2025-03-25 12:00:00+00:00,93084.31897715446
2025-03-25 13:00:00+00:00,93629.86538991261
2025-03-25 14:00:00+00:00,94087.35562201515
2025-03-25 15:00:00+00:00,93822.23575690208
2025-03-25 16:00:00+00:00,93841.50806738061
2025-03-25 17:00:00+00:00,93996.35995972804
2025-03-25 18:00:00+00:00,93873.14757875966
2025-03-25 19:00:00+00:00,94187.65073528193
2025-03-25 20:00:00+00:00,93903.05546823215
2025-03-25 21:00:00+00:00,93791.91099548913
2025-03-25 22:00:00+00:00,93491.2608142193
2025-03-25 23:00:00+00:00,93414.44948693218
2025-03-26 00:00:00+00:00,93691.4341688124
2025-03-26 01:00:00+00:00,93888.15496861648
2025-03-26 02:00:00+00:00,93341.47551930218
2025-03-26 03:00:00+00:00,93158.59700572642
2025-03-26 04:00:00+00:00,93343.80572655915
2025-03-26 05:00:00+00:00,93550.71316634442
2025-03-26 06:00:00+00:00,93966.21691172502
2025-03-26 07:00:00+00:00,94213.53955168735
2025-03-26 08:00:00+00:00,94020.36750788928
2025-03-26 09:00:00+00:00,93999.26737428718
2025-03-26 10:00:00+00:00,94286.24629371449
2025-03-26 11:00:00+00:00,94015.26884338667
2025-03-26 12:00:00+00:00,93863.70917046652
2025-03-26 13:00:00+00:00,92824.88567287031
2025-03-26 14:00:00+00:00,92752.01859548147
2025-03-26 15:00:00+00:00,92729.97782775728
2025-03-26 16:00:00+00:00,92475.01253555303
2025-03-26 17:00:00+00:00,92534.87107059448
2025-03-26 18:00:00+00:00,92137.81658083557
2025-03-26 19:00:00+00:00,92531.8781438424
2025-03-26 20:00:00+00:00,93293.8024717513
2025-03-26 21:00:00+00:00,93111.71494596002
2025-03-26 22:00:00+00:00,92812.24055734281
2025-03-26 23:00:00+00:00,92897.42139051162
2025-03-27 00:00:00+00:00,93299.4569655079
2025-03-27 01:00:00+00:00,93399.48485317182
2025-03-27 02:00:00+00:00,93609.54555507086
2025-03-27 03:00:00+00:00,93710.86681465263
2025-03-27 04:00:00+00:00,93552.05998338285
2025-03-27 05:00:00+00:00,93330.91476347702
2025-03-27 06:00:00+00:00,93371.49029901582
2025-03-27 07:00:00+00:00,93422.06007210174
2025-03-27 08:00:00+00:00,93459.2899430927
2025-03-27 09:00:00+00:00,93438.70288264808
2025-03-27 10:00:00+00:00,93203.57641920043
2025-03-27 11:00:00+00:00,92934.1381883451
2025-03-27 12:00:00+00:00,92739.09556532699
2025-03-27 13:00:00+00:00,92335.88419767811
2025-03-27 14:00:00+00:00,93312.32655054182
2025-03-27 15:00:00+00:00,92966.79315701504
2025-03-27 16:00:00+00:00,92818.39743523281
2025-03-27 17:00:00+00:00,92901.56873186807
2025-03-27 18:00:00+00:00,93215.25952255764
2025-03-27 19:00:00+00:00,93059.08219122
2025-03-27 20:00:00+00:00,93323.27211123513
2025-03-27 21:00:00+00:00,93602.37321989
2025-03-27 22:00:00+00:00,93369.38456126527
2025-03-27 23:00:00+00:00,93242.5058450256
2025-03-28 00:00:00+00:00,93372.91193922306
2025-03-28 01:00:00+00:00,93240.6673328779
2025-03-28 02:00:00+00:00,92981.43712005195
2025-03-28 03:00:00+00:00,92767.00460729006
2025-03-28 04:00:00+00:00,92252.0288034995
2025-03-28 05:00:00+00:00,91988.69400541356
2025-03-28 06:00:00+00:00,91625.53441112189
2025-03-28 07:00:00+00:00,91084.37049825069
2025-03-28 08:00:00+00:00,91085.31113237276
2025-03-28 09:00:00+00:00,91014.90253053025
2025-03-28 10:00:00+00:00,90794.16349354078
2025-03-28 11:00:00+00:00,91129.55300318287
2025-03-28 12:00:00+00:00,90886.9228448068
2025-03-28 13:00:00+00:00,90850.29155916626
2025-03-28 14:00:00+00:00,89971.66446597474
2025-03-28 15:00:00+00:00,89842.48760955047
2025-03-28 16:00:00+00:00,89568.38896418118
2025-03-28 17:00:00+00:00,89796.83478755725
2025-03-28 18:00:00+00:00,89659.5342728059
2025-03-28 19:00:00+00:00,89564.11335453535
2025-03-28 20:00:00+00:00,89568.04691540952
2025-03-28 21:00:00+00:00,89843.69546927541
2025-03-28 22:00:00+00:00,90301.24983552264
2025-03-28 23:00:00+00:00,90241.42336755354
2025-03-29 00:00:00+00:00,90212.03924026265
2025-03-29 01:00:00+00:00,90089.12615196948
2025-03-29 02:00:00+00:00,89628.9636638383
2025-03-29 03:00:00+00:00,89965.56103320535
2025-03-29 04:00:00+00:00,89865.78968212017
2025-03-29 05:00:00+00:00,89801.31348866124
2025-03-29 06:00:00+00:00,89560.42564121584
2025-03-29 07:00:00+00:00,89501.14431347659
2025-03-29 08:00:00+00:00,89718.27046031533
2025-03-29 09:00:00+00:00,89301.23818448636
2025-03-29 10:00:00+00:00,88641.73608564302
2025-03-29 11:00:00+00:00,87963.78473117799
2025-03-29 12:00:00+00:00,88144.5788850514
2025-03-29 13:00:00+00:00,88560.64914871009
2025-03-29 14:00:00+00:00,88188.73524366859
2025-03-29 15:00:00+00:00,88092.7691851682
2025-03-29 16:00:00+00:00,87862.10004477632
2025-03-29 17:00:00+00:00,88005.54674839352
2025-03-29 18:00:00+00:00,88017.31536394362
2025-03-29 19:00:00+00:00,88460.6533281185
2025-03-29 20:00:00+00:00,88196.3885849346
2025-03-29 21:00:00+00:00,88204.48017618933
2025-03-29 22:00:00+00:00,88066.6024541358
2025-03-29 23:00:00+00:00,88343.2237091961
2025-03-30 00:00:00+00:00,88504.83106478392
2025-03-30 01:00:00+00:00,88655.9738657636
2025-03-30 02:00:00+00:00,89071.63794650591
2025-03-30 03:00:00+00:00,88813.8293738872
2025-03-30 04:00:00+00:00,88836.27632452775
2025-03-30 05:00:00+00:00,88674.32692016829
2025-03-30 06:00:00+00:00,88909.31442630243
2025-03-30 07:00:00+00:00,88800.76738641922
2025-03-30 08:00:00+00:00,89123.04146347276
2025-03-30 09:00:00+00:00,89255.83121004778
2025-03-30 10:00:00+00:00,88848.09838519842
2025-03-30 11:00:00+00:00,88838.36068423008
2025-03-30 12:00:00+00:00,88796.67349018336
2025-03-30 13:00:00+00:00,88375.16251325037
2025-03-30 14:00:00+00:00,88508.62566834458
2025-03-30 15:00:00+00:00,88429.83687159629
2025-03-30 16:00:00+00:00,87953.57671314859
2025-03-30 17:00:00+00:00,88094.15875830309
2025-03-30 18:00:00+00:00,88429.92238378918
2025-03-30 19:00:00+00:00,88236.62207170176
2025-03-30 20:00:00+00:00,88242.94997397756
2025-03-30 21:00:00+00:00,87904.0544644259
2025-03-30 22:00:00+00:00,88118.17699548848
2025-03-30 23:00:00+00:00,88066.85899071457
2025-03-31 00:00:00+00:00,87272.5576087627
2025-03-31 01:00:00+00:00,87599.79139300538
2025-03-31 02:00:00+00:00,87566.94402190138
2025-03-31 03:00:00+00:00,87147.61360588776
2025-03-31 04:00:00+00:00,87485.39745693152
2025-03-31 05:00:00+00:00,87828.49375296019
2025-03-31 06:00:00+00:00,87706.46785366854
2025-03-31 07:00:00+00:00,87578.92641793378
2025-03-31 08:00:00+00:00,87542.1989310762
2025-03-31 09:00:00+00:00,87068.06588842733
2025-03-31 10:00:00+00:00,87836.15778325032
2025-03-31 11:00:00+00:00,87869.66787384941
2025-03-31 12:00:00+00:00,88471.70577905295
2025-03-31 13:00:00+00:00,88192.9894752662
2025-03-31 14:00:00+00:00,89252.47485647579
2025-03-31 15:00:00+00:00,89166.53510259485
2025-03-31 16:00:00+00:00,89027.69536837103
2025-03-31 17:00:00+00:00,88377.21480588037
2025-03-31 18:00:00+00:00,89030.399691472
2025-03-31 19:00:00+00:00,88144.11925701449
2025-03-31 20:00:00+00:00,88111.03672737996
2025-03-31 21:00:00+00:00,88252.84801030764
2025-03-31 22:00:00+00:00,88088.23703894364
2025-03-31 23:00:00+00:00,88237.9047545955
2025-04-01 00:00:00+00:00,88182.14011578992
