entry_time,exit_time,side,entry_price,exit_price,quantity,notional,stop_loss,take_profit,exit_reason,pnl,pnl_pct,fees,holding_bars,metadata
2023-01-02 07:00:00+00:00,2023-01-02 11:00:00+00:00,LONG,16646.09233,16735.11,0.06007415915852967,1000.0,16651.000714285714,16861.83857142857,signal_reversal,4.147661675501538,0.004147661675501538,1.2,4,{}
2023-01-04 03:00:00+00:00,2023-01-04 07:00:00+00:00,LONG,16741.540956,16869.44,0.059734135540154686,1000.041476616755,16775.189285714285,17035.681428571428,signal_reversal,6.439889057811979,0.006439621964079728,1.2000497719401058,4,{}
2023-01-04 18:00:00+00:00,2023-01-04 21:00:00+00:00,LONG,16898.047894,16861.151922178575,0.05918469883509097,1000.1058755073332,16866.211785714288,17111.69642857143,stop_loss,-3.383804031087818,-0.0033834458070464628,1.2001270506087998,3,{}
2023-01-06 19:00:00+00:00,2023-01-06 23:00:00+00:00,LONG,16855.695192,16950.65,0.05933140259570388,1000.0720374670221,16852.72464285714,17114.280714285713,signal_reversal,4.433715496885469,0.004433396126258228,1.2000864449604265,4,{}
2023-01-08 15:00:00+00:00,2023-01-08 18:00:00+00:00,LONG,16957.525732,16961.63712471429,0.05897773003137502,1000.116374621991,16966.727142857144,17067.835714285713,stop_loss,-0.9576590399899985,-0.000957547605749341,1.2001396495463892,3,{}
2023-01-08 23:00:00+00:00,2023-01-09 03:00:00+00:00,LONG,16968.358981,17197.0,0.058939512014770656,1000.1067980315911,17055.300714285717,17272.888571428575,signal_reversal,12.275861928781925,0.012274551030893161,1.2001281576379093,4,{}
2023-01-10 18:00:00+00:00,2023-01-10 22:00:00+00:00,LONG,17330.807683,17428.08,0.05771396088088937,1000.2295566508789,17346.945714285714,17607.95857142857,signal_reversal,4.413695230150569,0.00441268226958737,1.2002754679810546,4,{}
2023-01-11 23:00:00+00:00,2023-01-12 02:00:00+00:00,LONG,17561.676923,18237.260965999998,0.056957755115808556,1000.2736936031803,17798.994285714285,18231.79142857143,take_profit,37.279422049018,0.03726922170144281,1.2003284323238161,3,{}
2023-01-13 15:00:00+00:00,2023-01-13 19:00:00+00:00,LONG,19001.968881,19067.629423142855,0.05266014769786373,1000.6464878236704,19073.351428571426,19636.86714285714,stop_loss,2.256918061776091,0.0022554599343917302,1.2007757853884045,4,{}
2023-01-13 21:00:00+00:00,2023-01-14 00:00:00+00:00,LONG,19480.662446,20434.1648395,0.05136730128034006,1000.6690570042882,19511.196785714288,20428.03642857143,take_profit,47.77804185003485,0.04774609698941666,1.2008028684051457,3,{}
2023-01-16 01:00:00+00:00,2023-01-16 05:00:00+00:00,LONG,20972.869974,21187.16,0.04773532848217278,1001.1468374227885,20924.606428571427,21699.397142857142,signal_reversal,9.027828576655939,0.009017486985121892,1.2013762049073462,4,{}
2023-01-20 16:00:00+00:00,2023-01-20 20:00:00+00:00,LONG,21151.393515,21665.653460999998,0.047336697461493715,1001.237115708555,21140.357142857145,21659.155714285713,take_profit,23.14188294151575,0.02311328912845856,1.201484538850266,4,{}
2023-01-20 20:00:00+00:00,2023-01-21 00:00:00+00:00,LONG,21503.119001,22576.17,0.04657317547707368,1001.4685345379703,22011.519285714287,22842.071428571428,signal_reversal,48.77363023083061,0.04870210950095644,1.2017622414455642,4,{}
2023-01-20 22:00:00+00:00,2023-01-21 02:00:00+00:00,LONG,22323.184947,22551.05,0.04488410919943262,1001.9562708402786,22269.664642857144,23245.910714285714,signal_reversal,9.025172396578064,0.009007551186848914,1.2023475250083342,4,{}
2023-01-21 09:00:00+00:00,2023-01-21 13:00:00+00:00,LONG,22707.430185999998,22678.698634428572,0.044128574407422134,1002.0465225642444,22685.504285714287,23741.46142857143,stop_loss,-2.470338238437424,-0.002465292960765744,1.202455827077093,4,{}
2023-01-25 20:00:00+00:00,2023-01-26 00:00:00+00:00,LONG,22756.794991,23400.8145675,0.044031763681052015,1002.0218191818601,22710.236785714285,23393.79642857143,take_profit,27.15489161540108,0.02710010011316196,1.2024261830182321,4,{}
2023-01-29 01:00:00+00:00,2023-01-29 05:00:00+00:00,LONG,23119.883885,23081.230695714283,0.04335200700330049,1002.2933680980141,23088.15714285714,23520.645714285714,stop_loss,-2.878445374331898,-0.002871859144188626,1.2027520417176167,4,{}
2023-01-29 18:00:00+00:00,2023-01-29 22:00:00+00:00,LONG,23598.457414,23765.93,0.042471614396696465,1002.2645836442708,23444.79285714286,24147.384285714284,signal_reversal,5.910113594236456,0.005896759888239358,1.202717500373125,4,{}
2023-01-30 19:00:00+00:00,2023-01-30 23:00:00+00:00,SHORT,23132.118282000003,22826.15,0.043330389053049236,1002.3236847802131,23103.89607142857,22146.78785714286,signal_reversal,12.054936275216898,0.012026989343128486,1.2027884217362557,4,{}
2023-02-01 19:00:00+00:00,2023-02-01 23:00:00+00:00,LONG,23082.452659,23732.66,0.0434288439340568,1002.4442341429653,23146.225714285716,23865.518571428573,signal_reversal,27.03482005609554,0.026968901745650545,1.2029330809715584,4,{}
2023-02-02 00:00:00+00:00,2023-02-02 03:00:00+00:00,LONG,23738.529423,23844.580550607145,0.042239962066563705,1002.7145823435263,23851.73607142857,24866.077857142856,stop_loss,3.2763381084298695,0.0032674682966836598,1.2032574988122315,3,{}
2023-02-05 12:00:00+00:00,2023-02-05 16:00:00+00:00,SHORT,23349.852942,23075.54,0.0429444822721321,1002.7473457246107,23308.038214285716,22895.60357142857,signal_reversal,10.57693045986589,0.01054795159016126,1.2032968148695327,4,{}
2023-02-05 17:00:00+00:00,2023-02-05 21:00:00+00:00,SHORT,23068.607341,22896.41,0.043472633618711405,1002.8531150292093,23025.12,22504.199999999997,signal_reversal,6.282448177374223,0.006264574625359008,1.2034237380350512,4,{}
2023-02-07 17:00:00+00:00,2023-02-07 20:00:00+00:00,LONG,22984.873394,23099.53234642857,0.04363373782049135,1002.915939510983,23106.464285714283,23635.83142857143,stop_loss,3.7994995416272355,0.0037884526428803725,1.2034991274131794,3,{}
2023-02-08 15:00:00+00:00,2023-02-08 18:00:00+00:00,SHORT,23043.68482,23002.50332425,0.04352402588130865,1002.9539345063993,22995.604642857143,22625.63071428571,stop_loss,0.5888397654462866,0.0005871054942678722,1.203544721407679,3,{}
2023-02-09 03:00:00+00:00,2023-02-09 07:00:00+00:00,SHORT,22799.917972,22676.41,0.0439896241791643,1002.9598229040538,22756.817857142858,22041.684285714284,signal_reversal,4.229517483925858,0.004217035804763704,1.2035517874848645,4,{}
2023-02-09 19:00:00+00:00,2023-02-09 23:00:00+00:00,SHORT,22507.995575,21796.35,0.04456203639887613,1003.002118078893,22278.474285714285,21541.181428571428,signal_reversal,30.508773474554566,0.030417456677947756,1.2036025416946714,4,{}
2023-02-12 21:00:00+00:00,2023-02-13 01:00:00+00:00,SHORT,21961.809480000004,21708.4,0.04568417765063129,1003.3072058136386,21905.323571428573,21404.492857142857,signal_reversal,10.372835055697825,0.010338643035346195,1.2039686469763662,4,{}
2023-02-13 09:00:00+00:00,2023-02-13 13:00:00+00:00,SHORT,21715.4834,21572.88,0.04620716544418235,1003.4109341641955,21796.049285714285,21162.12142857143,signal_reversal,5.385205775705877,0.005366899634387138,1.2040931209970345,4,{}
2023-02-15 12:00:00+00:00,2023-02-15 16:00:00+00:00,LONG,22451.013283999997,22763.1,0.044695745957136136,1003.4647862219525,22590.52571428571,23135.57857142857,signal_reversal,12.744790831466622,0.01270078532546298,1.2041577434663429,4,{}
2023-02-15 19:00:00+00:00,2023-02-15 22:00:00+00:00,LONG,22981.432362,23896.7075765,0.04366969901274369,1003.5922341302672,23033.579642857145,23889.540714285715,take_profit,38.76548245008315,0.03862672620586595,1.2043106809563207,3,{}
2023-02-16 00:00:00+00:00,2023-02-16 04:00:00+00:00,LONG,24330.166860999998,24634.15,0.04126481724069455,1003.979888954768,24091.98,25565.549999999996,signal_reversal,11.339032808342075,0.011294083609729487,1.2047758667457213,4,{}
2023-02-16 15:00:00+00:00,2023-02-16 19:00:00+00:00,LONG,24431.127139999997,24782.61048575,0.04109893389400337,1004.0932792828514,24790.047499999997,25637.915,stop_loss,13.240678856683067,0.013186702002566825,1.2049119351394215,4,{}
2023-02-17 20:00:00+00:00,2023-02-18 00:00:00+00:00,LONG,24531.847347,24391.84953492857,0.04093559167667922,1004.2256860714183,24399.169285714284,25664.421428571426,stop_loss,-6.935964093870213,-0.006906778217358745,1.205070823285702,4,{}
2023-02-19 15:00:00+00:00,2023-02-19 18:00:00+00:00,LONG,24765.217337000002,24764.32097425,0.040547042764298255,1004.1563264304797,24771.7525,25223.125,stop_loss,-1.2413324504732133,-0.0012361944229200192,1.2049875917165755,3,{}
2023-02-22 15:00:00+00:00,2023-02-22 19:00:00+00:00,SHORT,23932.568075,23791.67,0.04195721537108696,1004.143913105975,24024.046785714287,23092.736428571432,signal_reversal,4.706718182419434,0.004687294441551524,1.2049726957271698,4,{}
2023-02-23 02:00:00+00:00,2023-02-23 06:00:00+00:00,LONG,24196.686829,24390.36,0.04150117689188196,1004.1909802877992,24215.09392857143,25164.64214285714,signal_reversal,6.832635352537434,0.0068041194221633156,1.2050291763453589,4,{}
2023-02-24 15:00:00+00:00,2023-02-24 19:00:00+00:00,SHORT,23803.056940000002,22842.780109500003,0.04219035013749475,1004.2593066413245,23602.147500000003,22849.635000000002,take_profit,39.30930453974907,0.03914258427060667,1.2051111679695894,4,{}
2023-02-28 21:00:00+00:00,2023-03-01 01:00:00+00:00,SHORT,23263.608823000002,23245.96,0.04318557827079063,1004.6523996867221,23372.431785714285,22674.80642857143,signal_reversal,-0.4434082525700994,-0.00044135489320322745,1.2055828796240664,4,{}
2023-03-07 14:00:00+00:00,2023-03-07 18:00:00+00:00,SHORT,22356.820940999998,22422.48937225,0.04493697776868537,1004.6479656041964,22415.764642857142,22096.010714285712,stop_loss,-4.156518393910735,-0.004137288419641601,1.2055775587250357,4,{}
2023-03-09 16:00:00+00:00,2023-03-09 19:00:00+00:00,SHORT,21640.925774,21141.66345478571,0.04642160002356364,1004.6064004202573,21644.27107142857,21148.007857142853,take_profit,21.97102800889817,0.021870284720172023,1.2055276805043087,3,{}
2023-03-09 18:00:00+00:00,2023-03-09 21:00:00+00:00,SHORT,21464.028859000002,20561.658936928572,0.04681442227371104,1004.8261107003462,21235.42035714286,20567.829285714284,take_profit,41.03813524610722,0.04084103190501723,1.2057913328404153,3,{}
2023-03-10 10:00:00+00:00,2023-03-10 13:00:00+00:00,SHORT,19847.164064,19968.272971,0.05064887299824194,1005.2364920528073,19962.284285714286,18940.411428571428,stop_loss,-7.340313440062161,-0.007302076176196514,1.2062837904633688,3,{}
2023-03-12 22:00:00+00:00,2023-03-13 02:00:00+00:00,LONG,21279.201846,22549.618571000003,0.047236879286774294,1005.1630889184067,21282.142142857145,22542.855714285717,take_profit,58.804325776022175,0.05850227333685506,1.206195706702088,4,{}
2023-03-17 01:00:00+00:00,2023-03-17 05:00:00+00:00,LONG,24926.505708999997,25765.88,0.04034866113676853,1005.7511321761671,25218.8175,26562.135000000002,signal_reversal,32.660727475863084,0.03247396540851444,1.2069013586114004,4,{}
2023-03-17 10:00:00+00:00,2023-03-17 14:00:00+00:00,LONG,26248.032047999997,26211.769466535712,0.0383296445848246,1006.0777394509256,26219.635357142855,27680.859285714287,stop_loss,-2.59722514659541,-0.0025815352479748384,1.2072932873411106,4,{}
2023-03-17 22:00:00+00:00,2023-03-18 02:00:00+00:00,LONG,27102.398280999998,27290.98,0.03712039638590756,1006.0517671994596,26892.396785714285,28755.136428571433,signal_reversal,5.792966039776545,0.005758119242613519,1.2072621206393515,4,{}
2023-03-19 15:00:00+00:00,2023-03-19 18:00:00+00:00,LONG,27335.938322,28164.047394499998,0.03680538363119363,1006.1096968598574,27242.129642857144,28155.600714285712,take_profit,29.271540465602456,0.029093786251102732,1.2073316362318287,3,{}
2023-03-24 21:00:00+00:00,2023-03-25 01:00:00+00:00,SHORT,27576.554551,27498.54,0.03649485690474043,1006.4024122645134,27730.18642857143,26545.047142857144,signal_reversal,1.639446980515166,0.0016290173399189638,1.2076828947174159,4,{}
2023-03-25 19:00:00+00:00,2023-03-25 22:00:00+00:00,SHORT,27434.687124,27458.983796,0.03668417292989277,1006.4188067343185,27450.748571428572,26667.542857142857,stop_loss,-2.0990058853500804,-0.0020856187019805865,1.2077025680811821,3,{}
2023-03-26 13:00:00+00:00,2023-03-26 16:00:00+00:00,LONG,27928.105918999998,27924.363034285714,0.036035305064880695,1006.397816675465,27932.742857142857,28584.48428571429,stop_loss,-1.3425533725124508,-0.0013340185662837009,1.207677380010558,3,{}
2023-03-27 14:00:00+00:00,2023-03-27 18:00:00+00:00,SHORT,27684.6921,27261.782510499997,0.036351655546920096,1006.3843911417399,27253.606428571427,26373.927142857145,stop_loss,14.165802455623387,0.014075936173406196,1.2076612693700879,4,{}
2023-03-29 06:00:00+00:00,2023-03-29 10:00:00+00:00,LONG,27552.403242,28382.23,0.03653133413901188,1006.5260491662962,27693.98857142857,28768.922857142858,signal_reversal,29.106847314991366,0.02891812620160255,1.2078312589995552,4,{}
2023-03-29 08:00:00+00:00,2023-03-29 12:00:00+00:00,LONG,28095.246046,28441.77,0.035835853367897075,1006.8171176394461,28140.92785714286,29239.114285714288,signal_reversal,11.209801062840585,0.011133899957047567,1.2081805411673352,4,{}
2023-03-30 02:00:00+00:00,2023-03-30 05:00:00+00:00,LONG,28358.504999999997,28590.392451214288,0.035507133244509,1006.9292156500745,28598.972142857143,29696.335714285713,stop_loss,7.025343569215293,0.006976998442417548,1.2083150587800893,3,{}
