candidate,kind,symbol,timeframe,train_expectancy_r,train_max_drawdown_r,train_profit_factor,train_score,train_total_trades,window
family_edge_BTCUSDT_12h_20260608_194342,family:channel_breakout,BTCUSDT,12h,0.721176421164874,6.0,1.8705011246463061,-999990,10,1
family_edge_BTCUSDT_1h_20260608_194104,family:ema_momentum,BTCUSDT,1h,-0.06843410464075583,16.732157118050118,0.8735467847639166,-58.895625005064495,57,1
family_edge_BTCUSDT_4h_20260608_193935,family:squeeze_breakout,BTCUSDT,4h,0.11511499550588135,6.0,1.1266170232124104,-2.9962420271375763,13,1
family_edge_BTCUSDT_4h_20260608_194014,family:channel_breakout,BTCUSDT,4h,0.36584382157152384,7.0,1.7962065659340816,42.16865438671606,20,1
family_edge_ETHUSDT_4h_20260608_194104,family:squeeze_breakout,ETHUSDT,4h,0.559538830993238,11.729816241621625,1.7810337160469019,59.025224731003334,29,1
family_edge_SOLUSDT_4h_20260608_194104,family:squeeze_breakout,SOLUSDT,4h,0.1996084935186936,0.9999999999999999,2.1748520869635746,-999994,6,1
family_wf_edge_BTCUSDT_12h_20260608_194342,family:channel_breakout,BTCUSDT,12h,0.0525302651503577,4.82180626426019,1.0843707989139573,-5.2897788850389045,24,1
family_wf_edge_BTCUSDT_4h_20260608_194317,family:ema_momentum,BTCUSDT,4h,-0.22166307942198693,10.325911735159432,0.5586522993121649,-66.0603686116852,42,1
family_wf_edge_SOLUSDT_4h_20260608_194416,family:channel_breakout,SOLUSDT,4h,0.1211736257000333,0.9999999999999999,1.6315106820885759,-999994,6,1
v3_edge_BTCUSDT_1d_20260608_192634,v3,BTCUSDT,1d,1.061526233910371,2.0,4.293918246082917,202.99841040834824,13,1
v3_edge_BTCUSDT_1h_20260608_191157,v3,BTCUSDT,1h,-0.051807508268932816,10.530270690528184,0.8014590488870029,-40.06050028272956,86,1
v3_edge_BTCUSDT_1h_20260608_191205,v3,BTCUSDT,1h,0.2797440923318937,3.5149241541066747,1.7122288309517328,41.93037563777442,63,1
v3_edge_BTCUSDT_4h_20260608_191322,v3,BTCUSDT,4h,0.0970995598534736,15.879091044064541,1.1197559558401122,-34.26109636701482,57,1
v3_edge_BTCUSDT_4h_20260608_191403,v3,BTCUSDT,4h,0.286040164513084,10.647471114008304,1.3678075280760944,11.217659832510577,53,1
v3_edge_BTCUSDT_4h_20260608_191650,v3,BTCUSDT,4h,0.09244885006574535,22.303109002657717,1.0881990334693505,-58.971090693504124,50,1
v3_edge_BTCUSDT_4h_20260608_191932,v3,BTCUSDT,4h,0.027226173984139724,7.9959708119944715,1.085417715856442,-16.40251382549617,75,1
v3_edge_BTCUSDT_4h_20260608_192109,v3,BTCUSDT,4h,0.8064597590271565,9.431203241975755,2.102784905188264,97.44419991409717,50,1
v3_edge_ETHUSDT_4h_20260608_191748,v3,ETHUSDT,4h,0.174205851877302,5.058222127102031,1.3984057719424716,17.59205501646452,62,1
v3_edge_SOLUSDT_4h_20260608_191748,v3,SOLUSDT,4h,0.1508329281502293,2.0,1.4579008562540665,-999991,9,1
v3_wf_edge_BTCUSDT_1d_20260608_192634,v3,BTCUSDT,1d,2.8320748901075152,1.0,6.59750828241288,-999998,2,1
v3_wf_edge_BTCUSDT_4h_20260608_192533,v3,BTCUSDT,4h,0.4120733003447278,8.41726982282864,1.8094967514317717,44.162911433519845,46,1
family_edge_BTCUSDT_12h_20260608_194342,family:channel_breakout,BTCUSDT,12h,0.7211764211648741,5.0,1.8543589094842672,-999990,10,2
family_edge_BTCUSDT_1h_20260608_194104,family:ema_momentum,BTCUSDT,1h,-0.21290161208640052,15.53566822311485,0.6563440005416225,-80.49629000446282,55,2
family_edge_BTCUSDT_4h_20260608_193935,family:squeeze_breakout,BTCUSDT,4h,0.3516702692269411,4.0,1.4403482575499011,42.28549318069997,12,2
family_edge_BTCUSDT_4h_20260608_194014,family:channel_breakout,BTCUSDT,4h,0.23851996012927013,7.0,1.4681446122725852,17.74306551134716,16,2
family_edge_ETHUSDT_4h_20260608_194104,family:squeeze_breakout,ETHUSDT,4h,-0.07005346406499889,11.729816241621627,0.8824281293297336,-44.388307707779504,31,2
family_edge_SOLUSDT_4h_20260608_194104,family:squeeze_breakout,SOLUSDT,4h,0.26328666537248835,0.9999999999999999,2.892824351962418,-999991,9,2
family_wf_edge_BTCUSDT_12h_20260608_194342,family:channel_breakout,BTCUSDT,12h,0.012441466324060556,4.821806264260191,1.010111603832558,-12.28354341441112,23,2
family_wf_edge_BTCUSDT_4h_20260608_194317,family:ema_momentum,BTCUSDT,4h,-0.16139563211626937,7.269971606725074,0.6583312015359577,-49.72142655170218,35,2
family_wf_edge_SOLUSDT_4h_20260608_194416,family:channel_breakout,SOLUSDT,4h,0.033409212216703135,1.1855467476127173,1.1167700857511609,-999992,8,2
v3_edge_BTCUSDT_1d_20260608_192634,v3,BTCUSDT,1d,0.8919017059227304,2.0,3.1320955747544974,160.1175155640629,12,2
v3_edge_BTCUSDT_1h_20260608_191157,v3,BTCUSDT,1h,-0.10094732921152574,10.530270690528182,0.6482620502437121,-50.125404972705624,67,2
v3_edge_BTCUSDT_1h_20260608_191205,v3,BTCUSDT,1h,0.08789727857761281,3.5149241541066747,1.179390426149379,4.202168134461413,53,2
v3_edge_BTCUSDT_4h_20260608_191322,v3,BTCUSDT,4h,-0.10747887936927723,15.879091044064541,0.829893376550279,-67.81299536892843,48,2
v3_edge_BTCUSDT_4h_20260608_191403,v3,BTCUSDT,4h,-0.007715030312945181,10.647471114008304,0.9633990031565846,-36.67632009294145,47,2
v3_edge_BTCUSDT_4h_20260608_191650,v3,BTCUSDT,4h,-0.02111649589325527,20.303109002657713,0.9404703085807159,-70.28007506550142,45,2
v3_edge_BTCUSDT_4h_20260608_191932,v3,BTCUSDT,4h,0.07092533274888398,5.140936152396644,1.2461366787931616,0.3457012435975084,73,2
v3_edge_BTCUSDT_4h_20260608_192109,v3,BTCUSDT,4h,0.4997450069107902,9.431203241975757,1.6759946729149469,47.32831656440993,40,2
v3_edge_ETHUSDT_4h_20260608_191748,v3,ETHUSDT,4h,0.09580583772515748,5.058222127102031,1.2172419509409593,3.052121472649432,54,2
v3_edge_SOLUSDT_4h_20260608_191748,v3,SOLUSDT,4h,0.12250585301633234,2.0,1.3338250631001969,-999989,11,2
v3_wf_edge_BTCUSDT_1d_20260608_192634,v3,BTCUSDT,1d,2.8320748901075152,1.0,6.59750828241288,-999998,2,2
v3_wf_edge_BTCUSDT_4h_20260608_192533,v3,BTCUSDT,4h,0.4951445120385416,8.41726982282864,2.048275923491324,60.6928690831449,38,2
family_edge_BTCUSDT_12h_20260608_194342,family:channel_breakout,BTCUSDT,12h,0.9124182457387491,3.0,2.0954230993583294,-999991,9,3
family_edge_BTCUSDT_1h_20260608_194104,family:ema_momentum,BTCUSDT,1h,-0.05793240694223057,10.239661913932691,0.8861455251496168,-44.24304412676456,50,3
family_edge_BTCUSDT_4h_20260608_193935,family:squeeze_breakout,BTCUSDT,4h,0.24769563313256088,5.0,1.2800695873997152,21.422102404826077,13,3
family_edge_BTCUSDT_4h_20260608_194014,family:channel_breakout,BTCUSDT,4h,0.17030739850557108,7.0,1.309411086526433,5.065827882358633,17,3
family_edge_ETHUSDT_4h_20260608_194104,family:squeeze_breakout,ETHUSDT,4h,0.31888081908603116,5.951722535350919,1.4443828904225193,34.21625078062269,28,3
family_edge_SOLUSDT_4h_20260608_194104,family:squeeze_breakout,SOLUSDT,4h,0.26328666537248835,0.9999999999999999,2.892824351962418,-999991,9,3
family_wf_edge_BTCUSDT_12h_20260608_194342,family:channel_breakout,BTCUSDT,12h,-0.11094510093407696,4.0,0.8121044622182958,-32.93235602819091,21,3
family_wf_edge_BTCUSDT_4h_20260608_194317,family:ema_momentum,BTCUSDT,4h,-0.21607954735367677,8.895480074318487,0.582013309296219,-63.4129818815057,36,3
family_wf_edge_SOLUSDT_4h_20260608_194416,family:channel_breakout,SOLUSDT,4h,0.18545762174378785,1.1855467476127173,1.769651324755128,-999991,9,3
v3_edge_BTCUSDT_1d_20260608_192634,v3,BTCUSDT,1d,0.9375403375225357,2.0,3.2659797236549934,-999990,10,3
v3_edge_BTCUSDT_1h_20260608_191157,v3,BTCUSDT,1h,-0.16282871551247255,8.565678993098139,0.4874847624528491,-58.09945670394933,50,3
v3_edge_BTCUSDT_1h_20260608_191205,v3,BTCUSDT,1h,0.018129319683878414,7.0,1.0226115816087953,-21.60051048248472,41,3
v3_edge_BTCUSDT_4h_20260608_191322,v3,BTCUSDT,4h,0.007663198068757897,11.573462036947275,0.9881186689800018,-40.43586026943598,43,3
v3_edge_BTCUSDT_4h_20260608_191403,v3,BTCUSDT,4h,-0.2632630208262964,12.0,0.6763211782409435,-83.99248442963588,37,3
v3_edge_BTCUSDT_4h_20260608_191650,v3,BTCUSDT,4h,0.1756866738140712,10.0,1.1882121380533688,-7.6436410908898935,38,3
v3_edge_BTCUSDT_4h_20260608_191932,v3,BTCUSDT,4h,0.0669834380137111,5.140936152396643,1.2261487450699193,-0.6464554813327794,64,3
v3_edge_BTCUSDT_4h_20260608_192109,v3,BTCUSDT,4h,0.19803703689319851,9.431203241975757,1.2204152240482764,-2.827626310677072,35,3
v3_edge_ETHUSDT_4h_20260608_191748,v3,ETHUSDT,4h,0.28621794841689685,5.05822212710203,1.8430421123519365,42.82489973643901,42,3
v3_edge_SOLUSDT_4h_20260608_191748,v3,SOLUSDT,4h,0.1460114872946559,2.0,1.4378915119961038,22.490889636211758,12,3
v3_wf_edge_BTCUSDT_1d_20260608_192634,v3,BTCUSDT,1d,2.8320748901075152,1.0,6.59750828241288,-999998,2,3
v3_wf_edge_BTCUSDT_4h_20260608_192533,v3,BTCUSDT,4h,0.7093889595559807,5.583624624041601,2.3515140327417594,102.9896522799965,31,3
family_edge_BTCUSDT_12h_20260608_194342,family:channel_breakout,BTCUSDT,12h,1.4588234588069626,3.0,2.8371149397729787,-999993,7,4
family_edge_BTCUSDT_1h_20260608_194104,family:ema_momentum,BTCUSDT,1h,0.1448485679078409,7.133663670175727,1.2263285223836573,-0.5051289751243608,41,4
family_edge_BTCUSDT_4h_20260608_193935,family:squeeze_breakout,BTCUSDT,4h,0.26431457361384414,8.0,1.3019786692119861,13.608382630887405,13,4
family_edge_BTCUSDT_4h_20260608_194014,family:channel_breakout,BTCUSDT,4h,0.516335571726541,2.0,2.238180715258958,-999990,10,4
family_edge_ETHUSDT_4h_20260608_194104,family:squeeze_breakout,ETHUSDT,4h,0.23858343605398158,7.351101794813138,1.2909757030154052,14.297059969761055,32,4
family_edge_SOLUSDT_4h_20260608_194104,family:squeeze_breakout,SOLUSDT,4h,0.07885263318681278,1.4438199112132242,1.3687342189281042,11.712823746133715,13,4
family_wf_edge_BTCUSDT_12h_20260608_194342,family:channel_breakout,BTCUSDT,12h,-0.20770724709426894,7.569122502153092,0.6853296497403187,-58.6922755327935,24,4
family_wf_edge_BTCUSDT_4h_20260608_194317,family:ema_momentum,BTCUSDT,4h,-0.2883065728207077,11.679892817016137,0.4908805873176991,-80.5585060050995,36,4
family_wf_edge_SOLUSDT_4h_20260608_194416,family:channel_breakout,SOLUSDT,4h,-0.033264826480017946,2.16809099289436,0.8777812617554881,-20.593859146059337,15,4
v3_edge_BTCUSDT_1d_20260608_192634,v3,BTCUSDT,1d,0.8398202521127456,3.0,2.9340450947268746,-999989,11,4
v3_edge_BTCUSDT_1h_20260608_191157,v3,BTCUSDT,1h,-0.03630820450378727,2.535323179948796,0.837217636561242,-16.697489667920127,41,4
v3_edge_BTCUSDT_1h_20260608_191205,v3,BTCUSDT,1h,-0.07814105974240511,8.342350517339437,0.8523709143481745,-40.88613685683535,33,4
v3_edge_BTCUSDT_4h_20260608_191322,v3,BTCUSDT,4h,-0.06167707194400395,9.0,0.8964920744433443,-42.00220956608025,34,4
v3_edge_BTCUSDT_4h_20260608_191403,v3,BTCUSDT,4h,0.04191721152317617,13.0,1.0222141303405452,-39.51762337381401,26,4
v3_edge_BTCUSDT_4h_20260608_191650,v3,BTCUSDT,4h,0.4478818841068697,11.503691507160424,1.5364412618101393,33.09185220301555,29,4
v3_edge_BTCUSDT_4h_20260608_191932,v3,BTCUSDT,4h,0.09609802499355867,3.3585172891390114,1.352574021962632,9.737485197987775,58,4
v3_edge_BTCUSDT_4h_20260608_192109,v3,BTCUSDT,4h,0.7066961534560607,5.0,1.8648647123433288,95.12725304552778,17,4
v3_edge_ETHUSDT_4h_20260608_191748,v3,ETHUSDT,4h,0.1246759402009818,4.292768375527789,1.305585299544365,10.456382664136818,37,4
v3_edge_SOLUSDT_4h_20260608_191748,v3,SOLUSDT,4h,-0.04300849116633189,3.5096902962803007,0.8907312619009203,-19.732934158561658,15,4
v3_wf_edge_BTCUSDT_1d_20260608_192634,v3,BTCUSDT,1d,6.66414978021503,0.0,inf,-999999,1,4
v3_wf_edge_BTCUSDT_4h_20260608_192533,v3,BTCUSDT,4h,0.7131987678474142,5.583624624041601,2.125744500246735,98.06645857800228,27,4
family_edge_BTCUSDT_12h_20260608_194342,family:channel_breakout,BTCUSDT,12h,-1.0,4.0,0.0,-999996,4,5
family_edge_BTCUSDT_1h_20260608_194104,family:ema_momentum,BTCUSDT,1h,0.09958170883450906,7.133663670175726,1.1501108997625635,-8.219043597563749,43,5
family_edge_BTCUSDT_4h_20260608_193935,family:squeeze_breakout,BTCUSDT,4h,-0.3682108800294693,8.0,0.5391465654822684,-86.92789683225656,12,5
family_edge_BTCUSDT_4h_20260608_194014,family:channel_breakout,BTCUSDT,4h,-0.2718022418613589,3.0,0.6116937274341914,-999993,7,5
family_edge_ETHUSDT_4h_20260608_194104,family:squeeze_breakout,ETHUSDT,4h,0.13761802182593044,11.814184172004115,1.152694380636473,-12.573360371361922,34,5
family_edge_SOLUSDT_4h_20260608_194104,family:squeeze_breakout,SOLUSDT,4h,0.13934866498801005,1.57523735315548,1.8419945263664066,30.672720374924104,12,5
family_wf_edge_BTCUSDT_12h_20260608_194342,family:channel_breakout,BTCUSDT,12h,-0.4594584846920594,8.797009285428619,0.4046778713560518,-100.61135266827972,18,5
family_wf_edge_BTCUSDT_4h_20260608_194317,family:ema_momentum,BTCUSDT,4h,-0.13140877267560958,9.448206033831871,0.7070196503554224,-50.511080906962846,37,5
family_wf_edge_SOLUSDT_4h_20260608_194416,family:channel_breakout,SOLUSDT,4h,0.05132655448022507,2.16809099289436,1.2197859939828994,-1.3888660477698735,17,5
v3_edge_BTCUSDT_1d_20260608_192634,v3,BTCUSDT,1d,-0.28024425548443865,4.0,0.5843983783172899,-999991,9,5
v3_edge_BTCUSDT_1h_20260608_191157,v3,BTCUSDT,1h,-0.027662049534227923,3.0539454689094896,0.8910055392545179,-15.31982443516018,39,5
v3_edge_BTCUSDT_1h_20260608_191205,v3,BTCUSDT,1h,-0.018913683593233525,8.342350517339435,0.9516278869040573,-30.804410616101855,27,5
v3_edge_BTCUSDT_4h_20260608_191322,v3,BTCUSDT,4h,-0.0624742472962552,7.610600525970794,0.8944500408893302,-33.37605221911084,25,5
v3_edge_BTCUSDT_4h_20260608_191403,v3,BTCUSDT,4h,-0.22024168323851986,12.0,0.7130223474332031,-77.5188824826107,22,5
v3_edge_BTCUSDT_4h_20260608_191650,v3,BTCUSDT,4h,-0.2043598277166498,11.503691507160424,0.720149684905979,-71.29056817974183,29,5
v3_edge_BTCUSDT_4h_20260608_191932,v3,BTCUSDT,4h,-0.07343296271583273,6.9760579458829675,0.8027236828614546,-37.23303265614928,53,5
v3_edge_BTCUSDT_4h_20260608_192109,v3,BTCUSDT,4h,0.5950541719362571,5.0,1.881687154720303,-999991,9,5
v3_edge_ETHUSDT_4h_20260608_191748,v3,ETHUSDT,4h,0.31048992857230306,4.292768375527789,2.1515334799159067,54.91495748132558,33,5
v3_edge_SOLUSDT_4h_20260608_191748,v3,SOLUSDT,4h,0.08952236778243189,3.604110136296099,1.281792548505912,3.692708703265838,18,5
v3_wf_edge_BTCUSDT_1d_20260608_192634,v3,BTCUSDT,1d,0.0,0.0,0.0,-1000000,0,5
v3_wf_edge_BTCUSDT_4h_20260608_192533,v3,BTCUSDT,4h,0.08935027881936938,6.865199081808495,1.121754798661172,-9.692746749230842,26,5
family_edge_BTCUSDT_12h_20260608_194342,family:channel_breakout,BTCUSDT,12h,-1.0,3.0,0.0,-999997,3,6
family_edge_BTCUSDT_1h_20260608_194104,family:ema_momentum,BTCUSDT,1h,0.27971568003013225,4.601216343548485,1.540933210128103,29.6430027598947,37,6
family_edge_BTCUSDT_4h_20260608_193935,family:squeeze_breakout,BTCUSDT,4h,0.0011278356508655238,7.0,0.9760485258204761,-24.928216745696055,15,6
family_edge_BTCUSDT_4h_20260608_194014,family:channel_breakout,BTCUSDT,4h,-0.2349345147704577,3.4683483216591386,0.6556259502278698,-999990,10,6
family_edge_ETHUSDT_4h_20260608_194104,family:squeeze_breakout,ETHUSDT,4h,0.2726735084162507,11.814184172004115,1.3473305444514787,9.65512081693985,33,6
family_edge_SOLUSDT_4h_20260608_194104,family:squeeze_breakout,SOLUSDT,4h,0.0751567003155326,1.5752373531554795,1.3779026537222578,11.189560024042468,14,6
family_wf_edge_BTCUSDT_12h_20260608_194342,family:channel_breakout,BTCUSDT,12h,-0.43671786987808936,7.424203787927519,0.4220178994763573,-91.49330107257407,17,6
family_wf_edge_BTCUSDT_4h_20260608_194317,family:ema_momentum,BTCUSDT,4h,-0.20421195056776228,9.95470754306619,0.585732718644179,-63.899383412481185,41,6
family_wf_edge_SOLUSDT_4h_20260608_194416,family:channel_breakout,SOLUSDT,4h,0.04652716842955842,2.44516839193629,1.1869488328710447,-3.3550328991249136,24,6
v3_edge_BTCUSDT_1d_20260608_192634,v3,BTCUSDT,1d,-0.14462086217921402,2.5586534278844084,0.7549909193657094,-999989,11,6
v3_edge_BTCUSDT_1h_20260608_191157,v3,BTCUSDT,1h,-0.06980759784535039,4.855061729504803,0.7572431122167301,-29.111276485703634,54,6
v3_edge_BTCUSDT_1h_20260608_191205,v3,BTCUSDT,1h,0.14746755289485525,5.342350517339435,1.323440819907812,10.248660519439802,34,6
v3_edge_BTCUSDT_4h_20260608_191322,v3,BTCUSDT,4h,0.187603503112597,7.610600525970795,1.2522669813371636,7.721661904787945,32,6
v3_edge_BTCUSDT_4h_20260608_191403,v3,BTCUSDT,4h,0.38945572022239877,6.0,1.5305819922760384,42.363211443536755,24,6
v3_edge_BTCUSDT_4h_20260608_191650,v3,BTCUSDT,4h,0.16790279696407295,7.503691507160424,1.1937951434197747,2.471064033083227,32,6
v3_edge_BTCUSDT_4h_20260608_191932,v3,BTCUSDT,4h,-0.13734594562455035,8.53253664780895,0.6491210132929471,-52.34114190777872,52,6
v3_edge_BTCUSDT_4h_20260608_192109,v3,BTCUSDT,4h,0.02539196767330814,5.0,1.0048372068289528,-14.082951238575074,14,6
v3_edge_ETHUSDT_4h_20260608_191748,v3,ETHUSDT,4h,0.2493224387742133,4.292768375527789,1.9045332074341146,41.035177268010905,40,6
v3_edge_SOLUSDT_4h_20260608_191748,v3,SOLUSDT,4h,0.21071962764237148,3.0086836006523145,1.6323847739112518,29.053418966073707,23,6
v3_wf_edge_BTCUSDT_1d_20260608_192634,v3,BTCUSDT,1d,0.0,0.0,0.0,-1000000,0,6
v3_wf_edge_BTCUSDT_4h_20260608_192533,v3,BTCUSDT,4h,-0.051012321383535675,7.9616597721985585,0.8996462759084078,-33.963410702454965,29,6
family_edge_BTCUSDT_12h_20260608_194342,family:channel_breakout,BTCUSDT,12h,-1.0,2.0,0.0,-999998,2,7
family_edge_BTCUSDT_1h_20260608_194104,family:ema_momentum,BTCUSDT,1h,0.03702746487584794,5.72318172797079,1.0469448570324509,-14.506116453302527,37,7
family_edge_BTCUSDT_4h_20260608_193935,family:squeeze_breakout,BTCUSDT,4h,0.4440433894046575,5.0,1.5806671804181183,54.16165295264031,18,7
family_edge_BTCUSDT_4h_20260608_194014,family:channel_breakout,BTCUSDT,4h,-0.2735825394763149,2.468348321659139,0.607993226713719,-999993,7,7
family_edge_ETHUSDT_4h_20260608_194104,family:squeeze_breakout,ETHUSDT,4h,0.24172565043725133,10.463082377190975,1.3526448870601144,8.461647091903465,31,7
family_edge_SOLUSDT_4h_20260608_194104,family:squeeze_breakout,SOLUSDT,4h,0.11545747828675498,1.5752373531554795,1.5673200571110038,20.97467884163128,20,7
family_wf_edge_BTCUSDT_12h_20260608_194342,family:channel_breakout,BTCUSDT,12h,-0.23706587653946587,7.424203787927518,0.6417585957538186,-60.26476522789395,22,7
family_wf_edge_BTCUSDT_4h_20260608_194317,family:ema_momentum,BTCUSDT,4h,-0.12432363814109365,4.227003696797183,0.7190215178435843,-37.359563923690516,34,7
family_wf_edge_SOLUSDT_4h_20260608_194416,family:channel_breakout,SOLUSDT,4h,0.0559204369729455,2.8943200549033548,1.2139979139664967,-2.383033368127875,31,7
v3_edge_BTCUSDT_1d_20260608_192634,v3,BTCUSDT,1d,0.21431049437516336,3.558653427884408,1.3602134534445123,23.388180295670715,12,7
v3_edge_BTCUSDT_1h_20260608_191157,v3,BTCUSDT,1h,-0.05232559879747368,6.394823634496683,0.8179095711476081,-28.46214540512235,73,7
v3_edge_BTCUSDT_1h_20260608_191205,v3,BTCUSDT,1h,0.28218311256078515,3.0979502410884443,1.6951612542644794,41.171774253072684,41,7
v3_edge_BTCUSDT_4h_20260608_191322,v3,BTCUSDT,4h,0.21403148805149183,7.610600525970795,1.32965358201195,13.014578363039142,35,7
v3_edge_BTCUSDT_4h_20260608_191403,v3,BTCUSDT,4h,0.8552433903898915,5.240150088072801,2.2582106879899495,124.8983970862991,29,7
v3_edge_BTCUSDT_4h_20260608_191650,v3,BTCUSDT,4h,0.7434492328439435,6.0,2.0298658980871673,100.36518182380468,35,7
v3_edge_BTCUSDT_4h_20260608_191932,v3,BTCUSDT,4h,-0.1903529237312929,12.009078477002207,0.5761723295618183,-67.93590112958886,49,7
v3_edge_BTCUSDT_4h_20260608_192109,v3,BTCUSDT,4h,0.13378811436734328,7.546332999845703,1.1538193981071487,-3.0085455773652114,18,7
v3_edge_ETHUSDT_4h_20260608_191748,v3,ETHUSDT,4h,0.12083871935278415,4.292768375527789,1.3511146410299069,11.050248149524126,46,7
v3_edge_SOLUSDT_4h_20260608_191748,v3,SOLUSDT,4h,0.17814357763193983,3.4182503960792987,1.5106477178609383,21.0777095286561,31,7
v3_wf_edge_BTCUSDT_1d_20260608_192634,v3,BTCUSDT,1d,0.0,0.0,0.0,-1000000,0,7
v3_wf_edge_BTCUSDT_4h_20260608_192533,v3,BTCUSDT,4h,0.017141384156775998,7.961659772198558,1.0109365030249282,-22.43246353141796,33,7
family_edge_BTCUSDT_12h_20260608_194342,family:channel_breakout,BTCUSDT,12h,-1.0,1.0,0.0,-999999,1,8
family_edge_BTCUSDT_1h_20260608_194104,family:ema_momentum,BTCUSDT,1h,0.07252251581827536,7.028866186289331,1.1104026770562498,-13.98014106685287,37,8
family_edge_BTCUSDT_4h_20260608_193935,family:squeeze_breakout,BTCUSDT,4h,0.4072856113064796,5.0,1.5127940027002473,47.754185534648286,15,8
family_edge_BTCUSDT_4h_20260608_194014,family:channel_breakout,BTCUSDT,4h,-0.15251296272236733,2.0,0.7614985526930118,-999994,6,8
family_edge_ETHUSDT_4h_20260608_194104,family:squeeze_breakout,ETHUSDT,4h,0.2532855965324146,5.571950587741033,1.3449796339277313,21.06273758799739,26,8
family_edge_SOLUSDT_4h_20260608_194104,family:squeeze_breakout,SOLUSDT,4h,0.1124916070390158,1.9359536084582984,1.54898728359321,17.927696504392493,23,8
family_wf_edge_BTCUSDT_12h_20260608_194342,family:channel_breakout,BTCUSDT,12h,-0.07294979988432046,6.6271945024989,0.870140742498187,-31.854485170002974,18,8
family_wf_edge_BTCUSDT_4h_20260608_194317,family:ema_momentum,BTCUSDT,4h,-0.002080972075542275,3.848412889883036,0.9863620890377445,-14.2946620126807,33,8
family_wf_edge_SOLUSDT_4h_20260608_194416,family:channel_breakout,SOLUSDT,4h,0.09416224426572946,2.894320054903355,1.3753724956472586,9.461391540272327,34,8
v3_edge_BTCUSDT_1d_20260608_192634,v3,BTCUSDT,1d,-0.009197697480525317,3.5586534278844084,0.9700623516352159,-999989,11,8
v3_edge_BTCUSDT_1h_20260608_191157,v3,BTCUSDT,1h,-0.0932327319643812,6.52668138619785,0.7183746680096899,-36.4326258955327,65,8
v3_edge_BTCUSDT_1h_20260608_191205,v3,BTCUSDT,1h,0.28440380967810935,3.0979502410884443,1.6868366752743993,41.26067498256291,43,8
v3_edge_BTCUSDT_4h_20260608_191322,v3,BTCUSDT,4h,0.22955576213951226,5.0,1.3498430542465047,20.73848238005271,40,8
v3_edge_BTCUSDT_4h_20260608_191403,v3,BTCUSDT,4h,0.6253131234388354,5.240150088072801,1.8763019147199693,85.84165182418226,31,8
v3_edge_BTCUSDT_4h_20260608_191650,v3,BTCUSDT,4h,0.605363362345588,6.0,1.7484338285692391,75.65964899058817,37,8
v3_edge_BTCUSDT_4h_20260608_191932,v3,BTCUSDT,4h,-0.20176818554479303,13.18437490058199,0.5580377189061949,-72.2057086682384,50,8
v3_edge_BTCUSDT_4h_20260608_192109,v3,BTCUSDT,4h,0.025612948073646093,7.546332999845703,1.0171072493608284,-20.352408765457533,20,8
v3_edge_ETHUSDT_4h_20260608_191748,v3,ETHUSDT,4h,0.15504724243324727,3.8093869887466782,1.503834930314534,20.129405866377603,45,8
v3_edge_SOLUSDT_4h_20260608_191748,v3,SOLUSDT,4h,0.15321256814789563,3.4182503960792996,1.4016671251808877,18.221144071409135,37,8
v3_wf_edge_BTCUSDT_1d_20260608_192634,v3,BTCUSDT,1d,0.0,0.0,0.0,-1000000,0,8
v3_wf_edge_BTCUSDT_4h_20260608_192533,v3,BTCUSDT,4h,-0.13140764001052604,7.77552297336217,0.7752876381263134,-48.52713583306121,37,8
family_edge_BTCUSDT_12h_20260608_194342,family:channel_breakout,BTCUSDT,12h,0.0,0.0,0.0,-1000000,0,9
family_edge_BTCUSDT_1h_20260608_194104,family:ema_momentum,BTCUSDT,1h,-0.1644935436115544,11.481986453414335,0.7035829265202075,-63.46214333984577,43,9
family_edge_BTCUSDT_4h_20260608_193935,family:squeeze_breakout,BTCUSDT,4h,0.30756765775477085,5.0,1.3717460925427747,31.4057017291468,15,9
family_edge_BTCUSDT_4h_20260608_194014,family:channel_breakout,BTCUSDT,4h,-0.4059421277053686,4.0,0.4539321617250048,-999992,8,9
family_edge_ETHUSDT_4h_20260608_194104,family:squeeze_breakout,ETHUSDT,4h,0.2457346309329253,9.0,1.2975757145521696,7.587319170532361,27,9
family_edge_SOLUSDT_4h_20260608_194104,family:squeeze_breakout,SOLUSDT,4h,-0.03182843235152084,2.540948557204191,0.8780741468155326,-18.145813796533307,23,9
family_wf_edge_BTCUSDT_12h_20260608_194342,family:channel_breakout,BTCUSDT,12h,-0.14894354390301714,4.0,0.7605028440661445,-39.11059244980476,14,9
family_wf_edge_BTCUSDT_4h_20260608_194317,family:ema_momentum,BTCUSDT,4h,-0.19363139597861406,6.389836067294263,0.6131917767275755,-56.23515097034654,33,9
family_wf_edge_SOLUSDT_4h_20260608_194416,family:channel_breakout,SOLUSDT,4h,-0.03188588927697141,4.383718761483536,0.8915803729308335,-26.014674178633353,36,9
v3_edge_BTCUSDT_1d_20260608_192634,v3,BTCUSDT,1d,-0.2350421595332893,4.40964952638644,0.6352890551478187,-54.12784246855284,12,9
v3_edge_BTCUSDT_1h_20260608_191157,v3,BTCUSDT,1h,-0.172956173199229,10.169590563216582,0.5428176106795735,-59.79586098602317,53,9
v3_edge_BTCUSDT_1h_20260608_191205,v3,BTCUSDT,1h,0.13261056759396372,4.919420633377797,1.2492297834234145,7.382047322621638,37,9
v3_edge_BTCUSDT_4h_20260608_191322,v3,BTCUSDT,4h,0.1976093090880339,6.28972086754268,1.3155608839591995,13.183229661379833,37,9
v3_edge_BTCUSDT_4h_20260608_191403,v3,BTCUSDT,4h,0.36515832158026945,8.327467383565942,1.4417611577265401,30.917914823740112,31,9
v3_edge_BTCUSDT_4h_20260608_191650,v3,BTCUSDT,4h,0.3052328457823832,8.272376498428113,1.3570103503469184,22.703765363179635,36,9
v3_edge_BTCUSDT_4h_20260608_191932,v3,BTCUSDT,4h,-0.19323881552744968,8.9460291812818,0.5401540017541722,-60.04940833903193,44,9
v3_edge_BTCUSDT_4h_20260608_192109,v3,BTCUSDT,4h,-0.4336827255122347,17.780991746001618,0.4420523058469357,-117.3314824682673,41,9
v3_edge_ETHUSDT_4h_20260608_191748,v3,ETHUSDT,4h,0.16584897210390806,3.8093869887466782,1.4316470018815515,18.301120441171932,46,9
v3_edge_SOLUSDT_4h_20260608_191748,v3,SOLUSDT,4h,-0.036204836716153245,8.146052766077144,0.9140642967412932,-33.56119118346317,38,9
v3_wf_edge_BTCUSDT_1d_20260608_192634,v3,BTCUSDT,1d,0.0,0.0,0.0,-1000000,0,9
v3_wf_edge_BTCUSDT_4h_20260608_192533,v3,BTCUSDT,4h,-0.08990113180681265,8.534767065771469,0.8255803664397571,-46.442752471874414,42,9
family_edge_BTCUSDT_12h_20260608_194342,family:channel_breakout,BTCUSDT,12h,-1.0,2.0,0.0,-999998,2,10
family_edge_BTCUSDT_1h_20260608_194104,family:ema_momentum,BTCUSDT,1h,-0.07368236189060132,11.481986453414336,0.855612277359011,-48.00798529599058,47,10
family_edge_BTCUSDT_4h_20260608_193935,family:squeeze_breakout,BTCUSDT,4h,0.015490537643863767,5.0,0.9886893483176008,-15.75768574667529,12,10
family_edge_BTCUSDT_4h_20260608_194014,family:channel_breakout,BTCUSDT,4h,-0.017417791587703006,3.0,0.9572607784670096,-999991,9,10
family_edge_ETHUSDT_4h_20260608_194104,family:squeeze_breakout,ETHUSDT,4h,-0.02841698849143221,10.635561820857436,0.9339261486832547,-40.05110457720295,25,10
family_edge_SOLUSDT_4h_20260608_194104,family:squeeze_breakout,SOLUSDT,4h,-0.09980315178058997,3.8375787376390873,0.6767938833932122,-35.90651400531778,22,10
family_wf_edge_BTCUSDT_12h_20260608_194342,family:channel_breakout,BTCUSDT,12h,-0.012311301193647678,3.0,0.9669794511629781,-12.892962327262723,16,10
family_wf_edge_BTCUSDT_4h_20260608_194317,family:ema_momentum,BTCUSDT,4h,-0.07653682717422779,6.191006895227743,0.8120403899935725,-35.84283196325936,28,10
family_wf_edge_SOLUSDT_4h_20260608_194416,family:channel_breakout,SOLUSDT,4h,0.06843986948893978,4.383718761483536,1.2310800874382086,-4.824332390887893,34,10
v3_edge_BTCUSDT_1d_20260608_192634,v3,BTCUSDT,1d,0.06706390897436239,6.094214686041703,1.09405406119476,-7.212823736742054,14,10
v3_edge_BTCUSDT_1h_20260608_191157,v3,BTCUSDT,1h,-0.12170917296188388,7.885620656316197,0.6342000037831248,-46.372633706882304,49,10
v3_edge_BTCUSDT_1h_20260608_191205,v3,BTCUSDT,1h,0.13938480897959163,4.919420633377796,1.2780680950676417,8.954818182214725,36,10
v3_edge_BTCUSDT_4h_20260608_191322,v3,BTCUSDT,4h,0.2400664945964786,6.28972086754268,1.3843513356318247,20.35363461762065,36,10
v3_edge_BTCUSDT_4h_20260608_191403,v3,BTCUSDT,4h,0.3343998909044045,8.327467383565939,1.4214236396585842,26.431218402246728,29,10
v3_edge_BTCUSDT_4h_20260608_191650,v3,BTCUSDT,4h,0.31947117547131565,9.272376498428113,1.3596891383161427,21.11903913400223,41,10
v3_edge_BTCUSDT_4h_20260608_191932,v3,BTCUSDT,4h,-0.13873791453663945,7.736259780489362,0.6145956167129905,-47.25815364963008,47,10
v3_edge_BTCUSDT_4h_20260608_192109,v3,BTCUSDT,4h,0.0005855199718929746,16.92896562388421,0.9728914697085256,-46.43241837841772,49,10
v3_edge_ETHUSDT_4h_20260608_191748,v3,ETHUSDT,4h,0.0787542888862583,3.3811625277395074,1.1732904177381775,1.634702525450824,48,10
v3_edge_SOLUSDT_4h_20260608_191748,v3,SOLUSDT,4h,0.013115836710994564,8.146052766077142,1.0119692655610406,-24.799784386260015,41,10
v3_wf_edge_BTCUSDT_1d_20260608_192634,v3,BTCUSDT,1d,6.097193947716704,0.0,inf,-999999,1,10
v3_wf_edge_BTCUSDT_4h_20260608_192533,v3,BTCUSDT,4h,0.10067399092559733,8.534767065771469,1.1622074432018095,-13.588936674371858,40,10
family_edge_BTCUSDT_12h_20260608_194342,family:channel_breakout,BTCUSDT,12h,-1.0,3.0,0.0,-999997,3,11
family_edge_BTCUSDT_1h_20260608_194104,family:ema_momentum,BTCUSDT,1h,0.1511889962353068,10.197572600839777,1.2741194402821694,-0.16170912431760343,47,11
family_edge_BTCUSDT_4h_20260608_193935,family:squeeze_breakout,BTCUSDT,4h,-0.39345992781176004,5.0,0.5335452284128356,-999992,8,11
family_edge_BTCUSDT_4h_20260608_194014,family:channel_breakout,BTCUSDT,4h,-0.0672448245614821,3.0,0.8770715908598707,-22.192109012355775,15,11
family_edge_ETHUSDT_4h_20260608_194104,family:squeeze_breakout,ETHUSDT,4h,-0.5938827364935944,15.440951148833454,0.28763939901674335,-138.68331246543232,26,11
family_edge_SOLUSDT_4h_20260608_194104,family:squeeze_breakout,SOLUSDT,4h,-0.2229346135714253,4.904561498571357,0.3758320971618285,-61.27065242954412,22,11
family_wf_edge_BTCUSDT_12h_20260608_194342,family:channel_breakout,BTCUSDT,12h,-0.09209862871357213,4.000000000000001,0.8374028068819829,-29.875154367596792,15,11
family_wf_edge_BTCUSDT_4h_20260608_194317,family:ema_momentum,BTCUSDT,4h,-0.08445333726416696,7.43433419607719,0.7890078362015555,-39.91141416765875,32,11
family_wf_edge_SOLUSDT_4h_20260608_194416,family:channel_breakout,SOLUSDT,4h,-0.01697298449525269,4.383718761483536,0.9326050145532095,-23.09140515807289,37,11
v3_edge_BTCUSDT_1d_20260608_192634,v3,BTCUSDT,1d,-0.3943730673300549,7.789459629459778,0.4479165386586486,-86.09742108401913,17,11
v3_edge_BTCUSDT_1h_20260608_191157,v3,BTCUSDT,1h,-0.24142822022407395,14.62634970557017,0.4002073056439271,-81.03339270481571,59,11
v3_edge_BTCUSDT_1h_20260608_191205,v3,BTCUSDT,1h,-0.0522649678086351,8.345252302221727,0.8942535379859722,-36.52286550790269,40,11
v3_edge_BTCUSDT_4h_20260608_191322,v3,BTCUSDT,4h,-0.09866670253491573,13.263336253785594,0.8456593065168824,-64.05752048070505,39,11
v3_edge_BTCUSDT_4h_20260608_191403,v3,BTCUSDT,4h,0.02817115561222838,9.483912155540148,1.014738287838852,-25.451855173358158,34,11
v3_edge_BTCUSDT_4h_20260608_191650,v3,BTCUSDT,4h,-0.022757757608884904,8.272376498428114,0.945267018557481,-31.316853040631724,47,11
v3_edge_BTCUSDT_4h_20260608_191932,v3,BTCUSDT,4h,-0.09130624704394771,8.621196450267792,0.7279710745989229,-43.140899225874634,57,11
v3_edge_BTCUSDT_4h_20260608_192109,v3,BTCUSDT,4h,0.003670195177507524,16.92896562388421,0.9773842066343205,-50.42358491546875,65,11
v3_edge_ETHUSDT_4h_20260608_191748,v3,ETHUSDT,4h,0.005002235662345213,7.83754131565887,0.9984566004238091,-27.06183358504144,51,11
v3_edge_SOLUSDT_4h_20260608_191748,v3,SOLUSDT,4h,0.022755735334064768,8.146052766077142,1.0340249669386665,-23.01726073219787,50,11
v3_wf_edge_BTCUSDT_1d_20260608_192634,v3,BTCUSDT,1d,3.169819668085523,0.0,inf,-999998,2,11
v3_wf_edge_BTCUSDT_4h_20260608_192533,v3,BTCUSDT,4h,-0.13350430896515916,11.352670433136568,0.7620898902421678,-59.2707436659318,45,11
family_edge_BTCUSDT_12h_20260608_194342,family:channel_breakout,BTCUSDT,12h,-1.0,4.0,0.0,-999996,4,12
family_edge_BTCUSDT_1h_20260608_194104,family:ema_momentum,BTCUSDT,1h,-0.0077157470220499446,7.816186201666626,0.9794733474586326,-29.12805917719256,48,12
family_edge_BTCUSDT_4h_20260608_193935,family:squeeze_breakout,BTCUSDT,4h,-0.6267445709610832,8.14767942249408,0.31771248825746523,-126.1470533517498,13,12
family_edge_BTCUSDT_4h_20260608_194014,family:channel_breakout,BTCUSDT,4h,-0.19470344967229872,6.442345883303555,0.6937301548281034,-53.046616508131464,20,12
family_edge_ETHUSDT_4h_20260608_194104,family:squeeze_breakout,ETHUSDT,4h,-0.6228911124583376,18.46602214812583,0.27373513298405905,-153.33824572421815,28,12
family_edge_SOLUSDT_4h_20260608_194104,family:squeeze_breakout,SOLUSDT,4h,-0.12233934597868107,4.834809199653761,0.5751998432264557,-43.268937139101126,25,12
family_wf_edge_BTCUSDT_12h_20260608_194342,family:channel_breakout,BTCUSDT,12h,-0.12838701239236025,4.0,0.7774240693950335,-36.03213394552603,15,12
family_wf_edge_BTCUSDT_4h_20260608_194317,family:ema_momentum,BTCUSDT,4h,-0.17379582674178984,6.7909095090803815,0.5679278871649177,-55.54500720263542,31,12
family_wf_edge_SOLUSDT_4h_20260608_194416,family:channel_breakout,SOLUSDT,4h,0.04041350428624803,3.477415506054351,1.1636440520794025,-8.2736182049908,37,12
v3_edge_BTCUSDT_1d_20260608_192634,v3,BTCUSDT,1d,-0.2634551995596767,5.27428895323278,0.6042992318995617,-60.294572283634054,17,12
v3_edge_BTCUSDT_1h_20260608_191157,v3,BTCUSDT,1h,-0.2926135068332332,25.69442591876248,0.3162889997860705,-116.3376717309796,87,12
v3_edge_BTCUSDT_1h_20260608_191205,v3,BTCUSDT,1h,-0.24711689284569913,15.911360506775324,0.5881896932104262,-84.3313644464413,53,12
v3_edge_BTCUSDT_4h_20260608_191322,v3,BTCUSDT,4h,-0.006553880662896828,16.5036824630242,0.9720786904057632,-55.52948084248667,41,12
v3_edge_BTCUSDT_4h_20260608_191403,v3,BTCUSDT,4h,-0.22475108092831433,16.527081368355404,0.714764509593501,-82.61745502714766,48,12
v3_edge_BTCUSDT_4h_20260608_191650,v3,BTCUSDT,4h,-0.17298728409421274,14.137127814655862,0.77785725934904,-69.59402833718242,55,12
v3_edge_BTCUSDT_4h_20260608_191932,v3,BTCUSDT,4h,-0.19051006951878563,11.394814836238313,0.5125217374584847,-66.75541701091512,56,12
v3_edge_BTCUSDT_4h_20260608_192109,v3,BTCUSDT,4h,-0.21570031913779852,20.43094404659084,0.7163349990261892,-98.21088960446696,86,12
v3_edge_ETHUSDT_4h_20260608_191748,v3,ETHUSDT,4h,-0.09464943967888609,11.641281397111598,0.8031752660915407,-52.310783566281415,59,12
v3_edge_SOLUSDT_4h_20260608_191748,v3,SOLUSDT,4h,0.07094578413335816,5.533429843515508,1.1485336395468735,-8.779100400569492,55,12
v3_wf_edge_BTCUSDT_1d_20260608_192634,v3,BTCUSDT,1d,2.9296279815035997,0.23793798470950467,24.152513477902946,-999998,2,12
v3_wf_edge_BTCUSDT_4h_20260608_192533,v3,BTCUSDT,4h,-0.10122178082913906,15.222949503505129,0.8142222666993917,-58.56339611401293,48,12
family_edge_BTCUSDT_12h_20260608_194342,family:channel_breakout,BTCUSDT,12h,1.101876384628738,4.0,2.4011038545695715,-999992,8,13
family_edge_BTCUSDT_1h_20260608_194104,family:ema_momentum,BTCUSDT,1h,0.09391456281334119,7.094634373397114,1.147962862009572,-10.429266892830142,43,13
family_edge_BTCUSDT_4h_20260608_193935,family:squeeze_breakout,BTCUSDT,4h,-0.1904863138086035,9.0,0.754156486729113,-62.16346511361975,13,13
family_edge_BTCUSDT_4h_20260608_194014,family:channel_breakout,BTCUSDT,4h,-0.031177048795670546,6.442345883303556,0.9365258557778104,-25.961087571376833,29,13
family_edge_ETHUSDT_4h_20260608_194104,family:squeeze_breakout,ETHUSDT,4h,-0.4424008866902158,15.712647219083163,0.41373845420206457,-121.00768680704482,25,13
family_edge_SOLUSDT_4h_20260608_194104,family:squeeze_breakout,SOLUSDT,4h,0.03103921102274259,2.8091791064636578,1.1406055937421875,-5.708726530158279,25,13
family_wf_edge_BTCUSDT_12h_20260608_194342,family:channel_breakout,BTCUSDT,12h,0.02860295588388764,4.684666923968463,1.042693575283261,-10.626303776233271,19,13
family_wf_edge_BTCUSDT_4h_20260608_194317,family:ema_momentum,BTCUSDT,4h,-0.16125210193960962,7.624466927157945,0.6052580995195506,-54.68551271799593,31,13
family_wf_edge_SOLUSDT_4h_20260608_194416,family:channel_breakout,SOLUSDT,4h,0.29999077109906735,3.477415506054351,3.056723133752268,70.90532444082449,37,13
v3_edge_BTCUSDT_1d_20260608_192634,v3,BTCUSDT,1d,0.03500950868491272,5.749884399884168,1.0407140260628178,-11.971396045222054,17,13
v3_edge_BTCUSDT_1h_20260608_191157,v3,BTCUSDT,1h,-0.2606003303479069,32.402918548250874,0.3568087507999973,-124.6204700225297,115,13
v3_edge_BTCUSDT_1h_20260608_191205,v3,BTCUSDT,1h,-0.12252485270239595,17.44533474525369,0.7660071704513154,-66.93472825098729,69,13
v3_edge_BTCUSDT_4h_20260608_191322,v3,BTCUSDT,4h,0.03421984496045126,16.5036824630242,1.027241902020647,-48.90497943269421,52,13
v3_edge_BTCUSDT_4h_20260608_191403,v3,BTCUSDT,4h,-0.1871919178389469,22.92072733424844,0.7629078718704263,-92.36661506266975,56,13
v3_edge_BTCUSDT_4h_20260608_191650,v3,BTCUSDT,4h,-0.08594925959168759,15.137127814655859,0.8778283920592832,-57.879777966808305,59,13
v3_edge_BTCUSDT_4h_20260608_191932,v3,BTCUSDT,4h,-0.09157559466909655,10.884710704667048,0.7243294112847704,-47.79034284548216,61,13
v3_edge_BTCUSDT_4h_20260608_192109,v3,BTCUSDT,4h,-0.1382578705139854,27.977613473357746,0.8210873566197447,-100.72265355465971,87,13
v3_edge_ETHUSDT_4h_20260608_191748,v3,ETHUSDT,4h,-0.17939155758100234,14.952378490448176,0.6474439643715508,-75.18700432150943,62,13
v3_edge_SOLUSDT_4h_20260608_191748,v3,SOLUSDT,4h,0.33102790648987007,3.987462791772302,1.988903112505732,52.79237696027607,53,13
v3_wf_edge_BTCUSDT_1d_20260608_192634,v3,BTCUSDT,1d,3.7530127593063227,0.23793798470950467,46.792590001497146,-999997,3,13
v3_wf_edge_BTCUSDT_4h_20260608_192533,v3,BTCUSDT,4h,-0.12493980521272116,16.222949503505127,0.7929929454988534,-64.15624299269152,55,13
family_edge_BTCUSDT_12h_20260608_194342,family:channel_breakout,BTCUSDT,12h,1.879011323575068,4.0,3.6624722614656045,294.1708063399334,12,14
family_edge_BTCUSDT_1h_20260608_194104,family:ema_momentum,BTCUSDT,1h,-0.009947063137215495,8.408791979368686,0.9768184832717056,-30.667058568054454,46,14
family_edge_BTCUSDT_4h_20260608_193935,family:squeeze_breakout,BTCUSDT,4h,0.4018939521965126,9.0,1.5607758251944701,34.20483359021392,16,14
family_edge_BTCUSDT_4h_20260608_194014,family:channel_breakout,BTCUSDT,4h,0.060629311198262,6.442345883303555,1.097652832881602,-10.159213321674603,34,14
family_edge_ETHUSDT_4h_20260608_194104,family:squeeze_breakout,ETHUSDT,4h,0.3512549951342792,11.658998402385015,1.5032707221631405,16.42364989460164,30,14
family_edge_SOLUSDT_4h_20260608_194104,family:squeeze_breakout,SOLUSDT,4h,0.08904352033683535,1.9907138712696058,1.467086381626761,11.304303060291648,26,14
family_wf_edge_BTCUSDT_12h_20260608_194342,family:channel_breakout,BTCUSDT,12h,-0.2914826840784085,7.258839328741596,0.5589874023721516,-68.99472993074465,21,14
family_wf_edge_BTCUSDT_4h_20260608_194317,family:ema_momentum,BTCUSDT,4h,-0.09760114868473044,7.624466927157946,0.7369038831860334,-43.251389986866045,32,14
family_wf_edge_SOLUSDT_4h_20260608_194416,family:channel_breakout,SOLUSDT,4h,0.22618567566970038,3.055609418338459,2.304406069820402,44.09866467607378,38,14
v3_edge_BTCUSDT_1d_20260608_192634,v3,BTCUSDT,1d,0.08590964967996974,4.475595446651388,1.1226531478415638,-0.8392608867091802,16,14
v3_edge_BTCUSDT_1h_20260608_191157,v3,BTCUSDT,1h,-0.21763777292456132,31.963560564327498,0.40225212497802104,-117.06598060937546,124,14
v3_edge_BTCUSDT_1h_20260608_191205,v3,BTCUSDT,1h,-0.13962522807717778,17.680394203808856,0.7204818290158183,-70.72050416127118,77,14
v3_edge_BTCUSDT_4h_20260608_191322,v3,BTCUSDT,4h,0.17541862280157375,13.503682463024202,1.2679787605650494,-14.271453708282628,55,14
v3_edge_BTCUSDT_4h_20260608_191403,v3,BTCUSDT,4h,-0.2529888971442976,26.52228494444154,0.664173023404851,-110.49297395592535,63,14
v3_edge_BTCUSDT_4h_20260608_191650,v3,BTCUSDT,4h,0.116821891867534,15.381171466175184,1.1339750576845622,-25.860095605141456,59,14
v3_edge_BTCUSDT_4h_20260608_191932,v3,BTCUSDT,4h,0.020968368573421686,10.098552431768574,1.0680476162485733,-23.338074159026572,62,14
v3_edge_BTCUSDT_4h_20260608_192109,v3,BTCUSDT,4h,-0.1966381072369255,30.784858423240607,0.7291253848891129,-116.13366154994281,83,14
v3_edge_ETHUSDT_4h_20260608_191748,v3,ETHUSDT,4h,-0.16949132387149393,16.191307379500426,0.6579201586928929,-76.12640305366563,65,14
v3_edge_SOLUSDT_4h_20260608_191748,v3,SOLUSDT,4h,0.21399730647909368,3.9874627917723027,1.6157995285596176,27.123912944168396,54,14
v3_wf_edge_BTCUSDT_1d_20260608_192634,v3,BTCUSDT,1d,1.3872814434007548,1.0,4.177770611817378,-999997,3,14
v3_wf_edge_BTCUSDT_4h_20260608_192533,v3,BTCUSDT,4h,-0.04269153352200264,14.730868448093672,0.9037563621344353,-47.821483562821236,57,14
family_edge_BTCUSDT_12h_20260608_194342,family:channel_breakout,BTCUSDT,12h,1.8790113235750685,4.0,3.56748886013367,291.891204707967,12,15
family_edge_BTCUSDT_1h_20260608_194104,family:ema_momentum,BTCUSDT,1h,-0.19851288023879093,9.727131131700752,0.6726496032624203,-65.11734621614625,49,15
family_edge_BTCUSDT_4h_20260608_193935,family:squeeze_breakout,BTCUSDT,4h,0.09580386042453562,7.0,1.091468238479825,-9.850260421294568,15,15
family_edge_BTCUSDT_4h_20260608_194014,family:channel_breakout,BTCUSDT,4h,0.0721213929489196,4.0,1.1245193337508042,-1.6357549066211519,32,15
family_edge_ETHUSDT_4h_20260608_194104,family:squeeze_breakout,ETHUSDT,4h,0.4531867657986574,6.439990975408807,1.6351433374083852,52.27773770080909,32,15
family_edge_SOLUSDT_4h_20260608_194104,family:squeeze_breakout,SOLUSDT,4h,0.07920692213338443,1.707687951370457,1.371951785481488,12.808366826154773,26,15
family_wf_edge_BTCUSDT_12h_20260608_194342,family:channel_breakout,BTCUSDT,12h,-0.4177566980269551,8.30852519310076,0.4235635585088134,-92.25989572549418,18,15
family_wf_edge_BTCUSDT_4h_20260608_194317,family:ema_momentum,BTCUSDT,4h,-0.06928609852107824,5.605780253467266,0.8059074328323733,-33.87697492669774,33,15
family_wf_edge_SOLUSDT_4h_20260608_194416,family:channel_breakout,SOLUSDT,4h,0.17401808195260365,3.2666343122908117,1.804870449618882,29.405972820110023,36,15
v3_edge_BTCUSDT_1d_20260608_192634,v3,BTCUSDT,1d,0.3723754393168232,3.0000000000000004,1.7812850743853723,56.659648896435954,14,15
v3_edge_BTCUSDT_1h_20260608_191157,v3,BTCUSDT,1h,-0.19385839759687956,23.93082991071505,0.43883944366763783,-97.03110486100114,118,15
v3_edge_BTCUSDT_1h_20260608_191205,v3,BTCUSDT,1h,-0.07872222832678541,11.153137730840047,0.833020089054469,-44.04768300685494,78,15
v3_edge_BTCUSDT_4h_20260608_191322,v3,BTCUSDT,4h,0.2086029637276477,11.49067345654126,1.2987542504791623,-2.1928596169884216,54,15
v3_edge_BTCUSDT_4h_20260608_191403,v3,BTCUSDT,4h,-0.32006182165075636,23.24886135522141,0.580847527435476,-114.66541886658973,63,15
v3_edge_BTCUSDT_4h_20260608_191650,v3,BTCUSDT,4h,0.07101434590664543,14.381171466175182,1.0701722258322022,-31.346344544513606,55,15
v3_edge_BTCUSDT_4h_20260608_191932,v3,BTCUSDT,4h,0.07235010096727046,6.779528588369095,1.282539237368393,-3.3726023541515993,57,15
v3_edge_BTCUSDT_4h_20260608_192109,v3,BTCUSDT,4h,-0.2009502956073218,28.100687678442203,0.722978190733983,-109.97343720822064,76,15
v3_edge_ETHUSDT_4h_20260608_191748,v3,ETHUSDT,4h,-0.1055169491495316,11.71294289164068,0.7662213006847274,-56.25377795628701,59,15
v3_edge_SOLUSDT_4h_20260608_191748,v3,SOLUSDT,4h,0.09850193129724659,6.048749519581708,1.232450175475525,-1.2134437591087597,49,15
v3_wf_edge_BTCUSDT_1d_20260608_192634,v3,BTCUSDT,1d,2.1998911574558844,1.0,5.123143707050916,-999998,2,15
v3_wf_edge_BTCUSDT_4h_20260608_192533,v3,BTCUSDT,4h,0.1293069947751204,8.32167080943395,1.2007320039645872,-5.515864202952155,50,15
family_edge_BTCUSDT_12h_20260608_194342,family:channel_breakout,BTCUSDT,12h,2.1407396257182567,4.0,3.9977476153734024,-999989,11,16
family_edge_BTCUSDT_1h_20260608_194104,family:ema_momentum,BTCUSDT,1h,-0.06447150902294348,8.201627351953487,0.8758274722460675,-39.764691542984,46,16
family_edge_BTCUSDT_4h_20260608_193935,family:squeeze_breakout,BTCUSDT,4h,0.3469596186350709,7.0,1.4424565973314731,31.223708758514576,13,16
family_edge_BTCUSDT_4h_20260608_194014,family:channel_breakout,BTCUSDT,4h,0.1209971468581837,4.0,1.217240391684018,6.943398491980311,31,16
family_edge_ETHUSDT_4h_20260608_194104,family:squeeze_breakout,ETHUSDT,4h,0.5862831615876838,5.581879271786388,1.8178090273662642,77.18046911961645,31,16
family_edge_SOLUSDT_4h_20260608_194104,family:squeeze_breakout,SOLUSDT,4h,0.03474300630838672,2.960512024680501,1.1227824560434247,-1.4576542842285338,24,16
family_wf_edge_BTCUSDT_12h_20260608_194342,family:channel_breakout,BTCUSDT,12h,-0.45167444599503603,9.502750267579989,0.3986607842795781,-99.65531969180479,20,16
family_wf_edge_BTCUSDT_4h_20260608_194317,family:ema_momentum,BTCUSDT,4h,-0.05593539815056405,5.519781681820669,0.8523937388105493,-30.853715391761483,33,16
family_wf_edge_SOLUSDT_4h_20260608_194416,family:channel_breakout,SOLUSDT,4h,0.0500887678420456,5.204785396828472,1.1748077407534419,-4.20264519610841,41,16
v3_edge_BTCUSDT_1d_20260608_192634,v3,BTCUSDT,1d,0.37509473923108105,2.2664201858252877,1.7780125848142792,58.40177776393266,16,16
v3_edge_BTCUSDT_1h_20260608_191157,v3,BTCUSDT,1h,-0.09068773258713085,12.223619302872029,0.6884427852531646,-52.71401699599512,117,16
v3_edge_BTCUSDT_1h_20260608_191205,v3,BTCUSDT,1h,0.051988307535137564,6.4734180637956005,1.1002342482043548,-11.282734191118802,75,16
v3_edge_BTCUSDT_4h_20260608_191322,v3,BTCUSDT,4h,0.128138318827512,11.49067345654126,1.1638346809940017,-15.891333121649918,61,16
v3_edge_BTCUSDT_4h_20260608_191403,v3,BTCUSDT,4h,-0.07593610845090072,11.300392265691968,0.8782231652818239,-47.39512266323726,58,16
v3_edge_BTCUSDT_4h_20260608_191650,v3,BTCUSDT,4h,0.28208030867721423,11.0,1.346466278692855,6.485630816666372,53,16
v3_edge_BTCUSDT_4h_20260608_191932,v3,BTCUSDT,4h,0.18330218672915818,4.771527207652385,1.9288714769289106,30.579145305779647,60,16
v3_edge_BTCUSDT_4h_20260608_192109,v3,BTCUSDT,4h,0.14263185743246773,17.860503485983358,1.1351642682248528,-33.43492306834944,67,16
v3_edge_ETHUSDT_4h_20260608_191748,v3,ETHUSDT,4h,0.0120580447337925,6.295000149194749,1.0163583201580022,-18.12985479920442,62,16
v3_edge_SOLUSDT_4h_20260608_191748,v3,SOLUSDT,4h,0.07755208152625369,6.048749519581707,1.19318499553148,-4.879288547994916,49,16
v3_wf_edge_BTCUSDT_1d_20260608_192634,v3,BTCUSDT,1d,2.1998911574558844,1.0,5.123143707050916,-999998,2,16
v3_wf_edge_BTCUSDT_4h_20260608_192533,v3,BTCUSDT,4h,0.4621138940684254,8.32167080943395,1.8775826822159138,53.99344898320933,47,16
family_edge_BTCUSDT_12h_20260608_194342,family:channel_breakout,BTCUSDT,12h,2.2145664618956675,3.0,4.283136884268124,-999989,11,17
family_edge_BTCUSDT_1h_20260608_194104,family:ema_momentum,BTCUSDT,1h,-0.017563586514964605,9.714210613268916,0.9543331548039832,-34.80769175818763,50,17
family_edge_BTCUSDT_4h_20260608_193935,family:squeeze_breakout,BTCUSDT,4h,1.1263612605267772,8.0,2.7992099236007544,161.60800203489913,13,17
family_edge_BTCUSDT_4h_20260608_194014,family:channel_breakout,BTCUSDT,4h,0.263246352275097,5.442369646785476,1.54723672893848,30.47096799671518,26,17
family_edge_ETHUSDT_4h_20260608_194104,family:squeeze_breakout,ETHUSDT,4h,0.45140937242937057,8.58187927178639,1.5882901729636862,48.13842402337386,31,17
family_edge_SOLUSDT_4h_20260608_194104,family:squeeze_breakout,SOLUSDT,4h,-0.031285429830758514,2.9605120246805003,0.8843662786847926,-17.263339238924587,26,17
family_wf_edge_BTCUSDT_12h_20260608_194342,family:channel_breakout,BTCUSDT,12h,-0.3589091489787536,9.502750267579989,0.4852343798408083,-85.51806478621855,21,17
family_wf_edge_BTCUSDT_4h_20260608_194317,family:ema_momentum,BTCUSDT,4h,0.08963551530850479,3.556746685858686,1.2550952085736544,6.161408624155957,33,17
family_wf_edge_SOLUSDT_4h_20260608_194416,family:channel_breakout,SOLUSDT,4h,-0.08974244406639716,5.783086934800536,0.68073513424624,-35.39504837632294,40,17
v3_edge_BTCUSDT_1d_20260608_192634,v3,BTCUSDT,1d,0.5210959245178203,2.0000000000000004,2.278855317057465,89.9349977966958,15,17
v3_edge_BTCUSDT_1h_20260608_191157,v3,BTCUSDT,1h,-0.042780246567159085,9.534301732406885,0.839525618160077,-32.981420682702606,105,17
v3_edge_BTCUSDT_1h_20260608_191205,v3,BTCUSDT,1h,0.11849557093480939,6.81611898039965,1.2595402329210856,0.5011518508319757,71,17
v3_edge_BTCUSDT_4h_20260608_191322,v3,BTCUSDT,4h,0.18740273797712942,12.037535451334337,1.2616602589471557,-6.932868750910114,56,17
v3_edge_BTCUSDT_4h_20260608_191403,v3,BTCUSDT,4h,0.10167963891111917,9.0,1.105130267232633,-15.758520527971314,58,17
v3_edge_BTCUSDT_4h_20260608_191650,v3,BTCUSDT,4h,0.3101991823175094,16.0,1.3578856919787217,-7.084849691234453,52,17
v3_edge_BTCUSDT_4h_20260608_191932,v3,BTCUSDT,4h,0.15267839821914364,4.771527207652386,1.6708618552973462,20.40582188032021,62,17
v3_edge_BTCUSDT_4h_20260608_192109,v3,BTCUSDT,4h,0.45025911073755054,8.246849414478215,1.5571979866718424,43.412737247049364,60,17
v3_edge_ETHUSDT_4h_20260608_191748,v3,ETHUSDT,4h,0.14042786349932238,3.3376637257323263,1.3831278444442108,16.275363070108313,61,17
v3_edge_SOLUSDT_4h_20260608_191748,v3,SOLUSDT,4h,-0.10871266349538224,6.634976157758228,0.7354719200033081,-41.25127248983675,53,17
v3_wf_edge_BTCUSDT_1d_20260608_192634,v3,BTCUSDT,1d,2.885206577727132,0.9999999999999999,6.702709023899723,-999998,2,17
v3_wf_edge_BTCUSDT_4h_20260608_192533,v3,BTCUSDT,4h,0.7554908359609208,3.1842578949584315,2.6985065485939415,125.10945005125743,38,17
