alpha,avg_drawdown,avg_drawdown_r,avg_holding_bars,avg_loss,avg_loss_r,avg_pnl,avg_r_multiple,avg_trade_return,avg_win,avg_win_r,best_month,best_trade,best_trade_r,beta,cagr,cagr_pct,calmar_ratio,cvar_95,expectancy,expectancy_r,exposure_pct,gross_loss,gross_profit,losing_trades,max_consecutive_losses,max_consecutive_wins,max_drawdown,max_drawdown_duration,max_drawdown_pct,max_drawdown_r,median_pnl,median_r_multiple,median_trade_return,payoff_ratio,profit_factor,profitable_months,recovery_factor,selected,sharpe_ratio,sortino_ratio,test_end,test_start,total_fees,total_months,total_return,total_return_pct,total_slippage,total_trades,trades_per_day,train_end,train_start,ulcer_index,var_95,win_rate,window,winning_trades,worst_month,worst_trade,worst_trade_r
0.0,-0.009557142857142856,1.5,4,-995.0,-1.0,-995.0,-1.0,-0.1352060414432126,0.0,0.0,0.0,-989.9999999999999,-1.0,0.0,-0.07833662581305423,-7.833662581305423,-3.9365138599524734,-0.00022222222222222242,-995.0,-1.0,0.0989010989010989,1990.0,0.0,2,2,0,-0.0199,84,1.9900000000000002,2.0,-995.0,-1.0,-0.1352060414432126,0.0,0.0,0,1.0,v3_edge_BTCUSDT_1d_20260608_192634,-11.658785216619812,0.0,2021-04-01,2021-01-01,30.022760529698875,3,-0.0199,-1.9900000000000002,60.02646084005583,2,0.022222222222222223,2021-01-01,2020-01-01,0.01010278494952079,0.0,0.0,1,0,-0.010000000000000009,-1000.0,-1.0
0.0,-0.008152173913043478,1.0000000000000002,4,-1000.0000000000001,-1.0000000000000002,-1000.0000000000001,-1.0000000000000002,-0.08050878083571578,0.0,0.0,0.0,-1000.0000000000001,-1.0000000000000002,0.0,-0.0395365950294253,-3.9536595029425303,-3.9536595029425303,-0.00010989010989010998,-1000.0000000000001,-1.0000000000000002,0.043478260869565216,1000.0000000000001,0.0,1,1,0,-0.01,75,1.0,1.0000000000000002,-1000.0000000000001,-1.0000000000000002,-0.08050878083571578,0.0,0.0,0,1.0,v3_edge_BTCUSDT_1d_20260608_192634,-8.152394645841088,0.0,2021-07-01,2021-04-01,24.842010762542174,3,-0.01,-1.0,47.7299958346366,1,0.01098901098901099,2021-04-01,2020-04-01,0.00902893898143269,0.0,0.0,2,0,0.0,-1000.0000000000001,-1.0000000000000002
0.0,-0.013939427566251413,2.884940386678496,27,-991.9434697109026,-0.9789346970674977,-99.53625401120286,-0.08359364251794804,-0.0012507550075380076,2577.6853930878965,2.602429521130701,0.006790254756555036,4486.295514245985,4.525833566605885,0.0,-0.031241689622720115,-3.1241689622720115,-0.6374560585957431,-0.00010679287604372705,-99.5362540112028,-0.08359364251794804,0.3996383363471971,5951.660818265415,5155.370786175793,6,5,1,-0.04900995010000011,225,4.900995010000011,5.0,-1000.3261047087099,-1.0,-0.050716848191870265,2.598621264011296,0.8662070880037653,1,0.16247517707422485,v3_wf_edge_BTCUSDT_4h_20260608_192533,-0.4279532571903242,-1.8259408972368518,2021-10-01,2021-07-01,293.9390783215914,3,-0.007962900320896442,-0.7962900320896441,595.2272977154569,8,0.08695652173913043,2021-07-01,2020-07-01,0.02242431714959588,0.0,0.25,3,2,-0.0297010000000002,-1036.12687331841,-1.0000000000000002
0.0,-0.0034111986154033054,0.9121332336759232,64,-1008.7214670623796,-1.0,116.9660073006818,0.12034592480791542,0.011938734074374516,567.2409970459064,0.5684842947310816,0.013435622240104195,1694.3616911918361,1.7069972148312573,0.0,0.03290311207459928,3.2903112074599283,3.290311207459906,-3.656307129798906e-05,116.96600730068184,0.12034592480791542,0.8137432188065099,2017.4429341247592,2836.2049852295318,2,1,3,-0.010000000000000068,180,1.0000000000000069,1.0000000000000002,134.8009181915058,0.13480091819150578,0.00904253163119529,0.5623365969377433,1.405841492344358,2,0.8187620511047806,v3_wf_edge_BTCUSDT_4h_20260608_192533,1.1968235134382785,7559116079765.692,2022-01-01,2021-10-01,240.19707031770858,3,0.008187620511047862,0.8187620511047862,475.6874667765331,7,0.07608695652173914,2021-10-01,2020-10-01,0.005629257899009241,0.0,0.7142857142857143,4,5,-0.008738423178692889,-1016.094924942844,-1.0000000000000002
0.0,-0.005545224304940647,1.671190526352943,9,-565.4002914917097,-0.5397916793369945,347.3909284808755,0.34618234138806275,0.022819765548618146,1129.7834027430913,1.1055886448666832,0.012311938567435066,2875.669620559205,2.875669620559205,0.0,0.19633139603364347,19.63313960336435,6.6102621471884335,-6.07645417640142e-05,347.3909284808754,0.34618234138806275,0.22365988909426987,3392.401748950258,7908.48381920164,6,3,4,-0.02970099999999997,147,2.970099999999997,3.0,111.00343880242426,0.10611209664888134,0.006943975472814959,1.9982009555784903,2.3312344481749054,1,1.5205151578234428,v3_edge_ETHUSDT_4h_20260608_191748,3.6704381112615296,1.2849161721811737,2022-04-01,2022-01-01,491.2624305239022,3,0.04516082070251403,4.516082070251403,983.0033254590035,13,0.14444444444444443,2022-01-01,2021-01-01,0.010669954210650241,0.0,0.5384615384615384,5,7,-0.013045287129366145,-1058.9754596364237,-1.0
0.0,-0.009733801937842778,2.0,15,-1040.1400312853964,-1.0,829.9294697344073,0.8402042110944435,0.029038268717994198,5193.4249721139495,5.134014036981479,0.04280792421496815,6340.7401887401,6.152923026867585,0.0,0.3771401490712061,37.71401490712061,9.571115744146862,-0.000128913443830571,829.9294697344073,0.8402042110944435,0.2851919561243144,7280.980218997775,15580.274916341848,7,4,1,-0.039403990000000055,135,3.9403990000000055,4.0,-1023.6145629438056,-1.0,-0.01725624739812885,4.993005572236228,2.1398595309583834,2,2.1062066804260327,v3_edge_BTCUSDT_4h_20260608_191403,2.9696276326111355,186701797832680.66,2022-07-01,2022-04-01,1003.8698119862714,3,0.0829929469734407,8.29929469734407,1970.7600561316258,10,0.10989010989010989,2022-04-01,2021-04-01,0.016132445318739714,0.0,0.3,6,3,-0.010000000000000009,-1093.9322696701422,-1.0
0.0,-0.017296286801294806,1.756739830475436,16,-990.0333333333334,-1.0000000000000002,-263.9151507704846,-0.2567398304754355,-0.004988938033026217,1914.439396918062,1.9730406780982583,0.0197304067809827,1914.439396918062,1.9730406780982583,0.0,-0.04125837435325752,-4.125837435325752,-1.389124081790426,-5.444646098003634e-05,-263.9151507704846,-0.2567398304754355,0.11754068716094032,2970.1000000000004,1914.439396918062,3,3,1,-0.029701000000000057,526,2.9701000000000057,3.0000000000000004,-985.05,-1.0,-0.01845498034868638,1.933712060453919,0.644570686817973,1,0.35542931318202636,v3_edge_BTCUSDT_4h_20260608_191403,-1.2937649862033038,0.0,2022-10-01,2022-07-01,386.3313046295976,3,-0.010556606030819385,-1.0556606030819384,763.3077928623045,4,0.043478260869565216,2022-07-01,2021-07-01,0.019459934296314322,0.0,0.25,7,1,-0.010000000000000009,-1000.0000000000001,-1.0000000000000002
0.0,-0.029910222351842666,3.625,12,-979.9788008547564,-1.0,-684.1481542095121,-0.7000564512960221,-0.010926799513436307,1682.497018952443,1.6994919383358014,0.0,1682.497018952443,1.6994919383358014,0.0,-0.2229904614487931,-22.29904614487931,-3.282425898692983,-0.00014519056261343006,-684.148154209512,-0.7000564512960221,0.19891500904159132,7839.830406838052,1682.497018952443,8,7,1,-0.06793465209300988,357,6.7934652093009875,7.0,-976.9212617499256,-1.0,-0.01479890851079517,1.7168708317822148,0.21460885397277682,0,0.9063612159896746,v3_edge_BTCUSDT_4h_20260608_191403,-6.335452459264698,-226139875532657.1,2023-01-01,2022-10-01,1165.090385767842,3,-0.06157333387885592,-6.157333387885592,2337.158330822619,9,0.09782608695652174,2022-10-01,2021-10-01,0.03932620936005478,0.0,0.1111111111111111,8,1,-0.049009950099999866,-1006.8249701895247,-1.0000000000000002
0.0,-0.005600739371534196,1.0,115,-1000.0,-1.0,-1000.0,-1.0,-0.0350290449861086,0.0,0.0,0.0,-1000.0,-1.0,0.0,-0.0399669931783877,-3.99669931783877,-3.99669931783877,-1.8518518518518535e-05,-1000.0,-1.0,0.21256931608133087,1000.0,0.0,1,1,0,-0.01,303,1.0,1.0,-1000.0,-1.0,-0.0350290449861086,0.0,0.0,0,1.0,family_edge_BTCUSDT_4h_20260608_193935,-3.3466401061363023,0.0,2023-04-01,2023-01-01,57.09547607687095,3,-0.01,-1.0,112.3018206950833,1,0.011111111111111112,2023-01-01,2022-01-01,0.0074838087706288955,0.0,0.0,9,0,-0.010000000000000009,-1000.0,-1.0
0.0,-0.03902394589206833,4.7185735428141955,15,-993.2790649794166,-1.0,-39.032022375005,-0.02251569563116842,0.0006711850480192163,2585.1473447871267,2.6655661413831186,0.026227122246455625,4746.290626295606,5.049430671541397,0.0,-0.023293126539332687,-2.3293126539332687,-0.25572216783406576,-0.00020295202952029518,-39.03202237500511,-0.02251569563116842,0.4113345521023766,10926.069714773583,10340.589379148507,11,7,2,-0.09108763130166815,478,9.108763130166816,9.483912155540146,-978.5232192253012,-1.0,-0.014594206753051267,2.6026395158551923,0.9464143694018881,1,0.06427660125292503,v3_edge_BTCUSDT_4h_20260608_191403,-0.1573619673118705,-6184081189342.727,2023-07-01,2023-04-01,1833.7525508749736,3,-0.005854803356250777,-0.5854803356250776,3684.1473962260093,15,0.16483516483516483,2023-04-01,2022-04-01,0.04684007827819142,0.0,0.26666666666666666,10,4,-0.044246184495928986,-1034.1651543661128,-1.0000000000000002
0.0,-0.03246044145760025,4.533116789809299,37,-856.7790552720187,-0.9094634373397115,-365.11522269213737,-0.38706122884962385,-0.0045920105678343695,864.0443587575659,0.918944292375595,0.008343401185636923,1775.5392583485611,1.9021687936916014,0.0,-0.18804233542715887,-18.804233542715888,-2.824682735930839,-4.019306140823409e-05,-365.1152226921374,-0.38706122884962385,0.23902218198279765,8567.790552720187,3456.177435030264,10,8,3,-0.0665711348871865,1835,6.657113488718649,7.094634373397114,-749.1809704418474,-0.9005867439073063,-0.009626321394450108,1.0084797865223731,0.40339191460894924,1,0.767842267726426,family_edge_BTCUSDT_1h_20260608_194104,-2.396007884579569,-1.178491326803259,2023-10-01,2023-07-01,1905.2284210499865,3,-0.051116131176899074,-5.111613117689908,3805.6460660372977,14,0.15217391304347827,2023-07-01,2022-07-01,0.03749649969741583,0.0,0.2857142857142857,11,4,-0.029502848998776532,-999.9999999999999,-1.0000000000000002
0.0,-0.0008681944636132281,0.3561531225298118,10,-369.95509931041767,-0.35615312252981196,596.6500343195715,0.5832681004736193,0.0697616360561721,838.3013177270689,0.8181234062244771,0.024844994899260398,1459.5044043053697,1.4112372705677763,0.0,0.25869945485706647,25.869945485706648,48.591887205168064,-1.3093864798889944e-05,596.6500343195717,0.5832681004736193,0.189873417721519,739.9101986208353,6706.41054181655,2,1,4,-0.005323922772638312,184,0.5323922772638312,0.5323922772638365,457.2172274914409,0.44617272570947325,0.06335679835824463,2.2659542179297727,9.063816871719089,2,11.20696260633204,family_wf_edge_SOLUSDT_4h_20260608_194416,7.054471996687759,3.29699007320525,2024-01-01,2023-10-01,165.01196688945487,3,0.05966500343195716,5.966500343195716,342.31285369973386,10,0.10869565217391304,2023-10-01,2022-10-01,0.0015849806829132352,0.0,0.8,12,8,0.0,-553.548204543715,-0.5323922772638366
0.0,-0.0030763132597331363,0.6467515102049617,9,-773.4727966140044,-0.7699730943241221,91.95526288779894,0.09432216013213127,0.00961939176468411,611.212098588881,0.6128993128058833,0.006060760499558837,1077.3390568165523,1.0810329133501169,0.0,0.02985566157758024,2.985566157758024,2.9855661577580253,-4.269721410300093e-05,91.95526288779894,0.09432216013213127,0.14076782449725778,2320.4183898420133,3056.060492944405,3,1,3,-0.009999999999999995,179,0.9999999999999996,1.0000000000000002,373.8384905875674,0.3754742795058252,0.03574993800815453,0.7902179640506498,1.3170299400844163,1,0.7356421031023932,family_wf_edge_SOLUSDT_4h_20260608_194416,1.2067296813577475,0.26976009699206127,2024-04-01,2024-01-01,136.42132767951435,3,0.007356421031023928,0.7356421031023929,275.7671147296969,8,0.08791208791208792,2024-01-01,2023-01-01,0.005025927092921675,0.0,0.625,13,5,-0.0025519022449667084,-1006.6495257200589,-1.0000000000000002
0.0,-0.00901639344262295,1.0,3,-1000.0,-1.0,-1000.0,-1.0,-0.030926894817747047,0.0,0.0,0.0,-1000.0,-1.0,0.0,-0.0395365950294253,-3.9536595029425303,-3.9536595029425303,-5.494505494505499e-05,-1000.0,-1.0,0.01639344262295082,1000.0,0.0,1,1,0,-0.01,165,1.0,1.0,-1000.0,-1.0,-0.030926894817747047,0.0,0.0,0,1.0,family_edge_BTCUSDT_12h_20260608_194342,-5.764613536983138,0.0,2024-07-01,2024-04-01,64.66863265083835,3,-0.01,-1.0,127.46337109499316,1,0.01098901098901099,2024-04-01,2023-04-01,0.009495469152507922,0.0,0.0,14,0,0.0,-1000.0,-1.0
0.0,0.0,0.0,0,0.0,0.0,0.0,0.0,0.0,0.0,0.0,0.0,0.0,0.0,0.0,0.0,0.0,0.0,0.0,0.0,0.0,0.0,0.0,0.0,0,0,0,0.0,0,0.0,0.0,0.0,0.0,0.0,0.0,0.0,0,0.0,family_edge_BTCUSDT_12h_20260608_194342,0.0,0.0,2024-10-01,2024-07-01,0.0,0,0.0,0.0,0.0,0,0.0,2024-07-01,2023-07-01,0.0,0.0,0.0,15,0,0.0,0.0,0.0
0.0,-0.011590435069687578,1.5796422784565662,13,-999.8741940689875,-1.0,-7.979339303134842,0.004506658930178796,0.003052684048751793,2471.757797611497,2.5157733062556256,0.014969248659679968,2496.2795340877615,2.5221463292606017,0.0,-0.002215680385628249,-0.22156803856282492,-0.07459952141773829,-9.090909090909098e-05,-7.979339303134793,0.004506658930178796,0.16817359855334538,4999.370970344938,4943.515595222994,5,3,2,-0.029701000000000057,349,2.9701000000000057,3.0,-990.0000000000001,-1.0,-0.02004184789590192,2.472068798528223,0.9888275194112891,2,0.018805890415118726,family_edge_ETHUSDT_4h_20260608_194104,0.024826801669358432,0.0,2025-01-01,2024-10-01,608.3254351978595,3,-0.0005585537512194424,-0.05585537512194424,1225.0519351681435,7,0.07608695652173914,2024-10-01,2023-10-01,0.014543355929957051,0.0,0.2857142857142857,16,2,0.0,-1019.7341559522298,-1.0
0.0,-0.013676701705958904,1.4386498970773964,61,-995.0,-1.0,-439.8540974588898,-0.43864989707739666,-0.0015084873628158427,670.4377076233307,0.68405030876781,0.00684050308767814,670.4377076233307,0.68405030876781,0.0,-0.052481392092455725,-5.248139209245572,-2.637255884043001,-3.710575139146571e-05,-439.85409745888984,-0.43864989707739666,0.3419593345656192,1990.0,670.4377076233307,2,2,1,-0.0199,501,1.9900000000000002,2.0,-990.0000000000001,-0.9999999999999999,-0.017973198313894146,0.6738067413299805,0.33690337066499026,1,0.6630966293350071,family_edge_BTCUSDT_4h_20260608_193935,-2.8026069094207533,0.0,2025-04-01,2025-01-01,217.2530511756762,3,-0.013195622923766642,-1.3195622923766641,433.00392148751314,3,0.03333333333333333,2025-01-01,2024-01-01,0.014986903368519789,0.0,0.3333333333333333,17,1,-0.010000000000000009,-1000.0,-1.0
