entry_time,exit_time,side,entry_price,exit_price,quantity,notional,stop_loss,take_profit,exit_reason,pnl,pnl_pct,risk_amount,r_multiple,fees,slippage,holding_bars,metadata
2020-06-07 16:00:00+00:00,2020-06-08 08:00:00+00:00,LONG,9509.54004,9732.947310000001,3.5629866371075556,33882.36408755925,9257.152857142857,9864.345714285715,signal_reversal,728.2323894675666,0.021492962757429172,1000.0000000000001,0.7282323894675665,67.76472817511849,68.56158985146197,4,{}
2020-08-26 00:00:00+00:00,2020-08-26 16:00:00+00:00,LONG,11329.73842,11448.58995,3.1657737258395655,35867.38821067107,11045.264285714287,11728.153571428571,signal_reversal,304.5222745284904,0.008490227187434031,1007.2823238946755,0.30232067743534846,71.73477642134215,72.1114818408225,4,{}
2020-08-27 20:00:00+00:00,2020-08-28 12:00:00+00:00,LONG,11255.334089999998,11518.100369999998,2.5037946064217356,28181.04478801669,10885.211428571429,11782.407857142858,signal_reversal,601.5507050374697,0.02134593339467899,1010.3275466399607,0.5954016665565961,56.362089576033384,57.020717304156875,4,{}
2022-01-18 00:00:00+00:00,2022-01-18 16:00:00+00:00,LONG,42243.83162999999,41657.91039,0.7852816530219165,33173.30593238592,41075.154285714285,43891.31857142858,signal_reversal,-526.4598117526199,-0.015869983318082745,1016.3430536903352,-0.5179942046546662,66.34661186477184,65.88610443778794,4,{}
2022-01-19 08:00:00+00:00,2022-01-20 00:00:00+00:00,LONG,41328.38709999999,41883.04503,0.6996039757407968,28913.503926114656,40005.83428571428,43208.99857142857,signal_reversal,330.2138851519371,0.01142074948770523,1011.0784555728092,0.3265957090984202,57.827007852229315,58.21549500161738,4,{}
2022-04-01 00:00:00+00:00,2022-04-01 16:00:00+00:00,LONG,45555.860349999995,46315.31832,0.669708451115149,30509.144674216524,44176.48857142857,47511.11714285714,signal_reversal,447.59713142732426,0.014670917071155767,1014.3805944243285,0.4412516701202671,61.01828934843305,61.527474912103585,4,{}
2022-04-06 16:00:00+00:00,2022-04-07 08:00:00+00:00,LONG,44212.52836,43722.97326,0.5884248004227465,26015.748176418016,42612.067142857144,46502.77428571428,signal_reversal,-340.0978583662724,-0.013072768696099014,1018.8565657386018,-0.333803471266561,52.03149635283603,51.7431936676514,4,{}
2022-08-29 00:00:00+00:00,2022-08-29 16:00:00+00:00,LONG,19575.16561,20078.55135,1.4992879072377077,29348.809081248444,18955.98,20455.055,signal_reversal,696.0225344954102,0.023715529054980065,1015.455587154939,0.6854288294828305,58.69761816249689,59.453152488458954,4,{}
2022-10-10 20:00:00+00:00,2022-10-11 12:00:00+00:00,LONG,19230.80159,18856.37189571429,2.476234831722994,47619.98073911193,18875.247142857144,19716.104285714286,stop_loss,-1022.4158124998931,-0.02147031134055348,1022.4158124998931,-1.0,95.23996147822386,94.3119527632988,4,{}
2022-10-11 20:00:00+00:00,2022-10-12 12:00:00+00:00,LONG,19016.657659999997,19118.182679999998,2.1304914190045903,40514.825962777904,18598.191428571427,19600.83785714286,signal_reversal,135.26853199871562,0.003338741529409273,1012.1916543748941,0.13363924847044337,81.02965192555581,81.24624765390934,4,{}
2022-11-02 20:00:00+00:00,2022-11-03 12:00:00+00:00,LONG,20270.930679999998,20228.37138,1.8299037940198037,37093.852959644435,19777.37142857143,20960.642857142855,signal_reversal,-152.06713046011072,-0.004099523730402159,1013.5443396948815,-0.15003500538110565,74.18770591928887,74.10982272513866,4,{}
2022-11-07 16:00:00+00:00,2022-11-08 04:00:00+00:00,LONG,20785.714949999998,20376.441732857144,2.244728145334027,46658.27936915525,20396.838571428572,21317.117142857143,stop_loss,-1012.0236683902802,-0.021690119783099128,1012.0236683902802,-1.0,93.3165587383105,92.39702531856811,3,{}
2022-11-21 00:00:00+00:00,2022-11-21 16:00:00+00:00,LONG,16295.779499999999,15973.086638571427,2.8200038450822125,45954.16084861189,15989.075714285713,16716.961428571427,stop_loss,-1001.9034317063773,-0.02180223538423379,1001.9034317063773,-1.0,91.90832169722378,90.99750758960866,4,{}
2022-11-21 20:00:00+00:00,2022-11-22 12:00:00+00:00,LONG,15737.231509999998,16225.0587,1.9279099552475327,30339.96529616416,15269.48857142857,16403.217142857142,signal_reversal,879.8069654491048,0.028998285161530413,991.8843973893137,0.8870055500064303,60.67993059232832,61.62141959668011,4,{}
2022-11-28 04:00:00+00:00,2022-11-28 20:00:00+00:00,LONG,16193.667489999998,16196.69709,2.7515881198343504,44558.303082031736,15878.25857142857,16628.16214285714,signal_reversal,-80.78039479620874,-0.0018129145234164824,1000.6824670438048,-0.08072530243769384,89.11660616406347,89.12503983667816,4,{}
2022-12-28 16:00:00+00:00,2022-12-29 08:00:00+00:00,LONG,16594.598019999998,16582.101300000002,3.5217445391506756,58441.93495633561,16360.232857142857,16905.950714285715,signal_reversal,-160.89412532995058,-0.002753059518822593,999.8746630958427,-0.1609142938293738,116.88386991267122,116.83993248691635,4,{}
2023-02-05 20:00:00+00:00,2023-02-06 12:00:00+00:00,LONG,22915.54265,23018.34861,1.8386771409309075,42134.28444258227,22440.888571428568,23568.167142857146,signal_reversal,104.75839971829546,0.0024862982985044656,998.265721842543,0.1049403955541399,84.26856888516454,84.45786933859944,4,{}
2023-02-07 00:00:00+00:00,2023-02-07 16:00:00+00:00,LONG,22785.282519999997,23068.808100000002,1.7469511877489572,39804.77636150955,22281.101428571426,23484.64785714286,signal_reversal,415.6957960152016,0.010443364691709998,999.313305839726,0.41598144804635734,79.60955272301909,80.10543348253259,4,{}
2023-03-08 08:00:00+00:00,2023-03-09 16:00:00+00:00,LONG,21993.80183,21498.856765714285,1.8619585033226334,40951.54633776139,21520.37714285714,22647.009285714284,stop_loss,-1003.4702637998782,-0.024503843042297503,1003.4702637998781,-1.0000000000000002,81.90309267552279,80.98068491790913,8,{}
2023-04-03 04:00:00+00:00,2023-04-03 20:00:00+00:00,LONG,27781.603849999996,27182.22057,1.5168194345931563,42139.67664384805,27209.43,28570.48,stop_loss,-993.4355611618793,-0.023574826393617104,993.4355611618794,-0.9999999999999999,84.2793532876961,83.36937129297974,4,{}
2023-04-17 08:00:00+00:00,2023-04-17 20:00:00+00:00,LONG,29868.138299999995,29392.027122857144,1.8354126695584418,54820.35945194373,29421.448571428573,30463.577142857142,stop_loss,-983.5012055502606,-0.017940437008852724,983.5012055502605,-1.0000000000000002,109.64071890388746,108.76609332284124,3,{}
2023-05-01 12:00:00+00:00,2023-05-02 04:00:00+00:00,LONG,28552.373849999996,27821.523484285717,1.2356873848762477,35281.80817471546,27849.37285714286,29535.590714285714,stop_loss,-973.6661934947579,-0.02759683371875853,973.6661934947579,-1.0,70.56361634943092,69.65968032938387,4,{}
2023-05-08 04:00:00+00:00,2023-05-08 16:00:00+00:00,LONG,28227.919719999998,27422.056208571426,1.1178335851896304,31554.116703052667,27449.50571428571,29325.016428571427,stop_loss,-963.9295315598101,-0.03054845555117554,963.9295315598102,-0.9999999999999999,63.108233406105334,62.20657349322258,3,{}
2023-05-25 16:00:00+00:00,2023-05-26 08:00:00+00:00,LONG,26252.346119999995,26436.82671,1.4214346209159334,37315.99365523607,25659.152857142857,27076.570714285714,signal_reversal,187.59511020253484,0.0050272039366212095,954.2902362442121,0.19658077079448127,74.63198731047214,74.89455152962765,4,{}
2023-05-31 08:00:00+00:00,2023-06-01 00:00:00+00:00,LONG,27195.077909999996,26753.16006,1.2589908972179502,34238.35553782295,26516.51428571429,28144.97857142857,signal_reversal,-624.8472615437709,-0.018249920351855246,956.1661873462373,-0.6534923215366822,68.47671107564591,67.91985207447541,4,{}
2023-06-05 16:00:00+00:00,2023-06-06 12:00:00+00:00,LONG,26033.537529999998,25515.5589,1.666388688308458,43381.99245664571,25541.1,26707.175,stop_loss,-949.9177147307997,-0.02189659028870356,949.9177147307998,-0.9999999999999999,86.76398491329142,85.90005392979387,5,{}
2023-06-15 08:00:00+00:00,2023-06-16 00:00:00+00:00,LONG,25008.79381,25536.17826,1.3403119828826147,33519.58602098356,24381.551428571427,25887.172857142858,signal_reversal,639.8205258789919,0.01908796025936772,940.418537583492,0.6803572029992949,67.03917204196712,67.74680634639088,4,{}
2023-07-07 00:00:00+00:00,2023-07-07 16:00:00+00:00,LONG,29925.315419999995,30215.9538,1.08133597358581,32359.320084548144,29138.705714285716,31030.516428571427,signal_reversal,249.55909542961058,0.007712124197219373,946.8167428422818,0.2635769776107365,64.71864016909629,65.03329721572621,4,{}
2023-07-24 16:00:00+00:00,2023-07-25 08:00:00+00:00,LONG,29122.873779999994,29099.16171,1.532463036218015,44629.72757629281,28590.24142857143,29849.087857142855,signal_reversal,-125.59732593979075,-0.0028142077660027595,949.3123337965777,-0.132303480602101,89.25945515258563,89.22317016709192,4,{}
2023-07-25 16:00:00+00:00,2023-07-26 08:00:00+00:00,LONG,29210.681499999995,29146.21461,1.4923784858347289,43593.39262717052,28662.5,29960.024999999998,signal_reversal,-183.3957849390092,-0.004206962887873604,948.05636053718,-0.19344396870571592,87.18678525434105,87.09056713621708,4,{}
2023-08-11 16:00:00+00:00,2023-08-12 08:00:00+00:00,LONG,29425.295899999997,29400.420149999998,1.8722460718889227,55091.394662944214,29007.76,29978.085,signal_reversal,-156.7563145486779,-0.0028453865709469127,946.2224026877899,-0.16566540181611014,110.18278932588844,110.13627936341294,4,{}
2023-08-17 00:00:00+00:00,2023-08-17 12:00:00+00:00,LONG,28759.240509999996,28328.711502857142,1.9355797590481343,55665.803816753134,28357.068571428572,29290.67214285714,stop_loss,-944.6548395423032,-0.016970110458694225,944.6548395423031,-1.0000000000000002,111.33160763350627,110.49756157592411,3,{}
2023-10-10 16:00:00+00:00,2023-10-11 08:00:00+00:00,LONG,27435.418009999994,27169.063739999998,1.6507503585347614,45289.02611655854,26950.704285714284,28093.96857142857,signal_reversal,-530.2624589328753,-0.011708409396310715,935.2082911468801,-0.5669993133642935,90.57805223311708,90.1380182800226,4,{}
2023-10-11 16:00:00+00:00,2023-10-12 08:00:00+00:00,LONG,26806.22945,26811.00216,1.3904910313799652,37273.8216353385,26217.29857142857,27622.702142857142,signal_reversal,-67.911232820298,-0.001821955191090812,929.9056665575514,-0.07303023872485995,74.547643270677,74.55436087189636,4,{}
2023-11-14 00:00:00+00:00,2023-11-14 16:00:00+00:00,LONG,36499.392929999995,35749.17789428572,1.128779097090887,41199.7517958909,35784.96285714286,37479.88071428571,stop_loss,-929.2265542293483,-0.022554178453133924,929.2265542293483,-1.0,82.39950359178181,81.55191126599749,4,{}
2023-11-27 12:00:00+00:00,2023-11-28 04:00:00+00:00,LONG,37072.985949999995,37068.004890000004,1.3851957948350493,51353.34423991886,36519.532857142854,37810.575714285704,signal_reversal,-109.60643184564628,-0.002134358209147461,919.9342886870548,-0.11914593595818497,102.70668847983772,102.69988453660542,4,{}
2023-12-26 12:00:00+00:00,2023-12-27 04:00:00+00:00,LONG,42728.245559999996,41697.18250714286,0.8229486257765097,35163.15096544325,41738.92142857143,44105.49285714286,stop_loss,-918.8382243685983,-0.026130713520855702,918.8382243685983,-1.0,70.3263019308865,69.47701097353638,4,{}
2024-01-23 00:00:00+00:00,2024-01-23 12:00:00+00:00,LONG,39607.588019999996,38562.357612857144,0.808976313064489,32041.60052579682,38600.95857142857,41018.612142857135,stop_loss,-909.6498421249125,-0.02838965055420842,909.6498421249124,-1.0000000000000002,64.08320105159365,63.23685208072935,3,{}
2024-01-23 20:00:00+00:00,2024-01-24 12:00:00+00:00,LONG,39187.218069999995,40010.659289999996,0.5737661468220515,22484.299116699367,37733.77857142857,41269.50714285714,signal_reversal,427.49409770045077,0.019013005274553817,900.5533437036632,0.474701582853844,44.96859823339874,45.44157883360667,4,{}
2024-02-05 00:00:00+00:00,2024-02-05 16:00:00+00:00,LONG,42625.46287999999,42722.59464,1.0875170053647591,46355.91574354429,41920.62142857142,43576.267857142855,signal_reversal,12.920609273932016,0.0002787262222455694,904.8282846806677,0.014279625750748896,92.71183148708859,92.81766237794413,4,{}
2024-04-25 08:00:00+00:00,2024-04-26 00:00:00+00:00,LONG,64082.00798999999,64316.858759999996,0.46727552824913027,29943.95413479223,62335.84,66541.215,signal_reversal,49.85210934188265,0.0016648472381928644,904.957490773407,0.05508779125003691,59.887908269584464,59.997818025029446,4,{}
2024-04-26 16:00:00+00:00,2024-04-27 08:00:00+00:00,LONG,63566.72321999999,62799.27786,0.3990229439940508,25364.581039299384,61486.16,66528.81,signal_reversal,-356.95746898036913,-0.014073067811658558,905.4560118668257,-0.3942294979569591,50.72916207859877,50.42267796606363,4,{}
2024-05-08 00:00:00+00:00,2024-05-08 16:00:00+00:00,LONG,62374.38206999999,62117.270549999994,0.4028973501683039,25130.473254388366,60320.950000000004,65298.775,signal_reversal,-153.85049661452103,-0.006122069212829295,901.8864371770223,-0.17058743792188022,50.26094650877673,50.15730352642278,4,{}
2024-05-09 00:00:00+00:00,2024-05-09 16:00:00+00:00,LONG,61254.223029999994,62392.46508,0.4157971943561539,25469.334078340107,59270.648571428566,64076.60214285714,signal_reversal,422.33918273152017,0.01658226247425488,900.3479322108769,0.46908441461561673,50.938668156680215,51.41247069788643,4,{}
2024-06-11 08:00:00+00:00,2024-06-12 00:00:00+00:00,LONG,67637.75017999999,66395.00995714286,0.6564303358791657,44399.47106876849,66461.47142857143,69233.24285714285,stop_loss,-904.571324038192,-0.020373470725296234,904.571324038192,-1.0,88.79894213753698,87.9824419656928,4,{}
2024-06-24 04:00:00+00:00,2024-06-24 16:00:00+00:00,LONG,62924.861999999994,62105.505184285714,0.9474390761922918,59617.473122807445,62167.672857142854,63903.49071428572,stop_loss,-895.5256107978103,-0.015021193685165015,895.5256107978101,-1.0000000000000002,119.23494624561489,118.45799774838736,3,{}
2024-07-03 12:00:00+00:00,2024-07-04 00:00:00+00:00,LONG,60446.39601,58840.38928285715,0.5133885005189045,31032.48460934579,58899.28857142857,62616.092142857146,stop_loss,-886.5703546898322,-0.02856910640093676,886.5703546898321,-1.0000000000000002,62.06496921869158,61.23970056753106,3,{}
2024-07-31 20:00:00+00:00,2024-08-01 12:00:00+00:00,LONG,65322.08682999999,62969.90848714286,0.35351083104166625,23092.06520064918,63032.94142857143,68592.66285714286,stop_loss,-877.7046511429338,-0.03800892832739183,877.7046511429339,-0.9999999999999999,46.18413040129836,45.351823711857264,4,{}
2024-09-30 12:00:00+00:00,2024-10-01 04:00:00+00:00,LONG,63883.26944999999,63981.87408,0.6670965289275905,42616.30730664098,62771.25571428572,65391.71642857143,signal_reversal,-19.45380820408664,-0.0004564874207450423,868.9276046315046,-0.022388295757201346,85.23261461328195,85.2985444970369,4,{}
2024-10-01 16:00:00+00:00,2024-10-02 08:00:00+00:00,LONG,62691.47884999999,61055.85017571428,0.4933147804196402,30926.633123070264,61116.96714285714,64896.67428571428,stop_loss,-868.7330665494637,-0.02809012746691191,868.7330665494637,-1.0,61.85326624614053,61.045640611674784,4,{}
2024-10-09 20:00:00+00:00,2024-10-10 12:00:00+00:00,LONG,61093.021989999994,60728.57064,0.4395167330229522,26851.405435544173,59317.72714285715,63603.35928571429,signal_reversal,-213.88527756889096,-0.007965515178798175,860.0457358839691,-0.2486905854478264,53.702810871088346,53.542521764444885,4,{}
2024-10-10 20:00:00+00:00,2024-10-11 12:00:00+00:00,LONG,59786.99726999999,62105.447385,0.46018093940851806,27512.8365681231,58100.39,62167.615,take_profit,1011.8808787562438,0.036778500691878074,857.9068831082801,1.1794763495661684,55.025673136246205,56.093702688390636,4,{}
2024-10-23 12:00:00+00:00,2024-10-24 04:00:00+00:00,LONG,66480.41399999999,67055.95692,0.47229006867548984,31398.039293634993,64840.30714285715,68774.53928571429,signal_reversal,209.02712662522532,0.006657330563555263,868.0256918958427,0.24080753435844984,62.79607858726999,63.06823668392183,4,{}
2024-11-01 20:00:00+00:00,2024-11-02 12:00:00+00:00,LONG,69337.268,69323.77683,0.34725051680496655,24077.402146844466,67037.25,72614.125,signal_reversal,-52.83962004849047,-0.0021945731406664867,870.1159631620949,-0.06072710108255641,48.15480429368893,48.15016294327859,4,{}
2024-11-04 20:00:00+00:00,2024-11-05 12:00:00+00:00,LONG,67923.86600999998,69570.35001000001,0.4339064938519485,29472.606549268632,66121.74571428572,70457.38142857143,signal_reversal,655.4748865248055,0.0222401396845937,869.5875669616099,0.7537767459291917,58.945213098537266,59.66040727866084,4,{}
2024-11-24 16:00:00+00:00,2024-11-25 08:00:00+00:00,LONG,95997.42151999999,98695.05258214286,0.3792653234142969,36408.49311972138,93973.28571428571,98793.84642857143,take_profit,950.3009309966266,0.026101078335534773,876.1423158268581,1.0846422023341966,72.81698623944277,73.84120111579051,4,{}
2025-02-17 04:00:00+00:00,2025-02-17 20:00:00+00:00,LONG,96311.53532,95684.22,0.5470337803070393,52685.663253274535,94980.14285714287,98068.1107142857,signal_reversal,-448.533997450666,-0.008513397568792845,885.6453251368245,-0.5064487834126731,105.37132650654907,105.02792570085273,4,{}
2025-02-18 16:00:00+00:00,2025-02-19 08:00:00+00:00,LONG,95642.03649,93751.74441,0.42331383548031276,40486.59729972993,93845.59,98097.815,stop_loss,-881.1599851623179,-0.0217642391292833,881.1599851623178,-1.0000000000000002,80.97319459945987,80.17228779439023,4,{}
2025-02-24 20:00:00+00:00,2025-02-25 08:00:00+00:00,LONG,94037.46351999999,92248.08386142856,0.4411471149113465,41484.35572542899,92340.42428571428,96348.13857142857,stop_loss,-872.3483853106944,-0.02102837009412597,872.3483853106945,-0.9999999999999999,82.96871145085798,82.17862457594589,3,{}
2025-03-28 16:00:00+00:00,2025-03-29 08:00:00+00:00,LONG,84135.20114999998,81939.22589571429,0.3652856034870703,30733.377726583793,82021.24714285714,87096.02928571429,stop_loss,-863.6249014575875,-0.028100552732626204,863.6249014575876,-0.9999999999999999,61.466755453167586,60.66385581286593,4,{}
2025-05-05 00:00:00+00:00,2025-05-05 16:00:00+00:00,LONG,94371.88760999999,94252.82283,0.4965135899227403,46856.924705026475,92931.57857142856,96296.68214285714,signal_reversal,-152.83113076120733,-0.003261655170997868,854.9886524430118,-0.17875223293842968,93.71384941005296,93.65476666617903,4,{}
2025-05-28 16:00:00+00:00,2025-05-29 08:00:00+00:00,LONG,107214.41730999999,108671.06016,0.31040046566553564,33279.40505908306,104784.08428571429,110592.14857142857,signal_reversal,385.58380883020806,0.011586259073611936,853.4603411353999,0.4517887829647095,66.55881011816612,67.0114718912038,4,{}
2025-05-29 20:00:00+00:00,2025-05-30 12:00:00+00:00,LONG,105837.47174,105437.457,0.2870298656940613,30378.51529893121,103165.45857142858,109581.16214285715,signal_reversal,-175.5732076957069,-0.005779519043904164,857.3161792237021,-0.20479399776951376,60.75703059786242,60.642160246745846,4,{}
