allow_long,allow_short,atr_stop_mult,atr_tp_mult,deploy_score,ema_fast,ema_slow,family,max_holding_bars,min_holding_bars,slope_bars,slope_min,sma_period,trial,use_take_profit,validation_avg_drawdown_r,validation_avg_holding_bars,validation_avg_loss,validation_avg_loss_r,validation_avg_r_multiple,validation_avg_win,validation_avg_win_r,validation_calmar_ratio,validation_expectancy,validation_expectancy_r,validation_exposure_pct,validation_max_consecutive_losses,validation_max_drawdown_pct,validation_max_drawdown_r,validation_payoff_ratio,validation_profit_factor,validation_sharpe_ratio,validation_sortino_ratio,validation_total_fees,validation_total_return_pct,validation_total_slippage,validation_total_trades,validation_trades_per_day,validation_win_rate,volatility_max,volatility_min,wf_max_dd_r,wf_mean_exp_r,wf_mean_pf,wf_mean_return_pct,wf_min_exp_r,wf_min_pf,wf_min_return_pct,wf_positive_exp,wf_profitable,wf_rank,wf_score,wf_total_trades,wf_windows
True,True,6.0,12.0,54.26634479855198,20,400,sma_state,72,3,24,0.0025,300,135,False,1.3975760982558247,27,-332.40830632189,-0.33433079936423765,0.003961567373908181,905.9465675712094,0.9221837056631611,0.0073140840781892105,0.9949289570213296,0.003961567373908181,0.6801932367149759,5,2.498553573879879,2.524913700460838,2.7254029166585547,1.0040958114005203,0.06302620713313194,0.02884954151321604,308.9211442443078,0.02586815288256912,626.1529659465662,26,0.05029013539651837,0.2692307692307692,0.12,0.003,1.0709337138749715,0.06451934563267185,1.6163008207552785,0.364422078884261,-0.5905023800407181,0.0,-1.0122167850795667,8,7,1,86.06887011205069,41,11
True,True,4.0,8.0,124.90906249013837,30,80,ema_state,72,6,36,0.0,150,114,False,1.458574399234272,49,-699.9384288948646,-0.6889664847917567,0.4306187330848893,2377.1597406972764,2.3898928643690196,1.1575354303954408,419.0063600477322,0.4306187330848893,0.523671497584541,5,2.7943981585985083,2.822765393542297,3.396241215746052,1.9407092661406011,1.6578620961314328,0.8967673119446429,214.51953391555648,4.60906996052507,445.5365639590072,11,0.02127659574468085,0.36363636363636365,1.0,0.003,2.5263664988763352,0.35415893226320183,3.7399894935324443,0.6454416729433089,-0.6432662237514524,0.0,-1.9184001426958857,7,7,2,75.85948096872882,31,11
True,False,2.5,24.0,113.48790144172466,100,150,sma_state,48,3,6,0.02,200,123,False,1.3723280587861493,23,-535.5397718252774,-0.5200282972788056,0.3603582084910922,2588.7909538728454,2.561324472915837,1.2994282540869877,357.1261498027576,0.3603582084910922,0.3169082125603865,6,2.6987700801976793,2.7274460233706894,4.833984495772336,1.9335937983089344,2.095230770587165,1.3225244068231927,453.27977662813316,4.9997660972386075,917.4911271520101,14,0.027079303675048357,0.2857142857142857,0.2,0.001,1.4065769813603202,0.6072878997260764,4.621316306008861,1.8204602780644015,-1.0,0.0,-1.40251121154672,5,5,3,70.53137697894229,26,11
True,True,5.0,6.0,60.113288262558996,100,150,sma_state,72,2,48,0.02,50,105,False,1.2753248546612206,14,-207.9475662635654,-0.20270449595355103,0.061982713829972946,1325.2597488142605,1.319246960301712,0.607250867657224,58.69718418475216,0.061982713829972946,0.6376811594202898,10,3.12897490081156,3.173705187745112,6.373047651514929,1.3416942424241958,1.1132719902539887,1.7117813490035931,689.6387868753459,2.7000704724985987,1394.759282825748,46,0.08897485493230174,0.17391304347826086,1.0,0.0,2.4642181933123926,0.07564074799734978,1.5441052450505053,0.37941873059287107,-0.1537087249724123,0.12681375644820236,-1.7608949333334167,5,5,4,69.83252590448116,98,11
True,True,2.5,24.0,65.23026335489806,10,200,sma_slope_state,168,2,18,0.001,50,235,False,2.360592047012328,18,-478.2513905135451,-0.4695970168885194,0.14427908303422213,2336.573290556944,2.36957994525416,0.6652864977063416,130.35935133953365,0.14427908303422213,0.6463768115942029,8,5.086421938106915,5.183405355309997,4.885659167760992,1.3477680462788941,1.1245186673243048,1.112993577322998,1045.8605105414995,4.82329599956279,2114.620953505526,37,0.07156673114119923,0.21621621621621623,1.0,0.0005,3.1966367655869474,0.10217755031587669,2.0526210733087025,0.39848244207479266,-0.18240599122360782,0.11105181425406585,-1.452527396177815,5,5,5,69.63693452706998,74,11
True,False,6.0,16.0,91.8279588942752,100,150,sma_state,48,1,18,0.0,80,120,False,0.6343539163377072,19,-175.7241981578783,-0.17132264109564566,0.15671239807374387,1312.3774708416086,1.3048350351666071,1.6120146302871206,154.9650616197854,0.15671239807374387,0.34396135265700484,6,1.2175214451872054,1.222909664025631,7.468393565594826,2.1338267330270932,1.8087780945581564,1.8210598260222914,237.2377496307996,2.7893711091561415,480.54274558559075,18,0.03481624758220503,0.2222222222222222,0.2,0.0,1.266976738495516,0.25484614964198476,3.2456757962562843,0.5802615659335001,-0.3544149642150058,0.0,-1.261349328738783,5,5,6,62.07845794969823,45,11
False,True,6.0,6.0,15.092034235119671,100,150,sma_state,72,1,48,0.0,80,153,False,1.3715722921991127,18,-229.30791916299353,-0.23051788801013143,-0.10163817373153229,257.898248314659,0.2592250262485453,-0.48563330684781797,-101.0957698267692,-0.10163817373153229,0.33043478260869563,10,2.802273873702518,2.837694023048557,1.1246809497727956,0.40167176777599845,-3.6080077391987864,-1.130974928528028,225.15690073163952,-1.9208196267086168,453.7001590649664,19,0.0367504835589942,0.2631578947368421,0.12,0.003,1.3874408019882079,0.06440915310506429,2.7588378998191896,0.07209223242266377,-0.27748816039764157,0.0,-1.3809982441550237,5,5,7,60.919469319295246,43,11
True,True,2.5,4.0,109.30651085039356,50,150,sma_state,72,1,18,0.005,80,267,False,1.6475310181646536,9,-520.2834938085622,-0.4939094703997016,0.3658690397954716,1789.048200831199,1.7271850142711624,2.395566869075254,373.65135572940983,0.3658690397954716,0.2898550724637681,5,3.3606646258276833,3.400859661803241,3.438602650518599,2.171749042432799,3.097545207021238,2.7338460315399495,1017.670198889082,11.583192027611716,2051.1566050176216,31,0.059961315280464215,0.3870967741935484,0.08,0.001,2.3971706925883822,0.1578929465393146,2.4751319424986526,0.4241492079098892,-0.2185541227127317,0.0,-1.718345144890045,4,4,8,52.19436399224391,49,11
True,True,6.0,24.0,39.30354165794773,50,100,sma_state,168,4,36,0.005,100,100,True,1.8654645571487736,23,-241.61688251425,-0.24002669839400442,0.024205907960576145,842.9912998886294,0.8499328028186404,0.13330529007054884,21.318434431902602,0.024205907960576145,0.7352657004830918,6,3.72455398701615,3.784599235068526,3.48895859890466,1.116466751649491,0.43257549545163254,0.3813033377556078,395.59837761407164,0.7035083362527949,799.2909522829578,33,0.06382978723404255,0.24242424242424243,0.12,0.001,2.177777462324017,-0.03349267917396297,2.2136951636067446,-0.02079631917890875,-0.5905023800407181,0.0,-2.1590800989353154,6,6,9,49.31418432216867,51,11
True,True,6.0,8.0,42.97125456433837,100,150,sma_state,168,3,6,0.0025,80,93,False,1.6438552492906107,20,-236.56829462600362,-0.23270684957059729,0.045416480494929586,786.8044834982113,0.7870786940030011,0.25975643491357847,42.533372135145896,0.045416480494929586,0.6608695652173913,6,3.809666565101871,3.872798778220442,3.3259084220989505,1.2472156582871063,0.7828093482064047,0.9190293784569055,400.1316028982937,1.4036012804597995,808.8178152461174,33,0.06382978723404255,0.2727272727272727,0.12,0.001,1.8359390816191674,0.0439059454080611,2.4860807561486657,0.4225313103197774,-0.5905023800407181,0.0,-1.8231219396893577,5,5,10,45.49378710377428,66,11
True,False,5.0,12.0,103.8078552617296,20,400,sma_state,48,3,24,0.005,100,49,False,0.6957755372195973,19,-204.74352504724672,-0.19982640368881716,0.2564387640416195,1983.9979451750048,1.967433143030757,2.5491790831308525,256.0441528942799,0.2564387640416195,0.3642512077294686,6,1.3388123220221588,1.344998716263253,9.690162092877792,2.584043224767411,2.3573614488360928,2.3345562514264055,299.2809688894993,4.864838904991309,608.913269659335,19,0.0367504835589942,0.21052631578947367,1.0,0.003,1.5091832092489597,0.3810060822559105,3.64682544163345,0.3825183833865701,-0.6466423949713349,0.0,-1.501106562625646,5,5,11,38.6396919932736,30,11
True,False,2.0,8.0,254.86106920212927,100,200,sma_state,120,3,48,0.005,80,22,False,1.2773339958965944,33,-500.9364952096908,-0.4525339841436342,1.22135019533026,6968.294566040137,6.661473778620415,4.943749285779125,1256.5296368490922,1.22135019533026,0.5526570048309178,5,2.964734929875716,2.997032516420526,13.910534833608452,4.280164564187215,2.8881622768054394,5.252905795904723,657.3443563728965,21.361003826434562,1358.8189177798142,17,0.03288201160541586,0.23529411764705882,1.0,0.0005,2.4196984341579926,0.6820036601847447,3.2020448279805365,1.6006855706085732,-1.0,0.0,-2.0245487283369292,5,5,12,36.6160774559399,36,11
True,True,4.0,16.0,44.03336920879562,20,80,sma_slope_state,72,2,48,0.001,150,23,True,1.925108646891692,23,-369.61734494129183,-0.3663103790492612,0.0992534092174187,1667.5668404935664,1.6821702893241306,0.29184297723702424,93.37906083935775,0.0992534092174187,0.5053140096618357,13,4.958185376275745,5.070764309895107,4.51160331980209,1.3269421528829675,0.9537742747405896,0.627481938320881,416.2148436161768,2.054339338465885,843.8361783881795,22,0.0425531914893617,0.22727272727272727,0.2,0.002,2.9669708589688666,-0.059929214961700734,1.7123294742840727,-0.20649978754655673,-0.6182210035478707,0.0,-2.54612352048693,6,6,13,35.85741936624933,46,11
True,False,2.5,16.0,87.22548625082038,30,300,sma_state,120,4,12,0.001,50,233,False,2.1454355232423032,22,-551.145320774447,-0.5166830455869811,0.3474642744264654,2862.93971982645,2.816456617322026,1.303259910254314,333.9878378998597,0.3474642744264654,0.5864734299516908,7,4.82605703426505,4.9285098550875635,5.194527853023525,1.8180847485582334,1.807051374801779,2.4425031902885777,793.9768038084387,9.017671623296234,1607.6225815551181,27,0.05222437137330754,0.25925925925925924,0.2,0.0,4.178194763535566,0.2165731381909027,2.1917198470170627,0.6814200621208916,-0.5968849662193666,0.0,-4.106540997757605,4,4,14,35.23798600298646,55,11
True,False,1.5,24.0,164.09736211514218,100,300,sma_state,120,4,18,0.001,80,34,False,3.073260176393923,23,-937.4824377086383,-0.8584809167516367,0.8920383614087228,5447.999849465836,5.268336556809621,1.9612972029166587,886.9410729126399,0.8920383614087228,0.47342995169082125,5,6.539122592739009,6.730281417003573,5.811308703319975,2.32452348132799,2.4055635593779296,5.320875393056322,1005.7263918430986,18.625762531165428,2050.802490697867,21,0.04061895551257253,0.2857142857142857,0.12,0.002,2.820557978571162,0.3432062201023196,2.3971862327374223,1.0980404817968799,-1.0,0.0,-2.307201507559381,6,6,15,35.194770023116455,34,11
True,False,6.0,16.0,94.84052820883457,30,100,sma_state,120,2,24,0.01,100,207,True,0.5795318773195464,19,-160.70337270542643,-0.158370156496523,0.21755391773113794,2489.7405705729248,2.4730983630971033,2.5138477143895406,217.931476334338,0.21755391773113794,0.39903381642512076,7,1.2777021719764652,1.283815078296441,15.49277111399949,2.582128518999915,2.5325274839735186,2.9124870939848897,276.4834113199395,4.576561003021125,562.6945744245176,21,0.04061895551257253,0.14285714285714285,1.0,0.002,1.289047103813688,0.3337201918854655,3.9298950382821176,0.2727189722553608,-0.5728902847320126,0.0,-1.2831235475904832,5,5,16,29.65860823337456,32,11
True,True,6.0,24.0,29.151106235345132,10,100,sma_slope_state,48,3,36,0.0,80,296,False,1.712223999495101,17,-246.19170183132618,-0.24301118713983705,0.016331859241171413,1054.2764104911798,1.0537040447652053,0.08784649065163279,13.901920633175024,0.016331859241171413,0.5043478260869565,9,3.3520145843271685,3.391634970457691,4.282339342263852,1.0705848355659633,0.3059162683601661,0.25136712863140964,370.8236365697543,0.41705761899524074,749.8428873145792,30,0.058027079303675046,0.2,0.12,0.0,2.4807704743855608,0.06917289715970824,2.854685079445474,0.13493048354374135,-0.5905023800407181,0.0,-2.4093557467331994,4,4,17,28.82594681960709,49,11
True,False,4.0,12.0,201.9982937059113,100,300,sma_state,120,2,6,0.0,200,292,False,0.7488589761126143,37,-354.1801122164777,-0.3402522957234124,0.809907835652165,3768.774624456967,3.6853081640911083,5.331727234389393,823.8069554045065,0.809907835652165,0.5033816425120773,6,1.503557967873736,1.5121115031552685,10.64084203054705,4.256336812218821,2.919842171225822,3.087844712304331,301.1019796296662,11.533297375663082,625.9225992577414,14,0.027079303675048357,0.2857142857142857,0.2,0.002,1.2336429020701185,0.05698153919947724,3.3477369398918353,0.44516522519203006,-0.7728582213639533,0.0,-1.164343321447741,5,5,18,28.764860622143498,27,11
True,False,5.0,4.0,39.633663567116336,30,80,sma_state,120,1,6,0.0,80,28,True,0.5921788449568831,14,-233.04046791194924,-0.23157470738212285,0.04518608494187687,599.3563452979412,0.5987076695898764,0.4019943475499736,44.42513649134756,0.04518608494187687,0.24541062801932367,6,1.4036951115556429,1.4106919318223288,2.5718981371269765,1.2859490685634882,1.068673106395305,0.46946285216641603,278.11141794100155,0.7996524568442546,558.3849082267053,18,0.03481624758220503,0.3333333333333333,0.2,0.001,1.5119522435250694,0.01397710672690385,2.460897691277586,0.06149099455742209,-0.4221356491195839,0.0,-1.5039401149387706,4,4,19,20.930067611951376,45,11
True,True,6.0,6.0,-1.4384651484444078,80,200,ema_state,72,3,48,0.0,100,251,False,2.9103984721736627,17,-431.2889339310292,-0.4290374905929222,-0.07754465153440905,774.8260786209108,0.7760808147505516,-0.23904914341866418,-79.50538860338,-0.07754465153440905,0.4096618357487923,7,5.655159671549208,5.791647866444939,1.7965359592203667,0.7397501008554448,-1.239371343002804,-0.3927117030439325,328.843494686381,-1.9081293264811103,660.8533848273888,24,0.04642166344294004,0.2916666666666667,0.08,0.001,1.7361902711706865,-0.08540372781854814,1.5610387491359488,-0.18566059387073883,-0.5787300903902288,0.0,-1.7299917203999358,5,5,20,19.076558573899586,23,11
True,False,6.0,4.0,35.99495767007657,100,400,sma_state,120,3,24,0.005,100,375,True,0.4288631997667662,12,-171.3253392049369,-0.1705949055158309,0.0291746416927554,588.5115162230193,0.588529373876797,0.3210993628803961,28.631728012946283,0.0291746416927554,0.22705314009661837,6,1.1959563790006227,1.2011243230230817,3.435052391865107,1.2268044256661097,0.8716885767084713,0.3178762497819913,246.91803360683167,0.5440028322459839,495.4230543210493,19,0.0367504835589942,0.2631578947368421,1.0,0.003,1.264415226683735,0.022155255880646967,3.392235267925898,-0.21541707310981825,-0.5673115480431279,0.0,-1.2587453860373499,5,5,21,19.05712219961908,30,11
True,False,1.5,24.0,91.56219729620136,80,300,sma_state,120,4,36,0.01,50,103,False,3.7686176272216723,21,-869.525547812167,-0.7948455922160168,0.5072887336385786,4500.781647833153,4.413691711202364,1.2968033232297633,473.0512510991631,0.5072887336385786,0.5797101449275363,7,7.083102003956096,7.311081344812498,5.176135030371071,1.7253783434570238,1.7554803375577108,3.5387722977706435,1318.16892527492,13.24543503077657,2665.5339750136563,28,0.05415860735009671,0.25,0.2,0.003,6.247134645395495,0.3297936441079918,2.16241693849133,1.0314715970656754,-0.8924478064850707,0.0,-6.0834914206924875,4,4,22,18.06081362801465,55,11
True,False,6.0,6.0,122.67986621487123,10,200,sma_slope_state,48,4,12,0.0025,200,342,False,0.3717810399819224,29,-335.49499392972876,-0.3301643024780923,0.36268936109974714,1065.5589019618278,1.0555430246775865,3.803414199491711,365.03195401604955,0.36268936109974714,0.2811594202898551,2,0.6744661220114795,0.6744661220114724,3.176079885665939,3.1760798856659394,3.0268718196060878,1.3299865020913055,144.3276747969549,3.6503195401604898,296.26100765671856,10,0.019342359767891684,0.5,0.2,0.0005,0.8119453745041866,0.0985138536246884,2.7996957073568085,0.36288431070073884,-0.4120791150699699,0.0,-0.8116795920172153,3,3,23,16.766659841967908,20,11
True,False,5.0,4.0,153.9799239146386,10,100,sma_slope_state,168,3,48,0.0,80,202,False,0.4379679107557419,32,-208.8392833839036,-0.2014315252806795,0.49327404866629926,3085.3549119787453,3.0405278198052215,4.541859461418441,497.0594727652354,0.49327404866629926,0.43768115942028984,5,1.0717007164585557,1.0749417377833952,14.773824454793886,4.029224851307423,2.7581505960028148,3.176057251465032,235.40911403317003,6.958832618713277,485.2374294484818,14,0.027079303675048357,0.21428571428571427,1.0,0.001,0.9612960310970331,0.056691376575812163,3.6933969691506032,0.4299369736658105,-0.7995362920027884,0.0,-0.9589972439537815,4,4,24,10.809187675140503,24,11
True,False,2.5,4.0,205.18010625175174,80,100,sma_state,72,2,36,0.005,100,118,False,1.3074047813209309,22,-389.62016858894617,-0.35638472350239486,0.9408309912208322,9143.65269622436,8.724125279560196,5.004176177171268,972.2759549558118,0.9408309912208322,0.4502415458937198,7,2.8029864681047703,2.832938133380882,23.46811955176535,3.9113532586275577,3.0170084095585166,5.82315775010504,670.8896537184557,20.417795054072005,1384.0465677775935,21,0.04061895551257253,0.14285714285714285,1.0,0.002,2.971562970128882,0.6979465625691392,3.926467697853657,0.7410613791646186,-1.0,0.0,-2.9392245965428883,5,5,25,10.565627726008323,33,11
True,True,1.5,24.0,-7.3919176226058445,50,80,sma_slope_state,168,2,24,0.001,300,309,True,2.7968000366447803,17,-766.4854387603924,-0.7766215669548296,-0.09810169058355013,3751.4647788876214,3.973017567644127,-0.21404136069516952,-121.06397909639054,-0.09810169058355013,0.24057971014492754,8,5.608307876804101,5.747562446475667,4.89437188129069,0.8157286468817816,-0.39617239391331177,-0.3631675143241764,607.6655921524322,-1.694895707349453,1228.1834055945565,14,0.027079303675048357,0.14285714285714285,0.2,0.0005,5.50217708915097,0.07932971176665275,2.479714116750635,1.1103674632338159,-1.0000000000000002,0.0,-5.378560425070318,4,4,26,7.796548382196319,29,11
True,False,2.5,16.0,116.42040306027589,50,200,sma_state,48,6,18,0.01,80,239,False,1.153677619417535,22,-538.4994511006407,-0.5084734688688475,0.517416668378962,2332.575638695946,2.2760854750894923,1.99296306432507,519.2650556665228,0.517416668378962,0.4067632850241546,3,3.4487821929132476,3.491884076992922,4.331621200222929,2.5267790334633755,2.5360156141675216,2.103319352096047,563.2014689564799,9.866036057663921,1147.307719147184,19,0.0367504835589942,0.3684210526315789,0.12,0.0,2.0893104344211975,0.12671956634282597,2.3853186345679123,0.5630845083040622,-1.0,0.0,-1.9900000000000002,5,5,27,7.431939667548298,33,11
True,True,4.0,6.0,11.068105673738096,80,300,sma_slope_state,72,3,18,0.0,50,167,False,2.4771877232103057,16,-401.2110925321154,-0.40122861885094235,0.006406024980863845,1127.25336062862,1.1477830277099215,0.005170392441284244,1.0163951417622457,0.006406024980863845,0.6086956521739131,8,5.277129317742223,5.397076799769415,2.809626607066921,1.0034380739524718,0.09104300786444051,0.06763798726717409,689.4467995362254,0.038623015386998305,1394.047798665927,38,0.0735009671179884,0.2631578947368421,0.12,0.0,1.9346060276818116,-0.023557390173927665,1.3265293701456087,-0.07118237660137479,-0.7160538165726447,0.0,-1.8758476972820355,4,4,28,7.269999641390622,62,11
True,True,2.0,12.0,70.37197024601247,10,80,ema_state,120,6,6,0.0025,80,273,False,3.932206679777106,40,-938.7003609617042,-0.8932047980491512,0.4516903982992609,3938.88368833446,3.948417908805132,0.5971782064429051,416.1840971761194,0.4516903982992609,0.7120772946859903,9,8.768030657429822,9.129573554415037,4.196103306383146,1.6138858870704411,1.4117171999743434,2.8521616718121,651.2842566202579,7.491313749170164,1334.9844580413749,18,0.03481624758220503,0.2777777777777778,1.0,0.002,5.0,0.8685654240816145,2.6033316661244097,0.9876558365938067,-1.0,0.0,-4.900995009999998,4,4,29,3.798966453157661,40,11
True,True,1.5,12.0,87.51704226303589,30,200,sma_state,168,2,18,0.001,80,271,False,2.5653283657433428,9,-772.8252727899984,-0.7363429621207204,0.45996776216039964,2935.1764568681097,2.8525892107226403,1.775773006836362,463.1753037627042,0.45996776216039964,0.2811594202898551,5,5.421665257874143,5.53310130536757,3.79798197627744,1.8989909881387197,2.605167530299166,3.2478044664260683,1538.738628776916,13.895259112881089,3094.0395602097406,30,0.058027079303675046,0.3333333333333333,0.08,0.002,5.4069835024894655,0.20596999605773766,2.5960769590578043,0.31560238350668157,-1.0,0.0,-5.287640959932876,4,4,30,3.1913668848028927,43,11
True,True,5.0,8.0,12.50989655236769,80,100,ema_state,120,4,36,0.01,300,122,False,2.8970619745614825,71,-905.556318338753,-0.8887947714848459,0.012738203450811923,2263.135879865577,2.2665706407899564,-0.0002443033249063738,-0.21569028037311,0.012738203450811923,0.4811594202898551,5,4.3661623584615485,4.44397385742423,2.4991663511523052,0.9996665404609222,0.05019104929318386,0.04247551750652252,109.11157791110301,-0.0015098319626122248,228.24484867896814,7,0.013539651837524178,0.2857142857142857,0.2,0.003,1.468741289009713,-0.010012828502337453,3.2907794063466467,0.1913929274790029,-0.9999999999999999,0.0,-1.4640538761196222,5,5,31,2.8986511431326547,27,11
True,False,6.0,24.0,129.4960752936423,80,300,sma_slope_state,120,1,12,0.02,80,137,True,0.1377993631009381,40,-141.36816464054039,-0.13889113570848477,0.3228863699591159,943.3472752769053,0.93858971084925,4.158920452888876,323.5098810383649,0.3228863699591159,0.2714975845410628,2,0.3834183040465786,0.3836510144584462,6.672982405024307,5.00473680376823,2.66046395991334,1.3848056269775337,96.61880570701837,2.2645691672685495,197.9702239927739,7,0.013539651837524178,0.42857142857142855,0.2,0.002,0.792250334345646,-0.0716645827480635,2.595661240416699,0.04032416489648511,-0.5847665828200505,0.0,-0.7915350946054823,4,4,32,1.3223778654241576,21,11
True,False,6.0,8.0,5.393559641742862,30,150,ema_state,72,4,48,0.005,400,262,False,0.6786824216259336,39,-387.1298463771885,-0.3888452968775834,-0.04903068207668212,488.36287846119995,0.49467270160475996,-0.2597497992758016,-50.40187528550064,-0.04903068207668212,0.4927536231884058,4,1.7838285573078174,1.7926122837165095,1.2614963248929612,0.7884352030581006,-0.771574776467855,-0.11333152686326074,141.71700626050375,-0.6552243787115148,282.40607337090967,13,0.025145067698259187,0.38461538461538464,0.12,0.003,0.7538222716743753,-0.06394540154103213,3.7390878523630517,0.02643517720119087,-0.6185974530873909,0.0,-0.6185974530873937,4,4,33,-1.2415816914676625,17,11
False,True,1.5,6.0,-123.77855412351101,20,80,sma_slope_state,48,2,48,0.001,150,381,False,2.8705500010948013,19,-800.3150398565251,-0.8198746213712699,-0.8198746213712699,0.0,0.0,-0.712433215591171,-800.3150398565251,-0.8198746213712699,0.1285024154589372,7,5.6022052789956795,5.7391223495988894,0.0,0.0,-6.107380287855152,-1.5158467661565906,292.0002008946003,-5.6022052789956795,594.6019495328917,7,0.013539651837524178,0.0,0.2,0.0,2.2657978169832127,-0.00810853268084681,2.336046410796071,0.40397345818682256,-1.0,0.0,-1.7170674338005918,4,4,34,-2.500690591931196,19,11
True,False,3.0,16.0,104.52026033597944,30,400,sma_slope_state,120,4,18,0.005,100,29,True,1.3971346775506852,19,-599.0243318106036,-0.5785377800531784,0.5166400834967179,3015.6008434483165,2.9807902764839844,1.3829846590868173,513.1680298075257,0.5166400834967179,0.25024154589371983,4,3.3754467690605723,3.417754495326262,5.034187566861263,2.2374166963827835,2.229798243638294,1.2775045609210534,354.41557097101327,6.671184387497836,722.91333591214,13,0.025145067698259187,0.3076923076923077,0.2,0.003,2.0,0.08979170121124946,3.7536780017913256,0.3781515899423512,-1.0,0.0,-1.9900000000000002,5,5,35,-5.10312278244794,23,11
True,False,1.5,24.0,209.8964102875207,80,200,sma_state,120,1,18,0.0,150,322,True,2.822024915600056,21,-681.3986949477572,-0.621661768262955,1.218054089130036,8504.70847414984,8.116988554353751,2.4650547044619504,1252.5186038096317,1.218054089130036,0.4,12,6.603762986512196,6.805797813078701,12.481251486403119,3.328333729707498,2.8413920834540005,5.047146710554442,969.4967844272841,23.797853472382993,1988.6352933103967,19,0.0367504835589942,0.21052631578947367,1.0,0.001,5.250433425381459,1.0787404161218117,2.091628827922053,1.0493072244757495,-1.0,0.0,-5.139154705700144,3,3,36,-5.8171766140635555,32,11
True,False,2.0,8.0,44.45467139040882,100,150,sma_state,72,2,6,0.02,80,112,True,1.3710747612894123,20,-489.62275873940786,-0.4832033296032915,0.18488313483776853,2346.8325577486503,2.3561641442712133,0.7036877854332607,177.77849219895882,0.18488313483776853,0.3391304347826087,5,3.0209394671439913,3.054815630590597,4.793144346048885,1.4748136449381186,1.308888682226929,0.8055543418305361,605.2070585308029,3.022234367382276,1217.688380432657,17,0.03288201160541586,0.23529411764705882,0.2,0.001,2.6928553019733177,0.2784478091078839,2.6171902079607277,0.6067839521247819,-1.0,0.0,-2.6679256271527265,5,5,37,-7.716783469968946,42,11
True,False,5.0,12.0,73.41513672241928,30,400,sma_slope_state,168,6,24,0.01,50,33,False,0.891951868856498,24,-334.0199871811134,-0.3294271579301236,0.269294211959605,1471.9078872426041,1.466736951739062,1.283945556352545,267.95597096012574,0.269294211959605,0.36038647342995167,4,2.1987812729179184,2.2169399213658023,4.406646140144008,2.203323070072004,2.1781008048563866,1.5170653361962088,224.21154134581008,4.019339564401889,456.92898682348823,15,0.029013539651837523,0.3333333333333333,0.12,0.0005,1.0669995281246158,-0.15795314082246123,1.6808052940478477,-0.24765033127055291,-0.7038158360993486,0.0,-1.0643026863435516,4,4,38,-8.575081320198231,24,11
True,True,6.0,12.0,-13.99251153973784,50,300,sma_slope_state,48,6,36,0.0,200,97,True,2.132314447291519,13,-342.0112920891951,-0.3398890297486785,-0.089139496553923,716.3906724739243,0.7132590096692948,-0.30865585082397384,-90.01082433607141,-0.089139496553923,0.26859903381642514,7,4.338625948784236,4.418937679226893,2.094640408209366,0.6545751275654268,-1.673773326899333,-0.5168513300869567,301.12005955894153,-1.890227311057519,604.5424541268083,21,0.04061895551257253,0.23809523809523808,0.08,0.003,1.7361902711706865,-0.0298319683651999,2.2408367396348794,-0.10816715267233136,-0.5787300903902288,0.0,-1.7299917203999358,3,3,39,-9.848898427404311,23,11
True,False,4.0,8.0,25.351531253167174,30,150,sma_state,72,6,24,0.001,80,288,True,1.0106740876779527,21,-329.4298626921457,-0.3279011529157465,0.07182337613565172,932.724838298362,0.9378931890803478,0.36238356191900684,69.14530604169883,0.07182337613565172,0.3922705314009662,4,2.556313134571385,2.5834349748780934,2.831330562068683,1.3067679517240074,0.9527533010899663,0.366798064160175,347.80451467516474,1.3137608147922293,698.9416020369913,19,0.0367504835589942,0.3157894736842105,0.12,0.0,1.431998125637645,-0.1221841629995457,1.7954873606997384,-0.18195493900838217,-1.0,0.0,-1.42576622766949,5,5,40,-12.223965894971224,33,11
True,False,3.0,24.0,140.24820487252367,20,80,sma_state,120,4,18,0.01,150,90,True,1.767452006879485,27,-455.34666688136474,-0.43592750520832807,0.7080933924660208,4520.820810082089,4.426161309907654,1.9277581265953196,715.5162688747421,0.7080933924660208,0.4454106280193237,11,4.38207475786815,4.46645434314328,9.928305484357342,3.054863225956105,2.696296944518123,2.9225782482889326,450.6198258683334,12.163776570870628,926.5226082061648,17,0.03288201160541586,0.23529411764705882,0.2,0.001,3.758356747556134,0.06073421651510173,2.108859307923726,0.2784269983826169,-1.0,0.0,-3.702860021545799,3,3,41,-14.455233240649225,34,11
False,True,2.0,6.0,-40.08204369188458,80,130,sma_state,48,1,18,0.005,100,318,False,2.6526779995344545,12,-511.36485143960283,-0.5158685871724515,-0.20310479571842646,1189.66116705595,1.2043322658246864,-0.4967241339561926,-202.08739353132043,-0.20310479571842646,0.2570048309178744,9,6.365407404468934,6.551707244762456,2.3264429764908483,0.5169873281090775,-2.702479824908725,-1.0688220644132762,744.1723450814915,-4.445922657689036,1495.7393667444126,22,0.0425531914893617,0.18181818181818182,0.12,0.001,3.5529738523154624,0.020678183038757805,1.412283456911416,-0.3258763540811382,-0.7105947704630925,0.0,-3.5087703365669007,3,3,42,-14.90524707011993,32,11
True,False,2.5,4.0,25.610786051053168,10,200,sma_state,48,6,24,0.01,200,259,False,1.8526671726733794,22,-611.5315420765485,-0.6019987726440451,0.12543139824929234,2062.8323729793556,2.065245187298192,0.44941281480241385,117.84043475687986,0.12543139824929234,0.48405797101449277,5,4.060074347456647,4.103407924720042,3.373223179911038,1.2649586924666392,1.0463104747441554,0.5567012728484558,621.4012352117484,2.5924895646513466,1249.2481045788488,22,0.0425531914893617,0.2727272727272727,0.12,0.003,2.58574414961297,-0.0016164440168346774,2.9592616406314036,0.46992182472774324,-1.0,0.0,-1.800384603251965,4,4,43,-15.632988369788405,23,11
True,True,1.5,6.0,44.67217119515233,20,150,sma_slope_state,48,2,36,0.02,150,54,False,2.1427689528320073,21,-714.854074451576,-0.6910399262149519,0.2309168807286913,1712.3733048853196,1.70604777183852,0.5095213327582262,218.6949176010761,0.2309168807286913,0.27053140096618356,4,3.925775332935348,3.984603304885434,2.395416583725879,1.4971353648286745,1.134234038770008,0.6133616821059236,546.1750365779073,2.8430339288140094,1102.725022825164,13,0.025145067698259187,0.38461538461538464,1.0,0.003,5.250433425381459,0.08636461723304009,2.046033512442897,-0.38192995032614935,-1.0,0.0,-4.586265869067444,5,5,44,-15.838026826953694,37,11
True,False,1.5,12.0,63.73746276482729,20,400,sma_slope_state,48,2,6,0.0,100,52,False,3.647175619849359,13,-849.4146656304117,-0.8093225511694503,0.4391289517993773,3798.2462368077,3.768332959716251,0.8302817533352929,418.12921685270953,0.4391289517993773,0.2782608695652174,8,7.725530557207998,8.0,4.47160425937401,1.6768515972652538,1.7269511667949737,2.0786773284341056,1050.2354251732359,9.198842770759613,2121.018487125082,22,0.0425531914893617,0.2727272727272727,0.12,0.001,3.2823135433875343,0.17624587709591918,2.104262570709537,0.7202457887701589,-1.0,0.0,-3.2440285488353835,3,3,45,-17.42230246428295,26,11
True,False,6.0,12.0,12.094567656334538,100,400,sma_slope_state,168,2,24,0.0025,100,168,True,1.298045417328531,19,-302.5299079555198,-0.30178724674949287,0.0326600534698302,962.149769174609,0.9691124940839349,0.12777374856586773,30.280533394514066,0.0326600534698302,0.357487922705314,7,3.1784048960492957,3.2213648508394126,3.1803459554685465,1.1358378412387666,0.4879805374523152,0.20182301112156306,235.7295296212411,0.5753301344957726,473.0863151546317,19,0.0367504835589942,0.2631578947368421,0.12,0.0,1.0617561481487927,-0.07290776495453373,2.0689028904607443,-0.11151474900379914,-0.6883428498197722,0.0,-1.0589827695885905,3,3,46,-18.04411159921311,22,11
True,False,3.0,8.0,19.579632923231884,10,80,sma_state,168,6,12,0.02,80,211,True,1.634574626533747,21,-442.306266932359,-0.440774861825992,0.08450658778921862,1210.9794870265498,1.2226163952888414,0.28247759661213895,79.78397115992794,0.08450658778921862,0.3922705314009662,4,3.7828919098506204,3.8419429993665144,2.737875489364799,1.263634841245292,0.8583928937193147,0.3381666028711904,453.9387734383931,1.5158954520386323,911.8287419796088,19,0.0367504835589942,0.3157894736842105,0.12,0.0005,1.8323468033754131,-0.15068694229118854,1.6974204757304499,-0.267921370275988,-1.0,0.0,-1.8240233353416697,5,5,47,-18.77499910785937,33,11
True,False,2.0,8.0,55.24831640728792,30,200,sma_slope_state,72,6,12,0.0,80,161,False,5.095468145314029,23,-741.6429096884368,-0.7020086878577041,0.4072268075004029,4302.461248212116,4.289551041253778,0.5473917978581758,379.2691254005748,0.4072268075004029,0.41352657004830917,7,8.72514643778075,9.08381678797101,5.801257171081935,1.6575020488805527,1.4306492151780654,1.4253253584276198,651.5909974761433,6.826844257210323,1318.1740518988902,18,0.03481624758220503,0.2222222222222222,0.12,0.003,2.0,-0.013821889623500682,2.996047580170388,0.3957279976555066,-1.0,0.0,-1.9900000000000002,4,4,48,-19.381170304039543,23,11
True,False,1.5,16.0,110.26512672962622,100,150,sma_slope_state,48,2,12,0.001,80,25,False,2.256313718139101,16,-907.4955207215072,-0.8430156857290445,0.6932275075475278,5406.840314696883,5.301957087377245,1.4310695965794298,671.0884381330903,0.6932275075475278,0.2570048309178744,6,5.220880381952251,5.267520833046861,5.957980167657641,1.9859933892192134,1.9469962057126051,3.6019180806056963,824.4274444412807,10.737415010129421,1672.0315092875608,16,0.030947775628626693,0.25,0.2,0.0005,2.469119212444183,0.14963482215249616,2.4597031114175496,1.0683762716713494,-1.0,0.0,-2.4492945729850906,3,3,49,-19.549434404097568,31,11
True,False,2.5,4.0,36.41708610592488,50,100,sma_state,72,4,36,0.001,300,325,False,2.892519676787609,23,-566.7540745201884,-0.5770112438353798,0.22934097753807434,2760.2398715609397,2.8499856970018,0.4347242715116247,216.06803044007705,0.22934097753807434,0.3864734299516908,10,5.937645180256528,6.097920050171694,4.870260304520523,1.4985416321601612,1.213644229046789,0.8422741694189895,443.2124937025181,3.673156517481315,894.6777696145291,17,0.03288201160541586,0.23529411764705882,0.12,0.0005,2.209556935785063,0.0417802580136744,2.8291832271619146,0.5317117189403017,-1.0,0.0,-1.3962435961724404,3,3,50,-20.646623869039075,18,11
True,False,3.0,6.0,8.540545162161985,10,100,ema_state,48,2,24,0.005,200,176,False,2.6278970156711474,21,-560.5595238640518,-0.5614398980939289,0.04598813593442768,1241.8445217226513,1.2608442039911407,0.1215790931637793,40.24182466484916,0.04598813593442768,0.3748792270531401,5,4.204655916972806,4.265414922312885,2.2153660206544386,1.1076830103272193,0.43186121395879934,0.1956845658049827,387.0091250341038,0.724352843967281,776.2485244481804,18,0.03481624758220503,0.3333333333333333,0.12,0.0005,2.225469975803301,0.03667389984038349,1.9797803618434457,0.1280751659857395,-1.0,0.0,-1.8563881762556702,2,2,51,-21.919504342303018,26,11
True,True,5.0,4.0,-0.7069361169007511,80,200,ema_state,48,4,36,0.005,400,278,True,1.56596484514686,27,-573.2061346845926,-0.5731221817507104,-0.02931150037235943,690.0561152749005,0.6957694081321084,-0.06913481211240059,-31.808027559095535,-0.02931150037235943,0.18647342995169083,3,2.276039010671829,2.291846761220101,1.2038533321954148,0.9028899991465611,-0.2636948505421559,-0.030434820199283046,98.09696491851494,-0.22265619291368058,201.02537093663324,7,0.013539651837524178,0.42857142857142855,0.2,0.003,1.202339529573344,-0.07508110312739928,3.1912863765047637,0.1193870382507766,-0.9999999999999999,0.0,-1.2003161342776147,4,4,52,-22.98411137400464,23,11
True,False,3.0,6.0,124.08631287786433,10,400,sma_state,120,4,6,0.001,300,337,False,1.7643265461081192,33,-573.5550589058112,-0.5713989569709045,0.6800732595082069,4975.20928209897,5.060226017185097,1.4025205776042449,659.5036835396958,0.6800732595082069,0.2898550724637681,6,2.9644554188678303,2.9997926987963313,8.674335976724418,2.4783817076355477,1.7148662180106093,1.4519170676474777,227.1671642384974,5.93553315185725,466.6862466554362,9,0.017408123791102514,0.2222222222222222,0.2,0.0005,2.0776865610305757,0.2704050758771641,2.9018498805817057,0.5785547565521835,-1.0,0.0,-2.063218089493239,4,4,53,-23.2181974878997,20,11
True,False,1.5,16.0,160.69739894293463,20,80,sma_slope_state,72,4,18,0.0,50,237,False,2.4465458863082183,18,-852.7468953270635,-0.7859574098876132,1.003779038282104,7029.566264085453,6.820422494833684,2.246011594435948,1001.9150245347051,1.003779038282104,0.3033816425120773,5,5.232613406647886,5.348345663618139,8.243438120509751,2.5364424986183853,2.442287749481171,3.74960753964792,791.8976461435911,17.032555417090016,1619.5219743138005,17,0.03288201160541586,0.23529411764705882,1.0,0.0005,2.0,-0.16896114814654595,0.9257157093355599,-0.10901800435817596,-1.0,0.0,-1.7541247111701086,4,4,54,-23.600540322694556,31,11
True,False,2.5,8.0,44.25046855425134,30,150,sma_slope_state,120,4,18,0.0025,50,70,False,2.29905764178027,18,-750.8789720520958,-0.732045681636957,0.2945987044841599,2953.2720204155316,2.9638741083990636,0.6307789287413419,278.05185918891186,0.2945987044841599,0.3285024154589372,5,5.565272780459115,5.698924878945724,3.9330865962918913,1.51272561395842,1.3766698626669196,1.1361446877545247,509.6091257323353,5.00493346540042,1030.2735159113715,18,0.03481624758220503,0.2777777777777778,0.12,0.001,1.7762769276021253,-0.15646556910478246,1.8070255926749097,-0.1931453228057878,-1.0,0.0,-1.6751464623710928,4,4,55,-25.26741527717035,27,11
True,False,3.0,4.0,-4.271241077430565,20,200,sma_state,72,3,12,0.02,80,347,True,1.9227834887797155,12,-511.5783961602401,-0.5116637536642936,-0.005249146400906396,872.9032274124926,0.8809764163100212,-0.029909917805417612,-8.130533042882746,-0.005249146400906396,0.2599033816425121,4,4.226104605961948,4.301804197797766,1.7062941554300424,0.9750252316743099,-0.07819719647906598,-0.02915396184498315,524.2060726131176,-0.1788717269434128,1049.1083916885232,22,0.0425531914893617,0.36363636363636365,0.12,0.001,2.3258066316068176,-0.23098837288736257,1.1361067355073227,-0.4304284361682076,-1.0,0.0,-1.8240233353416697,4,4,56,-28.876345307364012,37,11
True,False,5.0,12.0,86.22663072449872,20,100,ema_state,168,2,6,0.005,50,304,True,1.027129123663321,53,-644.7341150275115,-0.6408458815688218,0.4370596421135401,1872.7051190219834,1.874267007023356,1.2202131516903205,434.16841385084336,0.4370596421135401,0.36231884057971014,3,1.751878117522138,1.76080361676874,2.90461614388448,2.17846210791336,2.032749989185258,0.7111682877310823,116.74785416524824,3.039178896955913,239.82114482432272,7,0.013539651837524178,0.42857142857142855,0.2,0.0,2.0,-0.03381986010029922,3.6943701009560868,0.1251041717569076,-1.0,0.0,-1.9900000000000002,4,4,57,-30.193419994228762,21,11
True,False,4.0,12.0,163.5813001876409,20,400,sma_slope_state,48,2,18,0.01,150,336,False,0.3319479747963317,26,-239.45062832450486,-0.23250583280081438,0.6990676932308604,1465.640723430661,1.4443265140562003,8.662982337591437,707.8223448728095,0.6990676932308604,0.2318840579710145,2,0.5147877915743738,0.5147877915743704,6.120847264783186,7.651059080978983,3.1242531060389096,1.8008292577854363,176.1589680106223,6.37040110385527,365.43870416008025,9,0.017408123791102514,0.5555555555555556,1.0,0.001,2.9669708589688666,-0.00366630343786811,2.1315049258595455,-0.13924807017045462,-1.0,0.0,-2.932848673803659,4,4,58,-30.791320257694906,21,11
True,False,1.5,6.0,-100.54832208703922,50,300,ema_state,168,4,24,0.005,400,329,True,5.66387659656416,16,-955.4417171089771,-1.0,-0.5059651321658033,2018.8528735555556,2.2112266409222787,-0.49112022722616816,-497.8579339298182,-0.5059651321658033,0.20483091787439614,7,9.401232221955244,9.810569807435723,2.1130047363478126,0.38418267933596595,-3.3280574740572684,-70454553742338.62,488.4602995011636,-6.4721531410876345,964.933138280344,13,0.025145067698259187,0.15384615384615385,0.12,0.0,2.337905944843958,-0.09772750467608793,1.1826871502184837,0.08153185858266475,-1.0,0.0,-1.0386671021229412,3,3,59,-35.011729755680044,15,11
True,False,1.5,6.0,-108.3102129429506,30,200,ema_state,168,6,12,0.0025,150,348,False,5.712701735223869,20,-955.4417171089771,-1.0,-0.5547902708255126,1731.3255426100359,1.8938632396341681,-0.535231156472393,-542.0929079214366,-0.5547902708255126,0.25217391304347825,7,9.401232221955244,9.810569807435723,1.8120681896209918,0.3294669435674531,-3.9876216678500582,-77253349028790.17,487.5584224171643,-7.047207802978679,961.9751553763091,13,0.025145067698259187,0.15384615384615385,0.12,0.002,2.430168957723915,-0.24341054154628414,0.8496673371829665,0.025968351631009957,-1.0,0.0,-1.0,3,3,60,-35.48034451843979,17,11
True,False,2.0,12.0,,20,80,sma_slope_state,168,6,18,0.0025,200,131,True,,,,,,,,,,,,,,,,,,,,,,,,,1.0,0.0005,3.0479027877463603,0.5570658018637193,1.9199425763568478,0.6020343167676779,-1.0000000000000002,0.0,-1.6769707160117977,3,3,61,-36.05975096116857,15,11
True,False,6.0,24.0,,50,400,sma_state,120,6,24,0.01,300,377,False,,,,,,,,,,,,,,,,,,,,,,,,,0.12,0.0005,1.0,-0.14123145412946794,1.4184853134455422,0.055572284193405236,-1.0,0.0,-1.0,3,3,62,-36.09514301773076,18,11
True,True,4.0,8.0,,30,150,sma_slope_state,72,1,36,0.0025,50,127,False,,,,,,,,,,,,,,,,,,,,,,,,,0.12,0.001,3.0817576831717552,-0.11902918879422461,1.354118057233549,-0.6940439690701936,-0.7231539995251567,0.0,-3.045236314574402,2,2,63,-38.1221141039622,67,11
True,False,3.0,8.0,,10,400,ema_state,120,6,18,0.0025,150,391,True,,,,,,,,,,,,,,,,,,,,,,,,,0.2,0.0,1.039048276079261,-0.2525278094823544,1.2548201661526877,0.2905131960653195,-1.0,0.0,-1.0,3,3,64,-38.27808783586477,17,11
True,False,2.5,8.0,,50,150,ema_state,168,3,18,0.01,200,47,True,,,,,,,,,,,,,,,,,,,,,,,,,0.2,0.002,1.0,0.29624453079333657,3.654052074717313,0.7961006449811446,-1.0,0.0,-1.0,4,4,65,-38.55625483904871,15,11
True,False,1.5,4.0,,50,150,sma_state,120,3,48,0.0,150,285,True,,,,,,,,,,,,,,,,,,,,,,,,,1.0,0.003,5.408036575856891,-0.02830086020092668,2.2406984932997345,-0.5009119095690548,-1.0,0.0,-5.289033733635166,4,4,66,-38.57841767228027,30,11
True,True,2.5,8.0,,30,200,sma_slope_state,48,2,36,0.001,400,181,False,,,,,,,,,,,,,,,,,,,,,,,,,0.2,0.003,2.5872820483105285,-0.2665123816707087,2.000536258959427,-0.05901709707570659,-1.0,0.0,-2.5622413683819905,3,3,67,-38.749917638313775,28,11
True,False,2.0,12.0,,80,130,sma_state,72,1,48,0.0,400,203,False,,,,,,,,,,,,,,,,,,,,,,,,,0.2,0.001,2.618486808595565,0.39175129760452204,2.867472496882374,0.7212564367808135,-1.0,0.0,-2.5927420644034136,4,4,68,-41.93737648050249,22,11
True,False,4.0,6.0,,80,100,ema_state,168,1,18,0.02,400,84,True,,,,,,,,,,,,,,,,,,,,,,,,,0.2,0.0005,1.0000000000000002,-0.010920914907673414,3.644460872411763,0.26089465515052807,-1.0000000000000002,0.0,-1.0,4,4,69,-42.06048525809182,15,11
True,False,5.0,12.0,,30,400,sma_state,72,4,6,0.0,400,266,False,,,,,,,,,,,,,,,,,,,,,,,,,0.12,0.003,1.4574504521393048,-0.05813065837857156,1.9397819342427025,0.004998878292753959,-0.7287252260696524,0.0,-1.4528759476179112,2,2,70,-44.25493336478779,17,11
True,False,3.0,12.0,,10,100,sma_state,48,6,36,0.02,400,72,True,,,,,,,,,,,,,,,,,,,,,,,,,0.12,0.0,1.7143180826678592,-0.10433298490432868,1.1747560206491428,0.0355269250873217,-1.0,0.0,-1.7071749018411793,3,3,71,-45.58018116358422,16,11
True,True,3.0,4.0,,100,300,sma_slope_state,48,2,12,0.02,150,2,True,,,,,,,,,,,,,,,,,,,,,,,,,0.12,0.0,3.229708510598983,-0.2711279298643114,2.1144772017479068,-0.7296232577237639,-1.0,0.0,-2.8283812859053143,3,3,72,-46.902066743172504,30,11
True,True,2.0,16.0,,50,150,sma_state,72,2,6,0.0025,100,365,True,,,,,,,,,,,,,,,,,,,,,,,,,0.12,0.001,5.393969594121769,-0.19167634934566874,1.3163493314567178,-0.8167596511118173,-1.0,0.0,-5.27705489456038,3,3,73,-47.579847220373935,55,11
True,False,1.5,4.0,,50,300,sma_slope_state,48,3,12,0.001,150,185,True,,,,,,,,,,,,,,,,,,,,,,,,,0.12,0.002,3.0,-0.26764689781708884,2.08662500252199,-0.32510025728951136,-1.0,0.0,-2.9406831399902877,3,3,74,-49.23831475866598,23,11
True,False,3.0,6.0,,20,300,sma_state,168,6,24,0.005,200,351,False,,,,,,,,,,,,,,,,,,,,,,,,,0.12,0.003,2.605587687310072,-0.32704270367833915,2.016422811692961,-0.2892160526043114,-1.0,0.0,-1.676881171592031,3,3,75,-49.356078621948555,23,11
True,True,6.0,6.0,,100,150,sma_slope_state,72,4,48,0.02,100,142,True,,,,,,,,,,,,,,,,,,,,,,,,,0.08,0.0005,1.4291858179241057,-0.1372119427563829,0.9399940447378551,-0.46351087524158757,-0.41377727530580277,0.0,-1.4221123362346406,1,1,76,-52.00862345878694,22,11
True,False,2.0,12.0,,80,200,sma_slope_state,48,1,36,0.02,400,308,False,,,,,,,,,,,,,,,,,,,,,,,,,0.2,0.0005,1.5018530599531883,-0.12116604116529771,2.727272727272727,0.26788475658647337,-1.0,0.0,-1.4933857420447456,3,3,77,-54.197630966699535,16,11
True,False,2.0,24.0,,100,200,sma_slope_state,72,4,36,0.0025,50,77,False,,,,,,,,,,,,,,,,,,,,,,,,,0.2,0.003,2.0,-0.2762877883469935,2.010381371092812,-0.3189107296368152,-1.0,0.0,-1.7477744858644875,3,3,78,-55.282692906469755,29,11
False,True,2.5,4.0,,30,200,sma_state,48,2,12,0.02,400,134,False,,,,,,,,,,,,,,,,,,,,,,,,,0.2,0.001,2.8803020394960255,0.12208399460030352,2.7675654719403187,-0.04343307022992202,-0.9999999999999999,0.0,-2.8479581379108567,3,3,79,-56.095735233646806,17,11
True,True,2.5,8.0,,50,80,sma_state,72,3,48,0.001,400,188,True,,,,,,,,,,,,,,,,,,,,,,,,,0.08,0.001,4.0,-0.26504653807718004,1.368985836836821,-0.6321143600449894,-1.0,0.0,-3.9403990000000046,3,3,80,-58.17249128150354,25,11
True,True,3.0,8.0,,20,400,ema_state,120,6,24,0.0,400,290,False,,,,,,,,,,,,,,,,,,,,,,,,,0.12,0.0,3.0,-0.3970105130772637,0.7149343783910805,-0.7145097784822124,-1.0,0.0,-2.7227296763575866,3,3,81,-58.2575834965182,34,11
False,True,5.0,12.0,,100,400,ema_state,168,6,36,0.005,300,76,False,,,,,,,,,,,,,,,,,,,,,,,,,0.12,0.001,1.1797609384184766,-0.1656590931123185,0.8534792529325277,-0.04310293661328217,-0.9999999999999999,0.0,-1.0,2,2,82,-60.163097864365355,18,11
True,False,3.0,6.0,,50,100,sma_slope_state,168,4,18,0.005,100,277,False,,,,,,,,,,,,,,,,,,,,,,,,,0.08,0.001,1.7603867280510173,-0.09303761863693306,2.0966451066879936,-0.14871019308309105,-1.0,0.0,-1.7527828607705014,3,3,83,-61.98070122175798,16,11
True,False,2.5,16.0,,100,200,ema_state,48,3,6,0.001,300,193,False,,,,,,,,,,,,,,,,,,,,,,,,,0.12,0.001,2.1401654812207163,-0.1929522984977406,1.858377900614954,-0.16726799338796064,-1.0,0.0,-2.1273761881444226,2,2,84,-62.758948268608954,16,11
True,True,6.0,12.0,,20,150,ema_state,72,4,48,0.001,150,96,False,,,,,,,,,,,,,,,,,,,,,,,,,0.08,0.001,3.1619691610364153,-0.2029863842797629,1.0293666641836803,-0.6856502938075136,-0.6479431740672577,0.0,-2.8706348823481673,1,1,85,-63.15803465726498,28,11
True,True,4.0,4.0,,100,150,ema_state,168,6,48,0.01,200,394,False,,,,,,,,,,,,,,,,,,,,,,,,,1.0,0.0005,2.0,0.4720291860660156,3.6632049885094675,0.19203974210892377,-1.0000000000000002,0.0,-1.9900000000000002,4,4,86,-67.83056875984092,16,11
True,True,3.0,4.0,,30,300,sma_state,72,6,24,0.02,300,240,True,,,,,,,,,,,,,,,,,,,,,,,,,0.08,0.0005,3.0,-0.26565556760563,0.5380244955554039,-0.5941859499519302,-1.0,0.0,-2.9701000000000057,2,2,87,-74.27291736083555,25,11
True,True,1.5,4.0,,100,300,ema_state,120,3,18,0.01,400,42,False,,,,,,,,,,,,,,,,,,,,,,,,,1.0,0.003,2.0,0.49752990187334506,2.727272727272727,0.26240969152532007,-1.0000000000000002,0.0,-1.9900000000000002,3,3,88,-74.77610899551522,16,11
True,True,4.0,8.0,,100,200,sma_slope_state,120,6,36,0.001,200,194,False,,,,,,,,,,,,,,,,,,,,,,,,,0.08,0.0,3.0,-0.2049434726876272,1.9894618014869112,-0.6246220638768613,-1.0,0.0,-2.9701000000000057,2,2,89,-74.96943024976815,23,11
True,False,3.0,12.0,,10,80,sma_slope_state,48,2,24,0.005,400,265,False,,,,,,,,,,,,,,,,,,,,,,,,,1.0,0.002,3.031290067829845,-0.1346522980140533,1.2336732395015468,-0.48964969215142295,-0.8571590413339296,0.0,-2.995449892304823,2,2,90,-75.39606674495249,17,11
True,False,2.5,24.0,,100,150,sma_state,48,6,24,0.0,150,43,True,,,,,,,,,,,,,,,,,,,,,,,,,0.08,0.0005,2.3605462996516473,-0.28780578198077716,1.1632873768798258,-0.32295703100735745,-1.0,0.0,-2.021161822976108,2,2,91,-76.08663540166212,16,11
True,False,6.0,16.0,,20,100,sma_slope_state,120,1,12,0.0,400,140,False,,,,,,,,,,,,,,,,,,,,,,,,,0.12,0.0,1.2815472597907367,-0.16914290655155695,0.17640209389885797,-0.29873400663351907,-0.5997656969953001,0.0,-1.1975360800506896,0,0,92,-76.64114828674896,21,11
True,False,2.5,12.0,,10,300,sma_slope_state,168,6,12,0.0025,150,200,False,,,,,,,,,,,,,,,,,,,,,,,,,1.0,0.0,3.72891442817894,0.34491607268164587,1.3692770808779307,-0.08339855446084798,-1.0000000000000002,0.0,-3.6761186433610713,2,2,93,-76.91939963561386,22,11
True,True,4.0,12.0,,10,300,ema_state,168,6,36,0.02,200,270,False,,,,,,,,,,,,,,,,,,,,,,,,,0.08,0.003,3.0446296014462195,-0.3008834606773345,0.542429149888992,-0.6639684099661193,-1.0,0.0,-3.0134040576536645,2,2,94,-79.79438849242706,24,11
True,False,5.0,8.0,,80,200,ema_state,120,1,12,0.0,80,332,False,,,,,,,,,,,,,,,,,,,,,,,,,0.12,0.003,1.0,-0.19558862523592283,0.4489738963269579,-0.22979272509049042,-1.0,0.0,-1.0,1,1,95,-81.02040706126007,17,11
True,True,2.0,6.0,,30,300,ema_state,48,6,48,0.005,100,320,False,,,,,,,,,,,,,,,,,,,,,,,,,0.08,0.003,3.0,-0.3854894904909534,0.7007043817854494,-0.6573137426503011,-1.0,0.0,-2.9701000000000057,2,2,96,-83.52720990827422,23,11
True,True,2.5,4.0,,10,400,sma_slope_state,48,4,18,0.01,400,289,True,,,,,,,,,,,,,,,,,,,,,,,,,1.0,0.002,1.7305591841710926,-0.12735216006420133,1.8664208124949904,-0.3732503117713151,-0.9999999999999999,0.0,-1.7221006885417154,2,2,97,-87.64763679838849,16,11
True,True,1.5,6.0,,80,100,ema_state,168,4,6,0.0,200,334,False,,,,,,,,,,,,,,,,,,,,,,,,,0.2,0.0,2.0,-0.4876703155580056,1.1022697548240374,-0.3819887245774419,-1.0000000000000002,0.0,-1.9900000000000002,1,1,98,-94.37655788322999,27,11
True,True,2.5,6.0,,10,80,sma_slope_state,48,2,24,0.001,400,81,True,,,,,,,,,,,,,,,,,,,,,,,,,0.12,0.0,3.0,-0.49119371118991123,0.48292819165962036,-0.9219972784330022,-1.0,0.0,-2.521474196847601,1,1,99,-96.52501387454421,32,11
True,False,4.0,6.0,,20,100,sma_state,72,3,36,0.005,150,141,True,,,,,,,,,,,,,,,,,,,,,,,,,0.08,0.001,2.0,-0.2735209871303395,0.9866569195188475,-0.44412373453871584,-1.0000000000000002,0.0,-1.0704067889587021,1,1,100,-97.25590863197804,16,11
True,False,3.0,12.0,,50,100,sma_slope_state,48,2,24,0.0,400,242,False,,,,,,,,,,,,,,,,,,,,,,,,,0.12,0.0005,2.0,-0.363537738909495,0.15739752214421893,-0.5941923663039554,-1.0,0.0,-1.7071749018411793,1,1,101,-98.70221154881915,16,11
True,True,4.0,16.0,,80,200,sma_slope_state,120,6,24,0.005,400,78,True,,,,,,,,,,,,,,,,,,,,,,,,,0.08,0.001,2.0,-0.3571008609452176,0.21882319262360161,-0.5625440788481951,-1.0,0.0,-1.9900000000000002,1,1,102,-104.1923801780669,15,11
True,True,3.0,4.0,,30,150,ema_state,72,4,48,0.005,150,345,False,,,,,,,,,,,,,,,,,,,,,,,,,0.08,0.0,3.1082577059277314,-0.39381665097803703,1.003300461917959,-1.0246236938968438,-1.0,0.0,-3.075142343803978,1,1,103,-104.54394605882915,25,11
True,True,4.0,4.0,,50,150,ema_state,120,1,24,0.02,100,182,False,,,,,,,,,,,,,,,,,,,,,,,,,0.08,0.0005,3.1364299714125803,-0.339000711108247,0.2635270544884511,-0.9265046121356982,-1.0,0.0,-3.102477864831657,1,1,104,-104.86546526018545,24,11
True,False,4.0,12.0,,10,200,sma_slope_state,120,3,18,0.0,400,390,False,,,,,,,,,,,,,,,,,,,,,,,,,0.12,0.002,2.0,-0.2932887920165613,0.13837963403142753,-0.4903682195571429,-1.0,0.0,-1.9900000000000002,0,0,105,-112.1027383565536,15,11
True,False,3.0,16.0,,50,200,ema_state,120,3,48,0.0,50,264,False,,,,,,,,,,,,,,,,,,,,,,,,,0.2,0.0005,,,,,,,,,,106,-999986,,
True,False,3.0,16.0,,10,100,sma_slope_state,48,2,6,0.01,200,319,True,,,,,,,,,,,,,,,,,,,,,,,,,0.2,0.002,,,,,,,,,,107,-999986,,
True,False,3.0,8.0,,100,400,sma_slope_state,48,6,36,0.02,300,339,False,,,,,,,,,,,,,,,,,,,,,,,,,0.2,0.0,,,,,,,,,,108,-999986,,
True,True,6.0,24.0,,100,400,sma_state,120,3,24,0.005,300,9,False,,,,,,,,,,,,,,,,,,,,,,,,,0.05,0.001,,,,,,,,,,109,-999987,,
False,True,5.0,24.0,,80,150,sma_state,168,6,18,0.01,400,18,True,,,,,,,,,,,,,,,,,,,,,,,,,0.08,0.001,,,,,,,,,,110,-999987,,
True,False,2.0,6.0,,30,300,sma_state,168,1,12,0.02,300,46,False,,,,,,,,,,,,,,,,,,,,,,,,,0.08,0.001,,,,,,,,,,111,-999987,,
True,False,6.0,16.0,,50,100,sma_state,168,2,6,0.005,300,51,False,,,,,,,,,,,,,,,,,,,,,,,,,0.08,0.001,,,,,,,,,,112,-999987,,
True,False,4.0,12.0,,50,300,sma_state,120,6,48,0.0025,300,55,False,,,,,,,,,,,,,,,,,,,,,,,,,0.08,0.0,,,,,,,,,,113,-999987,,
True,False,3.0,4.0,,80,200,sma_slope_state,72,6,24,0.01,100,67,True,,,,,,,,,,,,,,,,,,,,,,,,,0.08,0.001,,,,,,,,,,114,-999987,,
True,False,2.5,6.0,,10,200,ema_state,120,1,48,0.01,80,138,False,,,,,,,,,,,,,,,,,,,,,,,,,0.08,0.0005,,,,,,,,,,115,-999987,,
True,False,5.0,4.0,,80,130,sma_state,168,4,48,0.01,300,143,False,,,,,,,,,,,,,,,,,,,,,,,,,0.08,0.002,,,,,,,,,,116,-999987,,
True,False,3.0,6.0,,100,150,ema_state,48,4,36,0.0025,50,393,True,,,,,,,,,,,,,,,,,,,,,,,,,0.2,0.0,,,,,,,,,,117,-999987,,
True,True,2.5,16.0,,30,150,sma_slope_state,120,6,6,0.01,150,12,False,,,,,,,,,,,,,,,,,,,,,,,,,0.08,0.002,,,,,,,,,,118,-999988,,
True,True,5.0,12.0,,10,200,sma_slope_state,120,1,48,0.0,300,110,False,,,,,,,,,,,,,,,,,,,,,,,,,0.05,0.0,,,,,,,,,,119,-999988,,
True,False,2.0,6.0,,10,400,sma_state,48,2,36,0.0,400,341,False,,,,,,,,,,,,,,,,,,,,,,,,,0.08,0.003,,,,,,,,,,120,-999988,,
True,False,5.0,24.0,,50,80,ema_state,168,6,6,0.005,200,366,False,,,,,,,,,,,,,,,,,,,,,,,,,1.0,0.0,,,,,,,,,,121,-999988,,
True,True,1.5,16.0,,10,200,ema_state,120,1,24,0.001,80,373,False,,,,,,,,,,,,,,,,,,,,,,,,,0.05,0.002,,,,,,,,,,122,-999988,,
True,False,6.0,24.0,,10,100,sma_state,72,3,12,0.0025,400,376,False,,,,,,,,,,,,,,,,,,,,,,,,,0.08,0.002,,,,,,,,,,123,-999988,,
True,False,4.0,8.0,,80,150,ema_state,48,4,48,0.0,100,98,False,,,,,,,,,,,,,,,,,,,,,,,,,0.08,0.0,,,,,,,,,,124,-999989,,
True,False,2.0,8.0,,50,100,ema_state,120,3,24,0.02,200,139,True,,,,,,,,,,,,,,,,,,,,,,,,,1.0,0.001,,,,,,,,,,125,-999989,,
True,True,2.5,24.0,,80,200,ema_state,72,3,36,0.0025,150,172,False,,,,,,,,,,,,,,,,,,,,,,,,,0.05,0.0005,,,,,,,,,,126,-999989,,
True,False,2.0,8.0,,80,100,sma_slope_state,48,6,48,0.0,300,328,False,,,,,,,,,,,,,,,,,,,,,,,,,0.12,0.0005,,,,,,,,,,127,-999989,,
True,False,5.0,24.0,,30,150,sma_state,120,1,12,0.0025,50,362,True,,,,,,,,,,,,,,,,,,,,,,,,,0.05,0.002,,,,,,,,,,128,-999989,,
True,False,1.5,6.0,,50,400,ema_state,48,2,12,0.001,300,27,False,,,,,,,,,,,,,,,,,,,,,,,,,0.08,0.003,,,,,,,,,,129,-999990,,
False,True,1.5,24.0,,80,200,ema_state,72,6,36,0.02,200,80,True,,,,,,,,,,,,,,,,,,,,,,,,,0.2,0.0005,,,,,,,,,,130,-999990,,
False,True,2.0,12.0,,80,100,ema_state,48,2,24,0.02,300,279,False,,,,,,,,,,,,,,,,,,,,,,,,,1.0,0.002,,,,,,,,,,131,-999990,,
True,False,2.0,24.0,,100,400,sma_slope_state,48,1,48,0.0,400,303,True,,,,,,,,,,,,,,,,,,,,,,,,,0.08,0.001,,,,,,,,,,132,-999990,,
True,False,4.0,8.0,,30,150,ema_state,120,2,48,0.001,400,313,False,,,,,,,,,,,,,,,,,,,,,,,,,1.0,0.0005,,,,,,,,,,133,-999990,,
True,False,2.0,6.0,,20,200,ema_state,48,3,6,0.0025,400,385,False,,,,,,,,,,,,,,,,,,,,,,,,,1.0,0.002,,,,,,,,,,134,-999990,,
True,False,3.0,6.0,,10,150,sma_state,48,2,18,0.001,100,11,True,,,,,,,,,,,,,,,,,,,,,,,,,0.05,0.001,,,,,,,,,,135,-999991,,
True,False,2.0,8.0,,10,400,sma_state,120,4,48,0.0,50,107,False,,,,,,,,,,,,,,,,,,,,,,,,,0.05,0.003,,,,,,,,,,136,-999991,,
False,True,2.5,24.0,,100,400,ema_state,168,3,6,0.001,100,145,True,,,,,,,,,,,,,,,,,,,,,,,,,0.2,0.0005,,,,,,,,,,137,-999991,,
True,False,2.5,12.0,,10,100,sma_slope_state,120,2,48,0.0,300,225,False,,,,,,,,,,,,,,,,,,,,,,,,,0.08,0.0,,,,,,,,,,138,-999991,,
True,False,6.0,6.0,,30,400,ema_state,168,4,18,0.0025,200,208,False,,,,,,,,,,,,,,,,,,,,,,,,,1.0,0.003,,,,,,,,,,139,-999992,,
True,False,2.5,24.0,,30,150,sma_state,72,4,36,0.02,200,62,False,,,,,,,,,,,,,,,,,,,,,,,,,0.05,0.001,,,,,,,,,,140,-999993,,
True,False,1.5,24.0,,100,150,ema_state,168,1,24,0.001,50,75,False,,,,,,,,,,,,,,,,,,,,,,,,,1.0,0.003,,,,,,,,,,141,-999993,,
True,False,2.5,12.0,,20,80,sma_slope_state,120,4,12,0.01,400,204,False,,,,,,,,,,,,,,,,,,,,,,,,,1.0,0.001,,,,,,,,,,142,-999993,,
True,False,4.0,8.0,,30,80,sma_state,168,1,24,0.0,300,226,False,,,,,,,,,,,,,,,,,,,,,,,,,0.05,0.003,,,,,,,,,,143,-999993,,
True,False,6.0,8.0,,50,300,sma_slope_state,48,1,6,0.001,200,236,True,,,,,,,,,,,,,,,,,,,,,,,,,0.05,0.001,,,,,,,,,,144,-999993,,
True,False,1.5,6.0,,20,100,ema_state,72,4,48,0.0,200,370,True,,,,,,,,,,,,,,,,,,,,,,,,,0.05,0.001,,,,,,,,,,145,-999993,,
True,False,5.0,8.0,,30,100,ema_state,48,3,6,0.02,200,1,False,,,,,,,,,,,,,,,,,,,,,,,,,0.05,0.001,,,,,,,,,,146,-999994,,
True,True,6.0,24.0,,30,150,sma_slope_state,168,3,18,0.005,400,6,False,,,,,,,,,,,,,,,,,,,,,,,,,0.04,0.0,,,,,,,,,,147,-999994,,
True,False,3.0,24.0,,50,300,ema_state,48,6,24,0.0025,150,8,False,,,,,,,,,,,,,,,,,,,,,,,,,0.05,0.002,,,,,,,,,,148,-999994,,
True,False,2.0,16.0,,20,150,sma_slope_state,168,4,18,0.02,400,14,False,,,,,,,,,,,,,,,,,,,,,,,,,0.08,0.002,,,,,,,,,,149,-999994,,
True,False,1.5,6.0,,10,400,ema_state,72,1,12,0.0,80,24,True,,,,,,,,,,,,,,,,,,,,,,,,,0.05,0.0005,,,,,,,,,,150,-999994,,
True,False,5.0,6.0,,10,400,ema_state,48,6,18,0.01,150,58,True,,,,,,,,,,,,,,,,,,,,,,,,,0.05,0.0005,,,,,,,,,,151,-999994,,
True,False,5.0,16.0,,100,300,ema_state,72,3,18,0.02,80,189,False,,,,,,,,,,,,,,,,,,,,,,,,,0.05,0.002,,,,,,,,,,152,-999994,,
True,True,1.5,16.0,,80,130,ema_state,48,3,18,0.005,400,209,False,,,,,,,,,,,,,,,,,,,,,,,,,0.04,0.001,,,,,,,,,,153,-999994,,
True,True,5.0,6.0,,80,150,ema_state,72,3,36,0.0,300,219,True,,,,,,,,,,,,,,,,,,,,,,,,,0.04,0.002,,,,,,,,,,154,-999994,,
True,False,2.0,24.0,,20,80,ema_state,120,6,36,0.02,80,272,False,,,,,,,,,,,,,,,,,,,,,,,,,0.05,0.0005,,,,,,,,,,155,-999994,,
True,True,4.0,4.0,,20,300,ema_state,48,1,6,0.0,150,300,True,,,,,,,,,,,,,,,,,,,,,,,,,0.04,0.0,,,,,,,,,,156,-999994,,
True,False,1.5,8.0,,80,400,ema_state,168,6,48,0.02,200,311,True,,,,,,,,,,,,,,,,,,,,,,,,,0.05,0.002,,,,,,,,,,157,-999994,,
True,False,5.0,12.0,,20,200,sma_state,168,2,36,0.0025,400,316,True,,,,,,,,,,,,,,,,,,,,,,,,,0.05,0.003,,,,,,,,,,158,-999994,,
True,False,4.0,8.0,,20,100,sma_slope_state,120,4,48,0.001,400,330,False,,,,,,,,,,,,,,,,,,,,,,,,,0.05,0.003,,,,,,,,,,159,-999994,,
True,True,2.0,4.0,,20,400,ema_state,168,2,12,0.005,80,346,True,,,,,,,,,,,,,,,,,,,,,,,,,0.04,0.003,,,,,,,,,,160,-999994,,
True,False,1.5,12.0,,30,100,ema_state,48,3,12,0.0025,100,352,True,,,,,,,,,,,,,,,,,,,,,,,,,0.05,0.002,,,,,,,,,,161,-999994,,
True,False,4.0,4.0,,20,400,sma_state,72,4,12,0.0025,150,364,False,,,,,,,,,,,,,,,,,,,,,,,,,0.05,0.0,,,,,,,,,,162,-999994,,
True,False,6.0,8.0,,80,400,sma_slope_state,120,2,48,0.01,80,136,False,,,,,,,,,,,,,,,,,,,,,,,,,0.05,0.001,,,,,,,,,,163,-999995,,
True,False,1.5,4.0,,30,150,sma_slope_state,48,3,18,0.005,150,147,True,,,,,,,,,,,,,,,,,,,,,,,,,0.05,0.0005,,,,,,,,,,164,-999995,,
True,False,3.0,12.0,,100,200,sma_slope_state,168,4,36,0.0025,80,177,False,,,,,,,,,,,,,,,,,,,,,,,,,0.05,0.0005,,,,,,,,,,165,-999995,,
True,False,2.5,4.0,,10,200,sma_slope_state,168,2,6,0.005,80,183,False,,,,,,,,,,,,,,,,,,,,,,,,,0.05,0.0,,,,,,,,,,166,-999995,,
True,False,2.5,24.0,,100,200,sma_slope_state,168,6,24,0.0,80,201,False,,,,,,,,,,,,,,,,,,,,,,,,,0.05,0.0005,,,,,,,,,,167,-999995,,
True,False,2.5,16.0,,80,100,sma_slope_state,120,6,18,0.0025,150,256,True,,,,,,,,,,,,,,,,,,,,,,,,,0.05,0.0,,,,,,,,,,168,-999995,,
True,False,5.0,24.0,,10,80,sma_slope_state,168,3,48,0.0,80,293,True,,,,,,,,,,,,,,,,,,,,,,,,,0.05,0.003,,,,,,,,,,169,-999995,,
True,True,5.0,16.0,,80,400,sma_slope_state,120,1,24,0.01,150,399,False,,,,,,,,,,,,,,,,,,,,,,,,,0.04,0.001,,,,,,,,,,170,-999995,,
False,True,1.5,12.0,,100,150,sma_slope_state,120,6,12,0.005,200,4,False,,,,,,,,,,,,,,,,,,,,,,,,,0.05,0.0,,,,,,,,,,171,-999996,,
True,False,2.5,16.0,,20,200,sma_state,72,3,18,0.001,400,39,False,,,,,,,,,,,,,,,,,,,,,,,,,0.04,0.0005,,,,,,,,,,172,-999996,,
True,False,1.5,4.0,,10,80,sma_slope_state,72,6,48,0.0025,50,56,False,,,,,,,,,,,,,,,,,,,,,,,,,0.05,0.0005,,,,,,,,,,173,-999996,,
True,False,6.0,4.0,,50,300,sma_state,168,4,24,0.0,400,94,False,,,,,,,,,,,,,,,,,,,,,,,,,0.04,0.002,,,,,,,,,,174,-999996,,
True,False,6.0,24.0,,10,150,sma_slope_state,72,2,24,0.01,200,158,True,,,,,,,,,,,,,,,,,,,,,,,,,0.05,0.0005,,,,,,,,,,175,-999996,,
True,False,2.5,6.0,,30,200,ema_state,72,2,12,0.0,300,223,False,,,,,,,,,,,,,,,,,,,,,,,,,0.04,0.003,,,,,,,,,,176,-999996,,
True,False,6.0,6.0,,20,150,ema_state,168,4,48,0.02,400,229,False,,,,,,,,,,,,,,,,,,,,,,,,,0.04,0.0005,,,,,,,,,,177,-999996,,
True,False,3.0,24.0,,50,400,sma_slope_state,48,6,6,0.01,50,245,True,,,,,,,,,,,,,,,,,,,,,,,,,0.05,0.003,,,,,,,,,,178,-999996,,
False,True,5.0,4.0,,30,80,sma_slope_state,48,6,48,0.02,200,281,False,,,,,,,,,,,,,,,,,,,,,,,,,0.05,0.0005,,,,,,,,,,179,-999996,,
True,True,4.0,8.0,,50,400,sma_slope_state,120,3,18,0.01,150,299,False,,,,,,,,,,,,,,,,,,,,,,,,,0.04,0.0005,,,,,,,,,,180,-999996,,
True,False,2.0,16.0,,10,80,sma_state,120,2,36,0.001,300,396,False,,,,,,,,,,,,,,,,,,,,,,,,,0.04,0.003,,,,,,,,,,181,-999996,,
True,False,2.0,12.0,,20,80,sma_state,168,6,24,0.0025,300,57,False,,,,,,,,,,,,,,,,,,,,,,,,,0.04,0.002,,,,,,,,,,182,-999997,,
True,False,5.0,16.0,,50,150,ema_state,168,6,48,0.005,100,109,True,,,,,,,,,,,,,,,,,,,,,,,,,0.04,0.002,,,,,,,,,,183,-999997,,
True,False,6.0,4.0,,80,300,sma_state,72,2,48,0.02,50,205,False,,,,,,,,,,,,,,,,,,,,,,,,,0.04,0.003,,,,,,,,,,184,-999997,,
True,False,2.0,12.0,,100,200,sma_slope_state,72,2,12,0.01,400,215,False,,,,,,,,,,,,,,,,,,,,,,,,,0.04,0.0005,,,,,,,,,,185,-999997,,
False,True,1.5,12.0,,20,100,sma_state,168,6,36,0.0025,200,249,False,,,,,,,,,,,,,,,,,,,,,,,,,0.04,0.001,,,,,,,,,,186,-999997,,
True,False,4.0,12.0,,10,100,ema_state,72,6,12,0.02,150,286,False,,,,,,,,,,,,,,,,,,,,,,,,,0.04,0.002,,,,,,,,,,187,-999997,,
True,True,1.5,4.0,,50,400,sma_slope_state,120,6,24,0.005,80,335,True,,,,,,,,,,,,,,,,,,,,,,,,,0.04,0.0,,,,,,,,,,188,-999997,,
True,False,1.5,6.0,,80,300,ema_state,120,6,48,0.02,50,372,False,,,,,,,,,,,,,,,,,,,,,,,,,0.04,0.0005,,,,,,,,,,189,-999997,,
True,False,6.0,24.0,,100,150,ema_state,48,6,18,0.0,100,397,True,,,,,,,,,,,,,,,,,,,,,,,,,0.04,0.001,,,,,,,,,,190,-999997,,
True,True,1.5,12.0,,10,300,sma_slope_state,168,6,12,0.01,50,180,False,,,,,,,,,,,,,,,,,,,,,,,,,0.04,0.003,,,,,,,,,,191,-999998,,
False,True,2.0,24.0,,50,80,sma_state,540,1,12,0.02,400,0,False,,,,,,,,,,,,,,,,,,,,,,,,,0.05,0.003,,,,,,,,,,192,-1000000,,
True,False,1.5,12.0,,100,400,sma_state,240,6,6,0.005,150,3,False,,,,,,,,,,,,,,,,,,,,,,,,,1.0,0.0005,,,,,,,,,,193,-1000000,,
True,False,4.0,12.0,,30,200,sma_slope_state,360,4,6,0.001,50,5,False,,,,,,,,,,,,,,,,,,,,,,,,,0.08,0.0005,,,,,,,,,,194,-1000000,,
True,True,1.5,8.0,,30,80,sma_slope_state,720,1,6,0.02,50,7,False,,,,,,,,,,,,,,,,,,,,,,,,,0.04,0.002,,,,,,,,,,195,-1000000,,
True,True,2.5,4.0,,10,400,sma_slope_state,540,1,6,0.0,50,10,False,,,,,,,,,,,,,,,,,,,,,,,,,0.2,0.0005,,,,,,,,,,196,-1000000,,
True,False,1.5,24.0,,10,300,sma_slope_state,240,1,24,0.001,150,13,False,,,,,,,,,,,,,,,,,,,,,,,,,0.04,0.002,,,,,,,,,,197,-1000000,,
True,False,5.0,4.0,,80,150,sma_state,720,3,48,0.005,400,15,True,,,,,,,,,,,,,,,,,,,,,,,,,0.05,0.001,,,,,,,,,,198,-1000000,,
True,True,4.0,6.0,,10,150,sma_state,720,3,18,0.02,50,16,True,,,,,,,,,,,,,,,,,,,,,,,,,0.08,0.003,,,,,,,,,,199,-1000000,,
True,False,4.0,4.0,,100,300,sma_state,240,3,24,0.001,400,17,True,,,,,,,,,,,,,,,,,,,,,,,,,0.2,0.0005,,,,,,,,,,200,-1000000,,
True,True,5.0,16.0,,10,300,sma_state,720,1,6,0.01,200,19,True,,,,,,,,,,,,,,,,,,,,,,,,,0.05,0.003,,,,,,,,,,201,-1000000,,
True,True,1.5,12.0,,50,80,ema_state,360,1,48,0.01,80,20,False,,,,,,,,,,,,,,,,,,,,,,,,,0.2,0.003,,,,,,,,,,202,-1000000,,
True,False,4.0,24.0,,100,150,sma_state,360,4,36,0.01,300,21,False,,,,,,,,,,,,,,,,,,,,,,,,,1.0,0.003,,,,,,,,,,203,-1000000,,
True,False,2.5,6.0,,80,200,ema_state,240,4,18,0.02,50,26,True,,,,,,,,,,,,,,,,,,,,,,,,,0.12,0.0005,,,,,,,,,,204,-1000000,,
True,True,2.0,8.0,,10,150,sma_state,240,2,12,0.02,50,30,True,,,,,,,,,,,,,,,,,,,,,,,,,0.05,0.002,,,,,,,,,,205,-1000000,,
True,False,6.0,24.0,,100,150,ema_state,720,4,48,0.01,100,31,True,,,,,,,,,,,,,,,,,,,,,,,,,0.12,0.0,,,,,,,,,,206,-1000000,,
True,False,5.0,4.0,,10,150,ema_state,720,1,24,0.005,80,32,False,,,,,,,,,,,,,,,,,,,,,,,,,0.08,0.0005,,,,,,,,,,207,-1000000,,
True,True,6.0,12.0,,20,150,sma_slope_state,360,2,12,0.0025,300,35,True,,,,,,,,,,,,,,,,,,,,,,,,,0.2,0.002,,,,,,,,,,208,-1000000,,
True,False,2.0,4.0,,100,150,sma_slope_state,720,3,24,0.01,200,36,False,,,,,,,,,,,,,,,,,,,,,,,,,0.12,0.002,,,,,,,,,,209,-1000000,,
True,False,2.0,6.0,,30,400,ema_state,720,6,36,0.001,200,37,True,,,,,,,,,,,,,,,,,,,,,,,,,0.08,0.002,,,,,,,,,,210,-1000000,,
False,True,5.0,24.0,,30,80,ema_state,240,4,6,0.02,50,38,True,,,,,,,,,,,,,,,,,,,,,,,,,0.04,0.0005,,,,,,,,,,211,-1000000,,
True,False,1.5,16.0,,10,150,sma_slope_state,240,1,24,0.0,400,40,False,,,,,,,,,,,,,,,,,,,,,,,,,0.2,0.003,,,,,,,,,,212,-1000000,,
True,False,5.0,8.0,,80,400,sma_slope_state,540,2,18,0.0,300,41,False,,,,,,,,,,,,,,,,,,,,,,,,,0.05,0.0,,,,,,,,,,213,-1000000,,
True,False,6.0,24.0,,50,300,ema_state,360,4,12,0.01,400,44,True,,,,,,,,,,,,,,,,,,,,,,,,,1.0,0.003,,,,,,,,,,214,-1000000,,
True,False,2.5,8.0,,10,300,ema_state,240,6,48,0.005,80,45,False,,,,,,,,,,,,,,,,,,,,,,,,,1.0,0.0005,,,,,,,,,,215,-1000000,,
True,False,2.0,12.0,,100,150,sma_slope_state,720,4,6,0.0025,100,48,True,,,,,,,,,,,,,,,,,,,,,,,,,0.12,0.0005,,,,,,,,,,216,-1000000,,
True,False,4.0,24.0,,10,300,sma_slope_state,48,6,6,0.01,200,50,False,,,,,,,,,,,,,,,,,,,,,,,,,0.04,0.002,,,,,,,,,,217,-1000000,,
False,True,2.5,24.0,,20,300,ema_state,240,4,6,0.02,50,53,False,,,,,,,,,,,,,,,,,,,,,,,,,0.05,0.0005,,,,,,,,,,218,-1000000,,
True,True,2.0,8.0,,30,80,sma_state,720,6,36,0.0,300,59,False,,,,,,,,,,,,,,,,,,,,,,,,,0.2,0.002,,,,,,,,,,219,-1000000,,
True,False,2.0,16.0,,50,150,sma_state,360,1,18,0.005,300,60,True,,,,,,,,,,,,,,,,,,,,,,,,,0.08,0.001,,,,,,,,,,220,-1000000,,
True,False,6.0,8.0,,50,80,sma_state,240,3,48,0.0,200,61,False,,,,,,,,,,,,,,,,,,,,,,,,,0.2,0.001,,,,,,,,,,221,-1000000,,
True,True,4.0,8.0,,50,80,sma_slope_state,720,3,12,0.02,100,63,True,,,,,,,,,,,,,,,,,,,,,,,,,0.04,0.003,,,,,,,,,,222,-1000000,,
True,False,4.0,24.0,,20,400,sma_state,720,4,24,0.0025,150,64,True,,,,,,,,,,,,,,,,,,,,,,,,,0.12,0.001,,,,,,,,,,223,-1000000,,
True,True,3.0,4.0,,80,300,sma_state,540,6,36,0.001,80,65,True,,,,,,,,,,,,,,,,,,,,,,,,,0.12,0.003,,,,,,,,,,224,-1000000,,
True,False,1.5,4.0,,30,400,ema_state,720,3,6,0.0025,200,66,False,,,,,,,,,,,,,,,,,,,,,,,,,1.0,0.0,,,,,,,,,,225,-1000000,,
True,False,2.0,6.0,,50,200,sma_slope_state,360,3,48,0.001,300,68,True,,,,,,,,,,,,,,,,,,,,,,,,,0.2,0.001,,,,,,,,,,226,-1000000,,
True,False,6.0,6.0,,10,200,sma_slope_state,360,2,48,0.001,100,69,True,,,,,,,,,,,,,,,,,,,,,,,,,0.04,0.003,,,,,,,,,,227,-1000000,,
True,False,3.0,8.0,,80,130,sma_slope_state,360,4,6,0.02,50,71,True,,,,,,,,,,,,,,,,,,,,,,,,,0.05,0.003,,,,,,,,,,228,-1000000,,
True,False,1.5,6.0,,100,150,sma_state,360,3,12,0.02,80,73,True,,,,,,,,,,,,,,,,,,,,,,,,,0.04,0.001,,,,,,,,,,229,-1000000,,
True,True,2.5,8.0,,50,200,sma_slope_state,720,1,48,0.02,300,74,True,,,,,,,,,,,,,,,,,,,,,,,,,0.08,0.003,,,,,,,,,,230,-1000000,,
False,True,6.0,4.0,,20,100,ema_state,240,4,6,0.0025,200,79,False,,,,,,,,,,,,,,,,,,,,,,,,,0.2,0.0005,,,,,,,,,,231,-1000000,,
True,True,3.0,8.0,,10,150,sma_state,540,3,18,0.02,100,82,True,,,,,,,,,,,,,,,,,,,,,,,,,0.2,0.002,,,,,,,,,,232,-1000000,,
True,True,4.0,4.0,,80,150,ema_state,360,1,48,0.0025,300,83,True,,,,,,,,,,,,,,,,,,,,,,,,,0.04,0.003,,,,,,,,,,233,-1000000,,
True,True,3.0,8.0,,50,400,ema_state,360,4,18,0.001,50,85,False,,,,,,,,,,,,,,,,,,,,,,,,,0.05,0.0005,,,,,,,,,,234,-1000000,,
True,True,1.5,4.0,,30,80,sma_state,240,3,24,0.0025,100,86,False,,,,,,,,,,,,,,,,,,,,,,,,,1.0,0.0,,,,,,,,,,235,-1000000,,
True,False,2.5,4.0,,20,100,ema_state,240,1,48,0.0,50,87,True,,,,,,,,,,,,,,,,,,,,,,,,,0.08,0.0,,,,,,,,,,236,-1000000,,
False,True,6.0,8.0,,80,100,ema_state,540,3,12,0.001,200,88,False,,,,,,,,,,,,,,,,,,,,,,,,,0.04,0.002,,,,,,,,,,237,-1000000,,
True,True,3.0,16.0,,30,100,sma_slope_state,720,1,36,0.005,200,89,False,,,,,,,,,,,,,,,,,,,,,,,,,0.12,0.001,,,,,,,,,,238,-1000000,,
True,False,5.0,24.0,,30,400,sma_slope_state,360,6,48,0.0025,200,91,False,,,,,,,,,,,,,,,,,,,,,,,,,0.12,0.001,,,,,,,,,,239,-1000000,,
True,False,1.5,4.0,,20,400,sma_state,540,3,6,0.001,200,92,False,,,,,,,,,,,,,,,,,,,,,,,,,1.0,0.0005,,,,,,,,,,240,-1000000,,
True,True,6.0,8.0,,80,300,ema_state,540,4,24,0.0,100,95,True,,,,,,,,,,,,,,,,,,,,,,,,,0.08,0.0005,,,,,,,,,,241,-1000000,,
True,False,2.5,12.0,,80,130,ema_state,720,6,12,0.0,150,99,False,,,,,,,,,,,,,,,,,,,,,,,,,0.2,0.001,,,,,,,,,,242,-1000000,,
True,False,3.0,16.0,,30,300,ema_state,360,6,18,0.0025,80,101,True,,,,,,,,,,,,,,,,,,,,,,,,,0.04,0.0,,,,,,,,,,243,-1000000,,
True,False,3.0,4.0,,100,400,ema_state,720,2,24,0.001,150,102,False,,,,,,,,,,,,,,,,,,,,,,,,,0.05,0.003,,,,,,,,,,244,-1000000,,
True,True,2.0,6.0,,20,100,sma_state,360,3,24,0.01,80,104,False,,,,,,,,,,,,,,,,,,,,,,,,,0.08,0.002,,,,,,,,,,245,-1000000,,
True,True,3.0,4.0,,100,300,sma_state,540,4,24,0.005,300,106,True,,,,,,,,,,,,,,,,,,,,,,,,,1.0,0.002,,,,,,,,,,246,-1000000,,
True,False,6.0,12.0,,50,150,ema_state,540,2,12,0.005,150,108,True,,,,,,,,,,,,,,,,,,,,,,,,,0.12,0.001,,,,,,,,,,247,-1000000,,
True,True,6.0,6.0,,100,150,ema_state,240,6,48,0.0,300,111,True,,,,,,,,,,,,,,,,,,,,,,,,,0.12,0.0,,,,,,,,,,248,-1000000,,
True,False,1.5,12.0,,100,150,ema_state,240,2,6,0.01,200,113,True,,,,,,,,,,,,,,,,,,,,,,,,,0.05,0.0005,,,,,,,,,,249,-1000000,,
True,False,2.5,12.0,,20,150,sma_slope_state,240,2,24,0.02,50,115,True,,,,,,,,,,,,,,,,,,,,,,,,,0.05,0.002,,,,,,,,,,250,-1000000,,
True,False,6.0,16.0,,10,100,sma_state,540,3,12,0.02,200,116,False,,,,,,,,,,,,,,,,,,,,,,,,,0.05,0.0005,,,,,,,,,,251,-1000000,,
True,False,4.0,4.0,,20,80,ema_state,540,4,12,0.0,200,117,False,,,,,,,,,,,,,,,,,,,,,,,,,0.08,0.002,,,,,,,,,,252,-1000000,,
True,True,2.5,12.0,,30,100,ema_state,360,3,18,0.0025,100,119,True,,,,,,,,,,,,,,,,,,,,,,,,,0.08,0.002,,,,,,,,,,253,-1000000,,
True,False,4.0,24.0,,80,150,sma_state,240,6,48,0.005,50,121,True,,,,,,,,,,,,,,,,,,,,,,,,,0.2,0.0,,,,,,,,,,254,-1000000,,
True,False,2.5,8.0,,100,150,ema_state,240,3,12,0.02,50,124,False,,,,,,,,,,,,,,,,,,,,,,,,,0.05,0.003,,,,,,,,,,255,-1000000,,
True,True,2.0,12.0,,20,80,sma_state,720,2,24,0.001,300,125,True,,,,,,,,,,,,,,,,,,,,,,,,,0.05,0.001,,,,,,,,,,256,-1000000,,
True,False,4.0,16.0,,10,100,sma_state,720,3,24,0.005,400,126,False,,,,,,,,,,,,,,,,,,,,,,,,,1.0,0.001,,,,,,,,,,257,-1000000,,
True,False,1.5,8.0,,80,400,ema_state,540,4,12,0.001,100,128,False,,,,,,,,,,,,,,,,,,,,,,,,,0.12,0.003,,,,,,,,,,258,-1000000,,
True,False,4.0,16.0,,20,200,ema_state,360,6,48,0.01,100,129,True,,,,,,,,,,,,,,,,,,,,,,,,,0.04,0.001,,,,,,,,,,259,-1000000,,
True,False,3.0,16.0,,50,80,sma_state,240,6,6,0.0025,50,130,True,,,,,,,,,,,,,,,,,,,,,,,,,0.12,0.0005,,,,,,,,,,260,-1000000,,
True,False,6.0,6.0,,10,150,sma_slope_state,240,6,36,0.005,300,132,False,,,,,,,,,,,,,,,,,,,,,,,,,0.12,0.002,,,,,,,,,,261,-1000000,,
True,False,2.0,16.0,,50,80,sma_slope_state,540,1,48,0.001,400,133,True,,,,,,,,,,,,,,,,,,,,,,,,,0.05,0.003,,,,,,,,,,262,-1000000,,
True,False,6.0,6.0,,20,100,ema_state,540,1,6,0.02,200,144,True,,,,,,,,,,,,,,,,,,,,,,,,,1.0,0.003,,,,,,,,,,263,-1000000,,
True,False,5.0,6.0,,30,300,ema_state,540,3,48,0.0,400,146,False,,,,,,,,,,,,,,,,,,,,,,,,,0.2,0.0005,,,,,,,,,,264,-1000000,,
True,False,6.0,8.0,,20,150,ema_state,720,6,36,0.005,80,148,False,,,,,,,,,,,,,,,,,,,,,,,,,0.2,0.001,,,,,,,,,,265,-1000000,,
True,False,5.0,4.0,,80,150,ema_state,720,3,18,0.02,400,149,False,,,,,,,,,,,,,,,,,,,,,,,,,0.05,0.0,,,,,,,,,,266,-1000000,,
True,False,3.0,12.0,,10,150,ema_state,360,1,48,0.005,150,150,True,,,,,,,,,,,,,,,,,,,,,,,,,0.12,0.0005,,,,,,,,,,267,-1000000,,
True,False,1.5,4.0,,20,100,ema_state,240,6,48,0.01,200,151,True,,,,,,,,,,,,,,,,,,,,,,,,,0.04,0.0005,,,,,,,,,,268,-1000000,,
True,False,5.0,8.0,,100,300,ema_state,720,3,6,0.0,200,152,True,,,,,,,,,,,,,,,,,,,,,,,,,1.0,0.0005,,,,,,,,,,269,-1000000,,
True,False,3.0,12.0,,30,80,ema_state,720,2,24,0.02,80,154,True,,,,,,,,,,,,,,,,,,,,,,,,,1.0,0.003,,,,,,,,,,270,-1000000,,
True,False,2.0,12.0,,80,130,sma_state,540,3,36,0.005,100,155,False,,,,,,,,,,,,,,,,,,,,,,,,,1.0,0.003,,,,,,,,,,271,-1000000,,
True,True,5.0,12.0,,20,400,ema_state,360,2,24,0.0,400,156,False,,,,,,,,,,,,,,,,,,,,,,,,,0.08,0.0005,,,,,,,,,,272,-1000000,,
False,True,5.0,6.0,,80,200,sma_state,540,3,6,0.01,200,157,False,,,,,,,,,,,,,,,,,,,,,,,,,1.0,0.0,,,,,,,,,,273,-1000000,,
True,False,1.5,4.0,,20,400,ema_state,720,6,12,0.001,200,159,True,,,,,,,,,,,,,,,,,,,,,,,,,0.08,0.0,,,,,,,,,,274,-1000000,,
True,False,2.5,6.0,,20,150,ema_state,540,6,48,0.0025,400,160,True,,,,,,,,,,,,,,,,,,,,,,,,,1.0,0.0005,,,,,,,,,,275,-1000000,,
True,True,5.0,16.0,,30,100,ema_state,360,6,18,0.02,80,162,False,,,,,,,,,,,,,,,,,,,,,,,,,0.12,0.0005,,,,,,,,,,276,-1000000,,
True,False,3.0,12.0,,10,100,sma_slope_state,360,2,48,0.02,200,163,False,,,,,,,,,,,,,,,,,,,,,,,,,0.08,0.002,,,,,,,,,,277,-1000000,,
True,True,1.5,4.0,,80,130,sma_state,240,2,6,0.005,150,164,False,,,,,,,,,,,,,,,,,,,,,,,,,0.12,0.002,,,,,,,,,,278,-1000000,,
True,True,2.0,24.0,,20,300,sma_slope_state,540,1,18,0.01,400,165,False,,,,,,,,,,,,,,,,,,,,,,,,,0.08,0.0005,,,,,,,,,,279,-1000000,,
True,False,4.0,8.0,,10,300,ema_state,360,4,12,0.02,50,166,False,,,,,,,,,,,,,,,,,,,,,,,,,0.04,0.0,,,,,,,,,,280,-1000000,,
True,False,2.0,24.0,,10,200,sma_slope_state,240,1,48,0.005,200,169,False,,,,,,,,,,,,,,,,,,,,,,,,,0.12,0.0,,,,,,,,,,281,-1000000,,
True,True,2.0,4.0,,50,400,sma_slope_state,720,1,48,0.0,200,170,False,,,,,,,,,,,,,,,,,,,,,,,,,0.05,0.001,,,,,,,,,,282,-1000000,,
True,False,2.0,12.0,,50,100,ema_state,540,4,6,0.005,50,171,False,,,,,,,,,,,,,,,,,,,,,,,,,0.12,0.001,,,,,,,,,,283,-1000000,,
True,False,5.0,12.0,,30,300,sma_state,720,1,24,0.005,50,173,False,,,,,,,,,,,,,,,,,,,,,,,,,0.12,0.002,,,,,,,,,,284,-1000000,,
False,True,6.0,8.0,,80,300,ema_state,360,1,12,0.0025,80,174,False,,,,,,,,,,,,,,,,,,,,,,,,,1.0,0.002,,,,,,,,,,285,-1000000,,
False,True,5.0,4.0,,50,80,sma_state,240,1,18,0.001,50,175,False,,,,,,,,,,,,,,,,,,,,,,,,,0.08,0.001,,,,,,,,,,286,-1000000,,
True,False,5.0,12.0,,10,200,ema_state,540,2,12,0.0,100,178,True,,,,,,,,,,,,,,,,,,,,,,,,,0.04,0.0,,,,,,,,,,287,-1000000,,
True,True,2.5,24.0,,10,150,ema_state,360,3,36,0.005,300,179,False,,,,,,,,,,,,,,,,,,,,,,,,,1.0,0.0,,,,,,,,,,288,-1000000,,
True,True,3.0,12.0,,20,400,sma_state,360,4,18,0.001,150,184,False,,,,,,,,,,,,,,,,,,,,,,,,,0.12,0.002,,,,,,,,,,289,-1000000,,
True,True,4.0,8.0,,80,200,sma_state,540,4,48,0.0,100,186,False,,,,,,,,,,,,,,,,,,,,,,,,,0.08,0.003,,,,,,,,,,290,-1000000,,
True,False,2.0,6.0,,30,200,sma_slope_state,240,2,12,0.005,400,187,False,,,,,,,,,,,,,,,,,,,,,,,,,0.05,0.001,,,,,,,,,,291,-1000000,,
True,False,6.0,16.0,,20,80,ema_state,540,6,18,0.005,100,190,False,,,,,,,,,,,,,,,,,,,,,,,,,0.05,0.003,,,,,,,,,,292,-1000000,,
True,False,4.0,8.0,,100,150,ema_state,720,2,6,0.0,400,191,False,,,,,,,,,,,,,,,,,,,,,,,,,0.04,0.002,,,,,,,,,,293,-1000000,,
True,False,4.0,24.0,,80,100,ema_state,540,4,24,0.0,200,192,False,,,,,,,,,,,,,,,,,,,,,,,,,0.04,0.001,,,,,,,,,,294,-1000000,,
True,False,4.0,24.0,,50,80,sma_slope_state,360,1,48,0.01,80,195,False,,,,,,,,,,,,,,,,,,,,,,,,,0.04,0.0005,,,,,,,,,,295,-1000000,,
True,False,2.5,4.0,,80,150,sma_slope_state,720,2,12,0.005,300,196,False,,,,,,,,,,,,,,,,,,,,,,,,,0.12,0.0005,,,,,,,,,,296,-1000000,,
True,False,2.5,4.0,,80,150,sma_state,720,1,18,0.0025,400,197,False,,,,,,,,,,,,,,,,,,,,,,,,,0.04,0.0,,,,,,,,,,297,-1000000,,
True,False,6.0,4.0,,80,400,sma_state,540,4,36,0.001,50,198,False,,,,,,,,,,,,,,,,,,,,,,,,,0.12,0.0,,,,,,,,,,298,-1000000,,
True,False,2.5,24.0,,30,150,sma_state,240,3,48,0.001,300,199,False,,,,,,,,,,,,,,,,,,,,,,,,,0.04,0.001,,,,,,,,,,299,-1000000,,
True,True,6.0,12.0,,10,80,ema_state,240,4,12,0.001,80,206,False,,,,,,,,,,,,,,,,,,,,,,,,,0.04,0.0005,,,,,,,,,,300,-1000000,,
True,False,1.5,16.0,,50,150,sma_state,540,6,18,0.01,80,210,True,,,,,,,,,,,,,,,,,,,,,,,,,0.12,0.0005,,,,,,,,,,301,-1000000,,
True,False,4.0,6.0,,100,200,sma_state,240,2,36,0.01,50,212,False,,,,,,,,,,,,,,,,,,,,,,,,,0.2,0.001,,,,,,,,,,302,-1000000,,
True,False,4.0,4.0,,100,150,sma_state,240,3,6,0.01,150,213,False,,,,,,,,,,,,,,,,,,,,,,,,,0.12,0.002,,,,,,,,,,303,-1000000,,
True,False,2.0,6.0,,10,400,sma_slope_state,360,3,12,0.02,100,214,False,,,,,,,,,,,,,,,,,,,,,,,,,0.04,0.002,,,,,,,,,,304,-1000000,,
True,True,5.0,16.0,,10,150,sma_slope_state,360,6,12,0.01,300,216,False,,,,,,,,,,,,,,,,,,,,,,,,,0.05,0.001,,,,,,,,,,305,-1000000,,
True,False,1.5,4.0,,100,300,sma_slope_state,540,4,12,0.0,50,217,False,,,,,,,,,,,,,,,,,,,,,,,,,0.04,0.003,,,,,,,,,,306,-1000000,,
False,True,1.5,24.0,,10,300,sma_state,240,2,18,0.0025,150,218,True,,,,,,,,,,,,,,,,,,,,,,,,,0.2,0.003,,,,,,,,,,307,-1000000,,
True,False,5.0,12.0,,20,400,ema_state,540,6,18,0.001,150,220,False,,,,,,,,,,,,,,,,,,,,,,,,,0.08,0.001,,,,,,,,,,308,-1000000,,
True,True,5.0,4.0,,30,80,sma_slope_state,240,6,24,0.01,300,221,True,,,,,,,,,,,,,,,,,,,,,,,,,0.08,0.002,,,,,,,,,,309,-1000000,,
True,False,4.0,16.0,,10,200,ema_state,240,4,48,0.005,150,222,False,,,,,,,,,,,,,,,,,,,,,,,,,0.2,0.001,,,,,,,,,,310,-1000000,,
True,False,6.0,6.0,,80,130,sma_slope_state,240,6,36,0.02,150,224,True,,,,,,,,,,,,,,,,,,,,,,,,,1.0,0.003,,,,,,,,,,311,-1000000,,
False,True,6.0,4.0,,50,80,sma_state,540,1,12,0.02,50,227,True,,,,,,,,,,,,,,,,,,,,,,,,,1.0,0.003,,,,,,,,,,312,-1000000,,
True,True,2.0,8.0,,80,130,ema_state,360,3,36,0.01,100,228,False,,,,,,,,,,,,,,,,,,,,,,,,,0.08,0.001,,,,,,,,,,313,-1000000,,
True,False,1.5,6.0,,100,150,sma_slope_state,720,6,18,0.01,100,230,True,,,,,,,,,,,,,,,,,,,,,,,,,0.08,0.0,,,,,,,,,,314,-1000000,,
True,False,2.0,4.0,,10,150,sma_slope_state,360,1,18,0.01,80,231,False,,,,,,,,,,,,,,,,,,,,,,,,,0.08,0.003,,,,,,,,,,315,-1000000,,
False,True,6.0,16.0,,100,400,sma_slope_state,720,6,48,0.005,300,232,False,,,,,,,,,,,,,,,,,,,,,,,,,1.0,0.001,,,,,,,,,,316,-1000000,,
True,False,3.0,16.0,,80,130,sma_state,240,3,12,0.0025,80,234,False,,,,,,,,,,,,,,,,,,,,,,,,,0.2,0.0005,,,,,,,,,,317,-1000000,,
True,True,5.0,16.0,,100,150,sma_slope_state,540,4,6,0.005,80,238,False,,,,,,,,,,,,,,,,,,,,,,,,,0.05,0.001,,,,,,,,,,318,-1000000,,
True,False,5.0,24.0,,10,80,sma_state,540,2,36,0.005,80,241,False,,,,,,,,,,,,,,,,,,,,,,,,,1.0,0.002,,,,,,,,,,319,-1000000,,
True,True,1.5,8.0,,20,100,ema_state,720,6,12,0.0,400,243,False,,,,,,,,,,,,,,,,,,,,,,,,,0.2,0.0005,,,,,,,,,,320,-1000000,,
True,False,4.0,8.0,,100,150,ema_state,540,6,48,0.01,150,244,False,,,,,,,,,,,,,,,,,,,,,,,,,0.2,0.0,,,,,,,,,,321,-1000000,,
True,False,4.0,8.0,,20,100,sma_slope_state,720,3,6,0.001,80,246,True,,,,,,,,,,,,,,,,,,,,,,,,,1.0,0.0005,,,,,,,,,,322,-1000000,,
True,False,2.0,8.0,,100,400,ema_state,360,6,24,0.01,150,247,False,,,,,,,,,,,,,,,,,,,,,,,,,0.04,0.001,,,,,,,,,,323,-1000000,,
True,False,5.0,16.0,,30,100,sma_state,360,1,12,0.0,50,248,True,,,,,,,,,,,,,,,,,,,,,,,,,0.12,0.0,,,,,,,,,,324,-1000000,,
True,False,5.0,24.0,,100,150,sma_slope_state,240,3,18,0.005,300,250,True,,,,,,,,,,,,,,,,,,,,,,,,,0.05,0.0,,,,,,,,,,325,-1000000,,
True,False,4.0,8.0,,20,300,sma_state,720,6,36,0.005,50,252,True,,,,,,,,,,,,,,,,,,,,,,,,,0.2,0.001,,,,,,,,,,326,-1000000,,
True,False,2.0,4.0,,100,150,sma_slope_state,720,3,48,0.001,200,253,False,,,,,,,,,,,,,,,,,,,,,,,,,0.04,0.003,,,,,,,,,,327,-1000000,,
True,False,1.5,12.0,,30,200,sma_slope_state,540,1,18,0.001,80,254,False,,,,,,,,,,,,,,,,,,,,,,,,,0.08,0.0005,,,,,,,,,,328,-1000000,,
True,False,2.5,24.0,,30,200,sma_slope_state,720,2,48,0.001,300,255,False,,,,,,,,,,,,,,,,,,,,,,,,,0.12,0.0005,,,,,,,,,,329,-1000000,,
True,False,3.0,16.0,,80,130,ema_state,540,4,24,0.0,80,257,True,,,,,,,,,,,,,,,,,,,,,,,,,0.05,0.001,,,,,,,,,,330,-1000000,,
True,False,2.5,24.0,,20,100,ema_state,360,1,12,0.02,400,258,False,,,,,,,,,,,,,,,,,,,,,,,,,0.12,0.001,,,,,,,,,,331,-1000000,,
True,False,2.0,24.0,,50,300,ema_state,240,4,24,0.02,200,260,True,,,,,,,,,,,,,,,,,,,,,,,,,0.12,0.0,,,,,,,,,,332,-1000000,,
True,False,1.5,12.0,,50,400,sma_state,720,4,18,0.02,80,261,False,,,,,,,,,,,,,,,,,,,,,,,,,0.05,0.003,,,,,,,,,,333,-1000000,,
True,False,2.0,16.0,,10,200,ema_state,360,4,48,0.0025,200,263,False,,,,,,,,,,,,,,,,,,,,,,,,,1.0,0.0005,,,,,,,,,,334,-1000000,,
True,False,3.0,8.0,,20,300,ema_state,240,3,6,0.005,400,268,False,,,,,,,,,,,,,,,,,,,,,,,,,0.04,0.0005,,,,,,,,,,335,-1000000,,
True,False,1.5,4.0,,50,80,sma_slope_state,540,6,18,0.001,300,269,False,,,,,,,,,,,,,,,,,,,,,,,,,0.12,0.002,,,,,,,,,,336,-1000000,,
True,False,5.0,8.0,,10,100,ema_state,540,1,12,0.0025,100,274,True,,,,,,,,,,,,,,,,,,,,,,,,,0.05,0.003,,,,,,,,,,337,-1000000,,
False,True,2.0,8.0,,20,150,ema_state,720,2,18,0.005,200,275,False,,,,,,,,,,,,,,,,,,,,,,,,,0.2,0.003,,,,,,,,,,338,-1000000,,
True,False,1.5,16.0,,80,130,sma_state,540,4,18,0.005,200,276,False,,,,,,,,,,,,,,,,,,,,,,,,,0.05,0.0,,,,,,,,,,339,-1000000,,
True,False,3.0,6.0,,50,400,sma_slope_state,240,6,12,0.0,100,280,True,,,,,,,,,,,,,,,,,,,,,,,,,0.2,0.0005,,,,,,,,,,340,-1000000,,
True,True,5.0,6.0,,80,130,sma_slope_state,720,6,36,0.01,150,282,False,,,,,,,,,,,,,,,,,,,,,,,,,0.2,0.002,,,,,,,,,,341,-1000000,,
True,False,4.0,12.0,,100,150,sma_state,240,3,24,0.005,50,283,False,,,,,,,,,,,,,,,,,,,,,,,,,1.0,0.002,,,,,,,,,,342,-1000000,,
True,False,5.0,6.0,,10,200,sma_slope_state,720,1,12,0.02,50,284,False,,,,,,,,,,,,,,,,,,,,,,,,,0.12,0.0005,,,,,,,,,,343,-1000000,,
True,True,5.0,24.0,,20,200,ema_state,540,2,36,0.01,400,287,False,,,,,,,,,,,,,,,,,,,,,,,,,0.05,0.001,,,,,,,,,,344,-1000000,,
True,False,4.0,24.0,,30,400,sma_state,240,2,18,0.0025,80,291,False,,,,,,,,,,,,,,,,,,,,,,,,,0.05,0.001,,,,,,,,,,345,-1000000,,
True,False,5.0,8.0,,80,130,ema_state,360,2,18,0.0025,100,294,False,,,,,,,,,,,,,,,,,,,,,,,,,0.04,0.0005,,,,,,,,,,346,-1000000,,
True,False,2.5,8.0,,50,200,sma_slope_state,360,6,24,0.02,300,295,False,,,,,,,,,,,,,,,,,,,,,,,,,0.04,0.0,,,,,,,,,,347,-1000000,,
True,False,1.5,24.0,,10,300,sma_slope_state,720,6,6,0.01,150,297,True,,,,,,,,,,,,,,,,,,,,,,,,,1.0,0.001,,,,,,,,,,348,-1000000,,
True,False,2.0,4.0,,20,150,ema_state,720,1,36,0.005,100,298,False,,,,,,,,,,,,,,,,,,,,,,,,,0.2,0.0005,,,,,,,,,,349,-1000000,,
True,False,4.0,16.0,,20,80,ema_state,540,1,6,0.0025,300,301,False,,,,,,,,,,,,,,,,,,,,,,,,,0.05,0.001,,,,,,,,,,350,-1000000,,
True,False,2.0,4.0,,30,100,ema_state,540,1,36,0.001,100,302,True,,,,,,,,,,,,,,,,,,,,,,,,,0.05,0.0005,,,,,,,,,,351,-1000000,,
False,True,2.5,16.0,,30,200,sma_state,540,3,6,0.001,300,305,True,,,,,,,,,,,,,,,,,,,,,,,,,0.04,0.002,,,,,,,,,,352,-1000000,,
True,False,2.0,4.0,,100,400,ema_state,720,2,48,0.0025,300,306,False,,,,,,,,,,,,,,,,,,,,,,,,,0.2,0.0005,,,,,,,,,,353,-1000000,,
False,True,2.0,24.0,,100,150,sma_state,240,4,48,0.0,100,307,True,,,,,,,,,,,,,,,,,,,,,,,,,0.08,0.002,,,,,,,,,,354,-1000000,,
True,False,3.0,4.0,,10,100,sma_slope_state,240,2,24,0.005,50,310,True,,,,,,,,,,,,,,,,,,,,,,,,,0.2,0.002,,,,,,,,,,355,-1000000,,
True,True,1.5,4.0,,80,400,sma_slope_state,540,4,36,0.0,300,312,False,,,,,,,,,,,,,,,,,,,,,,,,,0.08,0.0005,,,,,,,,,,356,-1000000,,
True,True,3.0,24.0,,50,80,sma_state,240,6,36,0.0025,80,314,False,,,,,,,,,,,,,,,,,,,,,,,,,0.2,0.001,,,,,,,,,,357,-1000000,,
True,False,2.0,8.0,,50,300,sma_state,540,2,48,0.01,50,315,True,,,,,,,,,,,,,,,,,,,,,,,,,0.05,0.003,,,,,,,,,,358,-1000000,,
True,False,1.5,16.0,,80,200,sma_slope_state,720,2,18,0.001,400,317,False,,,,,,,,,,,,,,,,,,,,,,,,,0.12,0.002,,,,,,,,,,359,-1000000,,
True,True,6.0,8.0,,80,150,sma_state,360,4,18,0.0,50,321,False,,,,,,,,,,,,,,,,,,,,,,,,,0.05,0.0005,,,,,,,,,,360,-1000000,,
False,True,6.0,6.0,,10,200,sma_state,240,2,48,0.0,200,323,True,,,,,,,,,,,,,,,,,,,,,,,,,1.0,0.0005,,,,,,,,,,361,-1000000,,
True,True,4.0,16.0,,100,150,sma_slope_state,540,1,18,0.005,80,324,True,,,,,,,,,,,,,,,,,,,,,,,,,0.08,0.002,,,,,,,,,,362,-1000000,,
True,False,6.0,16.0,,20,100,sma_state,540,4,12,0.01,200,326,False,,,,,,,,,,,,,,,,,,,,,,,,,1.0,0.001,,,,,,,,,,363,-1000000,,
True,False,6.0,6.0,,30,150,ema_state,720,3,6,0.0,100,327,False,,,,,,,,,,,,,,,,,,,,,,,,,0.2,0.0005,,,,,,,,,,364,-1000000,,
True,False,2.5,16.0,,80,300,ema_state,360,6,12,0.0025,400,331,False,,,,,,,,,,,,,,,,,,,,,,,,,0.2,0.003,,,,,,,,,,365,-1000000,,
True,False,2.0,8.0,,30,150,sma_slope_state,240,1,48,0.001,300,333,False,,,,,,,,,,,,,,,,,,,,,,,,,0.05,0.003,,,,,,,,,,366,-1000000,,
True,False,4.0,4.0,,50,400,sma_state,720,4,12,0.001,50,338,False,,,,,,,,,,,,,,,,,,,,,,,,,0.12,0.001,,,,,,,,,,367,-1000000,,
True,False,1.5,12.0,,50,150,ema_state,240,6,48,0.0,400,340,False,,,,,,,,,,,,,,,,,,,,,,,,,1.0,0.0,,,,,,,,,,368,-1000000,,
True,False,4.0,12.0,,80,300,sma_slope_state,720,3,36,0.01,100,343,False,,,,,,,,,,,,,,,,,,,,,,,,,0.2,0.003,,,,,,,,,,369,-1000000,,
True,True,5.0,12.0,,10,80,sma_slope_state,540,4,18,0.001,50,344,False,,,,,,,,,,,,,,,,,,,,,,,,,0.05,0.003,,,,,,,,,,370,-1000000,,
True,False,6.0,6.0,,100,300,ema_state,720,6,6,0.0025,200,349,False,,,,,,,,,,,,,,,,,,,,,,,,,0.04,0.003,,,,,,,,,,371,-1000000,,
True,True,3.0,16.0,,10,200,sma_state,240,6,12,0.02,400,350,False,,,,,,,,,,,,,,,,,,,,,,,,,0.04,0.0005,,,,,,,,,,372,-1000000,,
True,True,5.0,24.0,,20,80,sma_state,240,4,6,0.01,200,353,False,,,,,,,,,,,,,,,,,,,,,,,,,0.04,0.0005,,,,,,,,,,373,-1000000,,
True,False,1.5,4.0,,10,200,sma_state,540,1,36,0.0,80,354,False,,,,,,,,,,,,,,,,,,,,,,,,,0.2,0.001,,,,,,,,,,374,-1000000,,
True,False,2.5,6.0,,80,130,ema_state,240,1,12,0.001,400,355,False,,,,,,,,,,,,,,,,,,,,,,,,,0.08,0.0,,,,,,,,,,375,-1000000,,
True,True,6.0,16.0,,100,150,sma_state,360,2,18,0.001,100,356,True,,,,,,,,,,,,,,,,,,,,,,,,,1.0,0.0005,,,,,,,,,,376,-1000000,,
True,False,6.0,4.0,,10,80,sma_slope_state,48,6,48,0.02,200,357,False,,,,,,,,,,,,,,,,,,,,,,,,,0.04,0.0,,,,,,,,,,377,-1000000,,
True,False,2.0,4.0,,80,200,sma_state,240,1,36,0.0025,50,358,True,,,,,,,,,,,,,,,,,,,,,,,,,0.05,0.003,,,,,,,,,,378,-1000000,,
True,False,1.5,12.0,,30,300,ema_state,360,4,6,0.001,300,359,True,,,,,,,,,,,,,,,,,,,,,,,,,0.04,0.003,,,,,,,,,,379,-1000000,,
True,False,3.0,16.0,,80,130,sma_state,720,3,36,0.0025,50,360,False,,,,,,,,,,,,,,,,,,,,,,,,,0.08,0.0005,,,,,,,,,,380,-1000000,,
True,False,3.0,4.0,,80,100,sma_state,360,2,48,0.005,80,361,True,,,,,,,,,,,,,,,,,,,,,,,,,0.05,0.003,,,,,,,,,,381,-1000000,,
True,False,1.5,8.0,,30,150,sma_state,540,6,48,0.02,400,363,True,,,,,,,,,,,,,,,,,,,,,,,,,0.04,0.003,,,,,,,,,,382,-1000000,,
True,False,2.0,4.0,,100,150,ema_state,240,1,36,0.01,100,367,True,,,,,,,,,,,,,,,,,,,,,,,,,0.12,0.001,,,,,,,,,,383,-1000000,,
True,True,6.0,24.0,,80,200,sma_state,720,3,24,0.0,200,368,False,,,,,,,,,,,,,,,,,,,,,,,,,0.12,0.0005,,,,,,,,,,384,-1000000,,
True,False,2.0,16.0,,80,100,sma_state,360,3,48,0.02,400,369,False,,,,,,,,,,,,,,,,,,,,,,,,,0.2,0.002,,,,,,,,,,385,-1000000,,
True,False,2.5,8.0,,30,400,sma_slope_state,540,6,24,0.005,100,371,True,,,,,,,,,,,,,,,,,,,,,,,,,1.0,0.001,,,,,,,,,,386,-1000000,,
True,False,2.0,8.0,,20,100,ema_state,360,2,24,0.02,100,374,False,,,,,,,,,,,,,,,,,,,,,,,,,0.08,0.003,,,,,,,,,,387,-1000000,,
True,True,2.0,16.0,,30,100,ema_state,720,3,48,0.005,200,378,False,,,,,,,,,,,,,,,,,,,,,,,,,1.0,0.0005,,,,,,,,,,388,-1000000,,
True,True,6.0,4.0,,100,150,sma_slope_state,720,1,24,0.02,400,379,False,,,,,,,,,,,,,,,,,,,,,,,,,0.12,0.001,,,,,,,,,,389,-1000000,,
True,False,4.0,4.0,,50,200,sma_state,720,1,36,0.001,150,380,False,,,,,,,,,,,,,,,,,,,,,,,,,0.05,0.0,,,,,,,,,,390,-1000000,,
True,False,4.0,16.0,,100,150,sma_state,720,3,6,0.02,150,382,False,,,,,,,,,,,,,,,,,,,,,,,,,0.05,0.003,,,,,,,,,,391,-1000000,,
True,False,3.0,8.0,,80,150,ema_state,360,1,48,0.001,80,383,True,,,,,,,,,,,,,,,,,,,,,,,,,0.12,0.001,,,,,,,,,,392,-1000000,,
True,False,1.5,4.0,,100,150,sma_state,240,4,12,0.0,200,384,True,,,,,,,,,,,,,,,,,,,,,,,,,0.04,0.0005,,,,,,,,,,393,-1000000,,
True,False,2.0,4.0,,30,200,sma_state,540,1,24,0.0,400,386,False,,,,,,,,,,,,,,,,,,,,,,,,,0.12,0.002,,,,,,,,,,394,-1000000,,
True,True,1.5,24.0,,10,80,ema_state,540,2,48,0.001,300,387,False,,,,,,,,,,,,,,,,,,,,,,,,,0.12,0.001,,,,,,,,,,395,-1000000,,
True,False,3.0,12.0,,80,100,sma_state,360,1,48,0.01,300,388,True,,,,,,,,,,,,,,,,,,,,,,,,,0.12,0.001,,,,,,,,,,396,-1000000,,
True,False,1.5,16.0,,80,100,ema_state,240,6,36,0.005,50,389,False,,,,,,,,,,,,,,,,,,,,,,,,,0.12,0.0,,,,,,,,,,397,-1000000,,
True,False,5.0,4.0,,50,200,ema_state,360,3,24,0.0025,200,392,False,,,,,,,,,,,,,,,,,,,,,,,,,0.08,0.001,,,,,,,,,,398,-1000000,,
True,False,3.0,8.0,,30,80,ema_state,360,1,6,0.02,400,395,True,,,,,,,,,,,,,,,,,,,,,,,,,0.2,0.001,,,,,,,,,,399,-1000000,,
True,False,6.0,6.0,,50,80,sma_slope_state,168,3,18,0.005,200,398,False,,,,,,,,,,,,,,,,,,,,,,,,,0.04,0.001,,,,,,,,,,400,-1000000,,
